{
	"credit": "Made with Blockbench",
	"textures": {
		"0": "amr.mists:item/blade.twisted",
		"particle": "amr.mists:item/blade.twisted"
	},
	"elements": [
		{
			"from": [8, 12, 8.5],
			"to": [8.125, 12.5, 9.5],
			"faces": {
				"north": {"uv": [9.25, 7.5, 9.375, 8], "texture": "#0"},
				"east": {"uv": [6.5, 5, 7.5, 5.5], "texture": "#0"},
				"south": {"uv": [8.5, 6.75, 8.625, 7.25], "texture": "#0"},
				"west": {"uv": [6.5, 5, 7.5, 5.5], "texture": "#0"},
				"up": {"uv": [9.25, 8.25, 9.375, 9.25], "texture": "#0"},
				"down": {"uv": [0, 0, 0.125, 1], "texture": "#missing"}
			}
		},
		{
			"from": [8, 11.5, 8],
			"to": [8.125, 12, 9.5],
			"faces": {
				"north": {"uv": [9.25, 7.5, 9.375, 8], "texture": "#0"},
				"east": {"uv": [6.5, 5.5, 8, 6], "texture": "#0"},
				"south": {"uv": [7.5, 7.25, 7.625, 7.75], "texture": "#0"},
				"west": {"uv": [8, 5.5, 6.5, 6], "texture": "#0"},
				"up": {"uv": [9.25, 8.25, 9.375, 9.75], "texture": "#0"},
				"down": {"uv": [8.25, 9, 8.375, 10.5], "texture": "#0"}
			}
		},
		{
			"from": [8, 11, 7.5],
			"to": [8.125, 11.5, 9],
			"faces": {
				"north": {"uv": [9.25, 7.5, 9.375, 8], "texture": "#0"},
				"east": {"uv": [7, 6, 8.5, 6.5], "texture": "#0"},
				"south": {"uv": [7.5, 7.25, 7.625, 7.75], "texture": "#0"},
				"west": {"uv": [8.5, 6, 7, 6.5], "texture": "#0"},
				"up": {"uv": [9.25, 8.25, 9.375, 9.75], "texture": "#0"},
				"down": {"uv": [0, 0, 0.125, 1.5], "texture": "#missing"}
			}
		},
		{
			"from": [8, 6, 8.5],
			"to": [8.125, 8, 9],
			"faces": {
				"north": {"uv": [9.25, 7.5, 9.375, 9.5], "texture": "#0"},
				"east": {"uv": [7, 9.5, 7.5, 11.5], "texture": "#0"},
				"south": {"uv": [7.5, 7.25, 7.625, 9.25], "texture": "#0"},
				"west": {"uv": [7.5, 9.5, 7, 11.5], "texture": "#0"},
				"up": {"uv": [8.25, 9.25, 8.375, 9.75], "texture": "#0"},
				"down": {"uv": [0, 0, 0.125, 0.5], "texture": "#missing"}
			}
		},
		{
			"from": [8, 5.5, 7.5],
			"to": [8.125, 6, 8],
			"faces": {
				"north": {"uv": [9.25, 7.5, 9.375, 8], "texture": "#0"},
				"east": {"uv": [8, 11.5, 8.5, 12], "texture": "#0"},
				"south": {"uv": [0, 0, 0.125, 0.5], "texture": "#missing"},
				"west": {"uv": [8, 11.5, 8.5, 12], "texture": "#0"},
				"up": {"uv": [0, 0, 0.125, 0.5], "texture": "#missing"},
				"down": {"uv": [0, 0, 0.125, 0.5], "texture": "#missing"}
			}
		},
		{
			"from": [8, 6, 6.5],
			"to": [8.125, 10, 8.5],
			"faces": {
				"north": {"uv": [9.25, 7.5, 9.375, 11.5], "texture": "#0"},
				"east": {"uv": [7.5, 7.5, 9.5, 11.5], "texture": "#0"},
				"south": {"uv": [7.5, 7.25, 7.625, 11.25], "texture": "#0"},
				"west": {"uv": [9.5, 7.5, 7.5, 11.5], "texture": "#0"},
				"up": {"uv": [9.25, 8.25, 9.375, 10.25], "texture": "#0"},
				"down": {"uv": [0, 0, 0.125, 2], "texture": "#missing"}
			}
		},
		{
			"from": [8, 10, 7],
			"to": [8.125, 11, 9],
			"faces": {
				"north": {"uv": [9.25, 7.5, 9.375, 8.5], "texture": "#0"},
				"east": {"uv": [7, 6.5, 9, 7.5], "texture": "#0"},
				"south": {"uv": [7.5, 7.25, 7.625, 8.25], "texture": "#0"},
				"west": {"uv": [9, 6.5, 7, 7.5], "texture": "#0"},
				"up": {"uv": [9.25, 8.25, 9.375, 10.25], "texture": "#0"},
				"down": {"uv": [8.25, 9, 8.375, 10.5], "texture": "#0"}
			}
		},
		{
			"from": [7.825, 5.5, 8],
			"to": [8.325, 6, 9.5],
			"faces": {
				"north": {"uv": [8.5, 12, 9, 12.5], "texture": "#0"},
				"east": {"uv": [6.5, 11.5, 8, 12], "texture": "#0"},
				"south": {"uv": [8.5, 12, 9, 12.5], "texture": "#0"},
				"west": {"uv": [8.5, 11.5, 10, 12], "texture": "#0"},
				"up": {"uv": [7.25, 11.5, 7.75, 12], "texture": "#0"},
				"down": {"uv": [7.5, 11.5, 8, 12.5], "texture": "#0"}
			}
		},
		{
			"from": [7.825, 5, 7],
			"to": [8.325, 5.5, 8.5],
			"faces": {
				"north": {"uv": [9, 11.5, 9.5, 12], "texture": "#0"},
				"east": {"uv": [7.5, 12, 9, 12.5], "texture": "#0"},
				"south": {"uv": [7.5, 12, 8, 12.5], "texture": "#0"},
				"west": {"uv": [7.5, 12, 9, 12.5], "texture": "#0"},
				"up": {"uv": [7.25, 11.5, 7.75, 12], "texture": "#0"},
				"down": {"uv": [7.5, 11.5, 8, 12.5], "texture": "#0"}
			}
		},
		{
			"from": [7.825, 5.5, 6],
			"to": [8.325, 6, 7.5],
			"faces": {
				"north": {"uv": [8.5, 12, 9, 12.5], "texture": "#0"},
				"east": {"uv": [8.5, 11.5, 10, 12], "texture": "#0"},
				"south": {"uv": [8.5, 12, 9, 12.5], "texture": "#0"},
				"west": {"uv": [6.5, 11.5, 8, 12], "texture": "#0"},
				"up": {"uv": [7.25, 11.5, 7.75, 12], "texture": "#0"},
				"down": {"uv": [7.5, 11.5, 8, 12.5], "texture": "#0"}
			}
		},
		{
			"from": [7.9, 3, 7.5],
			"to": [8.25, 5, 8],
			"faces": {
				"north": {"uv": [8, 12.5, 8.35, 14.5], "texture": "#0"},
				"east": {"uv": [8, 12.5, 8.5, 14.5], "texture": "#0"},
				"south": {"uv": [8, 12.5, 8.35, 14.5], "texture": "#0"},
				"west": {"uv": [8, 12.5, 8.5, 14.5], "texture": "#0"},
				"up": {"uv": [0, 0, 0.35, 0.5], "texture": "#0"},
				"down": {"uv": [0, 0, 0.35, 0.5], "texture": "#0"}
			}
		},
		{
			"from": [7.85, 2.5, 8],
			"to": [8.3, 3.5, 8.5],
			"faces": {
				"north": {"uv": [7.5, 14, 7.95, 15], "texture": "#0"},
				"east": {"uv": [7.5, 14, 8, 15], "texture": "#0"},
				"south": {"uv": [7.5, 14, 7.95, 15], "texture": "#0"},
				"west": {"uv": [7.5, 14, 8, 15], "texture": "#0"},
				"up": {"uv": [8, 14.5, 8.45, 15], "texture": "#0"},
				"down": {"uv": [8, 14.5, 8.45, 15], "texture": "#0"}
			}
		},
		{
			"from": [7.85, 2.5, 7.5],
			"to": [8.3, 3, 8],
			"faces": {
				"north": {"uv": [8, 14.5, 8.45, 15], "texture": "#0"},
				"east": {"uv": [8, 14.5, 8.5, 15], "texture": "#0"},
				"south": {"uv": [0, 0, 0.45, 0.5], "texture": "#0"},
				"west": {"uv": [8, 14.5, 8.45, 15], "texture": "#0"},
				"up": {"uv": [8, 14.5, 8.45, 15], "texture": "#0"},
				"down": {"uv": [8, 14.5, 8.45, 15], "texture": "#0"}
			}
		}
	],
	"display": {
		"thirdperson_righthand": {
			"translation": [0, 4.5, 1.5],
			"scale": [1.47, 1.47, 1.47]
		},
		"thirdperson_lefthand": {
			"translation": [0, 4.5, 1.5],
			"scale": [1.47, 1.47, 1.47]
		},
		"firstperson_righthand": {
			"translation": [1.5, 2.75, 0],
			"scale": [1.42, 1.42, 1.42]
		},
		"firstperson_lefthand": {
			"translation": [2, 2.75, 0],
			"scale": [1.42, 1.42, 1.42]
		},
		"ground": {
			"rotation": [-48, 0, 0],
			"translation": [0, 6.75, 0],
			"scale": [1.74, 1.74, 1.74]
		},
		"gui": {
			"rotation": [-49.64, -34.62, -57.55],
			"translation": [0.75, 0, 0],
			"scale": [1.77, 1.77, 1.77]
		},
		"fixed": {
			"rotation": [180, -90, 180],
			"scale": [1.79, 1.79, 1.79]
		}
	},
	"groups": [
		{
			"name": "blade",
			"origin": [0, 0, 0],
			"color": 0,
			"nbt": "{}",
			"children": [0, 1, 2, 3, 4, 5, 6]
		},
		{
			"name": "guard",
			"origin": [8, 8, 8],
			"color": 0,
			"nbt": "{}",
			"children": [7, 8, 9]
		},
		{
			"name": "handle",
			"origin": [8, 8, 8],
			"color": 0,
			"nbt": "{}",
			"children": [10, 11, 12]
		}
	]
}