{
	"credit": "Made with Blockbench",
	"textures": {
		"0": "amr.mists:item/knife.birch.earth",
		"particle": "amr.mists:item/knife.birch.earth"
	},
	"elements": [
		{
			"from": [7.5, 12.5, 7.5],
			"to": [7.625, 13, 8],
			"faces": {
				"north": {"uv": [7.25, 7.5, 7.375, 8], "texture": "#0"},
				"east": {"uv": [9, 5, 8.5, 5.5], "texture": "#0"},
				"south": {"uv": [7, 7, 7.125, 11], "texture": "#0"},
				"west": {"uv": [9, 5, 8.5, 5.5], "texture": "#0"},
				"up": {"uv": [7.25, 7.5, 7.375, 8], "texture": "#0"},
				"down": {"uv": [0, 0, 0.125, 0.5], "texture": "#0"}
			}
		},
		{
			"from": [7.5, 12, 7],
			"to": [7.625, 12.5, 8],
			"faces": {
				"north": {"uv": [7.25, 7.5, 7.375, 8], "texture": "#0"},
				"east": {"uv": [9, 5.5, 8, 6], "texture": "#0"},
				"south": {"uv": [7, 7.25, 7.125, 11.25], "texture": "#0"},
				"west": {"uv": [8, 5.5, 9, 6], "texture": "#0"},
				"up": {"uv": [7.25, 7.5, 7.375, 8], "texture": "#0"},
				"down": {"uv": [0, 0, 0.125, 1], "texture": "#0"}
			}
		},
		{
			"from": [7.5, 6.5, 6],
			"to": [7.625, 7, 7.5],
			"faces": {
				"north": {"uv": [7.25, 7.5, 7.375, 8], "texture": "#0"},
				"east": {"uv": [8.5, 11, 7, 11.5], "texture": "#0"},
				"south": {"uv": [0, 0, 0.125, 0.5], "texture": "#0"},
				"west": {"uv": [7, 11, 8.5, 11.5], "texture": "#0"},
				"up": {"uv": [0, 0, 0.125, 1.5], "texture": "#0"},
				"down": {"uv": [0, 0, 0.125, 1.5], "texture": "#0"}
			}
		},
		{
			"from": [7.5, 11, 6.5],
			"to": [7.625, 12, 8],
			"faces": {
				"north": {"uv": [7.25, 7.5, 7.375, 8], "texture": "#0"},
				"east": {"uv": [9, 6, 7.5, 7], "texture": "#0"},
				"south": {"uv": [7, 7.25, 7.125, 11.25], "texture": "#0"},
				"west": {"uv": [7.5, 6, 9, 7], "texture": "#0"},
				"up": {"uv": [7.25, 7.5, 7.375, 8], "texture": "#0"},
				"down": {"uv": [0, 0, 0.125, 1.5], "texture": "#0"}
			}
		},
		{
			"from": [7.5, 7, 6],
			"to": [7.625, 11, 8],
			"faces": {
				"north": {"uv": [7.25, 7.5, 7.375, 8], "texture": "#0"},
				"east": {"uv": [9, 7, 7, 11], "texture": "#0"},
				"south": {"uv": [7.25, 7.25, 7.375, 11.25], "texture": "#0"},
				"west": {"uv": [7, 7, 9, 11], "texture": "#0"},
				"up": {"uv": [7.75, 6.75, 7.875, 7.25], "texture": "#0"},
				"down": {"uv": [0, 0, 0.125, 2], "texture": "#0"}
			}
		},
		{
			"from": [7.325, 6.5, 7.5],
			"to": [7.825, 7, 8],
			"faces": {
				"north": {"uv": [7, 11.5, 7.5, 12], "texture": "#0"},
				"east": {"uv": [9, 11, 8.5, 11.5], "texture": "#0"},
				"south": {"uv": [9, 11, 8.5, 11.5], "texture": "#0"},
				"west": {"uv": [9, 11, 8.5, 11.5], "texture": "#0"},
				"up": {"uv": [7, 11.5, 7.5, 12], "texture": "#0"},
				"down": {"uv": [0, 0, 0.5, 0.5], "texture": "#0"}
			}
		},
		{
			"from": [7.325, 6, 6],
			"to": [7.825, 6.5, 6.5],
			"faces": {
				"north": {"uv": [7, 11.5, 7.5, 12], "texture": "#0"},
				"east": {"uv": [7, 11.5, 7.5, 12], "texture": "#0"},
				"south": {"uv": [0, 0, 0.5, 0.5], "texture": "#0"},
				"west": {"uv": [7, 11.5, 7.5, 12], "texture": "#0"},
				"up": {"uv": [7, 11.5, 7.5, 12], "texture": "#0"},
				"down": {"uv": [7, 11.5, 7.5, 12], "texture": "#0"}
			}
		},
		{
			"from": [7.325, 5.5, 6.5],
			"to": [7.825, 6.5, 8],
			"faces": {
				"north": {"uv": [7, 11.5, 7.5, 12], "texture": "#0"},
				"east": {"uv": [9, 11.5, 7.5, 12.5], "texture": "#0"},
				"south": {"uv": [9, 11.5, 8.5, 12.5], "texture": "#0"},
				"west": {"uv": [9, 11.5, 7.5, 12.5], "texture": "#0"},
				"up": {"uv": [7, 11.5, 7.5, 12], "texture": "#0"},
				"down": {"uv": [8.5, 12.75, 8, 14.5], "texture": "#0"}
			}
		},
		{
			"from": [7.325, 3, 7],
			"to": [7.825, 5.5, 7.5],
			"faces": {
				"north": {"uv": [8, 12.75, 8.5, 15], "texture": "#0"},
				"east": {"uv": [8, 12.75, 8.5, 15], "texture": "#0"},
				"south": {"uv": [8, 12.75, 8.5, 15], "texture": "#0"},
				"west": {"uv": [8, 12.75, 8.5, 15], "texture": "#0"},
				"up": {"uv": [7, 11.5, 7.5, 12], "texture": "#0"},
				"down": {"uv": [7, 11.5, 7.5, 12], "texture": "#0"}
			}
		},
		{
			"from": [7.325, 2.5, 6.5],
			"to": [7.825, 3, 8],
			"faces": {
				"north": {"uv": [7.5, 15, 8, 15.5], "texture": "#0"},
				"east": {"uv": [7, 11.5, 7.5, 12], "texture": "#0"},
				"south": {"uv": [7.5, 15, 8, 15.5], "texture": "#0"},
				"west": {"uv": [7, 11.5, 7.5, 12], "texture": "#0"},
				"up": {"uv": [7, 11.5, 7.5, 12], "texture": "#0"},
				"down": {"uv": [7, 11.5, 7.5, 12], "texture": "#0"}
			}
		}
	],
	"display": {
		"thirdperson_righthand": {
			"translation": [0.25, 2.25, 2]
		},
		"thirdperson_lefthand": {
			"translation": [-0.25, 2.25, 2]
		},
		"firstperson_righthand": {
			"translation": [3.75, 1.75, 0]
		},
		"firstperson_lefthand": {
			"translation": [3.75, 1.75, 0]
		},
		"ground": {
			"rotation": [-45, 0, 0],
			"translation": [0, 3.75, 0],
			"scale": [1.36, 1.36, 1.36]
		},
		"gui": {
			"rotation": [-38, -36, -40],
			"translation": [0.5, 1, 0],
			"scale": [1.31, 1.31, 1.31]
		},
		"fixed": {
			"rotation": [0, 90, 0],
			"translation": [1.5, 0, 0],
			"scale": [1.34, 1.34, 1.34]
		}
	},
	"groups": [
		{
			"name": "blade",
			"origin": [0, 0, 0],
			"color": 0,
			"nbt": "{}",
			"children": [0, 1, 2, 3, 4]
		},
		{
			"name": "guard",
			"origin": [0, 0, 0],
			"color": 0,
			"nbt": "{}",
			"children": [5, 6, 7]
		},
		{
			"name": "handle",
			"origin": [8, 8, 8],
			"color": 0,
			"nbt": "{}",
			"children": [8, 9]
		}
	]
}