{
	"credit": "Made with Blockbench",
	"textures": {
		"0": "amr.mists:item/mallet",
		"particle": "amr.mists:item/mallet"
	},
	"elements": [
		{
			"name": "reference",
			"from": [5.5, 0, 16],
			"to": [21.5, 16, 16],
			"faces": {
				"north": {"uv": [0, 0, 16, 16], "texture": "#0"},
				"east": {"uv": [0, 0, 0, 16], "texture": "#missing"},
				"south": {"uv": [0, 0, 16, 16], "texture": "#missing"},
				"west": {"uv": [0, 0, 0, 16], "texture": "#missing"},
				"up": {"uv": [0, 0, 16, 0], "texture": "#missing"},
				"down": {"uv": [0, 0, 16, 0], "texture": "#missing"}
			}
		},
		{
			"name": "reference",
			"from": [0, 0, 0],
			"to": [0, 16, 16],
			"faces": {
				"north": {"uv": [0, 0, 0, 16], "texture": "#missing"},
				"east": {"uv": [16, 0, 0, 16], "texture": "#0"},
				"south": {"uv": [0, 0, 0, 16], "texture": "#missing"},
				"west": {"uv": [0, 0, 16, 16], "texture": "#missing"},
				"up": {"uv": [0, 0, 0, 16], "texture": "#missing"},
				"down": {"uv": [0, 0, 0, 16], "texture": "#missing"}
			}
		},
		{
			"from": [7.5, 7.5, 4.5],
			"to": [8.5, 13, 6.5],
			"faces": {
				"north": {"uv": [13, 3, 14, 8.5], "texture": "#0"},
				"east": {"uv": [4.5, 3, 6.5, 8.5], "texture": "#0"},
				"south": {"uv": [13, 3, 14, 8.5], "texture": "#0"},
				"west": {"uv": [4.5, 3, 6.5, 8.5], "texture": "#0"},
				"up": {"uv": [7, 4.25, 8, 6.25], "texture": "#0"},
				"down": {"uv": [4.5, 8, 6.5, 8.5], "texture": "#0"}
			}
		},
		{
			"from": [7, 8, 4.5],
			"to": [9, 12.5, 6.5],
			"faces": {
				"north": {"uv": [0, 0, 2, 4.5], "texture": "#missing"},
				"east": {"uv": [4.5, 3.5, 6.5, 8], "texture": "#0"},
				"south": {"uv": [0, 0, 2, 4.5], "texture": "#missing"},
				"west": {"uv": [4.5, 3.5, 6.5, 8], "texture": "#0"},
				"up": {"uv": [5.5, 4, 7.5, 6], "texture": "#0"},
				"down": {"uv": [4.5, 8, 6.5, 8.5], "texture": "#0"}
			}
		},
		{
			"from": [6.5, 8.5, 4.5],
			"to": [9.5, 12, 6.5],
			"faces": {
				"north": {"uv": [12, 4, 15, 7.5], "texture": "#0"},
				"east": {"uv": [4.5, 4, 6.5, 7.5], "texture": "#0"},
				"south": {"uv": [12, 4, 15, 7.5], "texture": "#0"},
				"west": {"uv": [4.5, 4, 6.5, 7.5], "texture": "#0"},
				"up": {"uv": [4, 3.5, 7, 4.25], "texture": "#0"},
				"down": {"uv": [0, 0, 3, 2], "texture": "#0"}
			}
		},
		{
			"from": [7, 8, 6.5],
			"to": [9, 12.5, 7.5],
			"faces": {
				"north": {"uv": [0, 0, 2, 4.5], "texture": "#missing"},
				"east": {"uv": [6.5, 3.5, 7.5, 8], "texture": "#0"},
				"south": {"uv": [12.5, 3.5, 14.5, 8], "texture": "#0"},
				"west": {"uv": [6.5, 3.5, 7.5, 8], "texture": "#0"},
				"up": {"uv": [4, 3.5, 7, 4.25], "texture": "#0"},
				"down": {"uv": [4.5, 8, 6.5, 8.5], "texture": "#0"}
			}
		},
		{
			"from": [7, 8.5, 7.5],
			"to": [9, 12, 9],
			"faces": {
				"north": {"uv": [0, 0, 2, 3.5], "texture": "#missing"},
				"east": {"uv": [7.5, 4, 9, 7.5], "texture": "#0"},
				"south": {"uv": [12.5, 4, 14.5, 7.5], "texture": "#0"},
				"west": {"uv": [7.5, 4, 9, 7.5], "texture": "#0"},
				"up": {"uv": [4.25, 7, 5.5, 7.75], "texture": "#0"},
				"down": {"uv": [4.5, 8, 6.5, 8.5], "texture": "#0"}
			}
		},
		{
			"from": [7, 9, 9],
			"to": [9, 11.5, 9.5],
			"faces": {
				"north": {"uv": [0, 0, 2, 2.5], "texture": "#missing"},
				"east": {"uv": [9, 4.5, 9.5, 7], "texture": "#0"},
				"south": {"uv": [12.5, 4.75, 14.5, 7.25], "texture": "#0"},
				"west": {"uv": [9, 4.5, 9.5, 7], "texture": "#0"},
				"up": {"uv": [4.5, 4, 5.75, 4.5], "texture": "#0"},
				"down": {"uv": [4.5, 8, 6.5, 8.5], "texture": "#0"}
			}
		},
		{
			"from": [7, 8, 4],
			"to": [9, 12.5, 4.5],
			"faces": {
				"north": {"uv": [12.5, 3.5, 14.5, 8], "texture": "#0"},
				"east": {"uv": [4, 3.5, 4.5, 8], "texture": "#0"},
				"south": {"uv": [0, 0, 2, 4.5], "texture": "#missing"},
				"west": {"uv": [4, 3.5, 4.5, 8], "texture": "#0"},
				"up": {"uv": [4, 3.5, 7, 4.25], "texture": "#0"},
				"down": {"uv": [4.5, 8, 6.5, 8.5], "texture": "#0"}
			}
		},
		{
			"from": [7, 8.5, 3.5],
			"to": [9, 12, 4],
			"faces": {
				"north": {"uv": [12.5, 4, 14.5, 7.5], "texture": "#0"},
				"east": {"uv": [3.5, 4, 4, 7.5], "texture": "#0"},
				"south": {"uv": [0, 0, 2, 3.5], "texture": "#missing"},
				"west": {"uv": [3.5, 4, 4, 7.5], "texture": "#0"},
				"up": {"uv": [4, 3.5, 7, 4.25], "texture": "#0"},
				"down": {"uv": [4.5, 8, 6.5, 8.5], "texture": "#0"}
			}
		},
		{
			"from": [7.5, 7, 7.5],
			"to": [8.5, 8.5, 9],
			"faces": {
				"north": {"uv": [13, 7, 14, 8.5], "texture": "#0"},
				"east": {"uv": [7.5, 7.5, 9, 9], "texture": "#0"},
				"south": {"uv": [8, 7.5, 9, 9], "texture": "#0"},
				"west": {"uv": [7.5, 7.5, 9, 9], "texture": "#0"},
				"up": {"uv": [0, 0, 1, 1.5], "texture": "#missing"},
				"down": {"uv": [4.75, 7, 6, 8], "texture": "#0"}
			}
		},
		{
			"from": [7.75, 12, 8],
			"to": [8.25, 12.5, 8.5],
			"faces": {
				"north": {"uv": [9, 13, 9.5, 13.5], "texture": "#0"},
				"east": {"uv": [8, 3.5, 8.5, 4], "texture": "#0"},
				"south": {"uv": [8, 3.5, 8.5, 4], "texture": "#0"},
				"west": {"uv": [8, 3.5, 8.5, 4], "texture": "#0"},
				"up": {"uv": [8, 3.5, 8.5, 4], "texture": "#0"},
				"down": {"uv": [0, 0, 0.5, 0.5], "texture": "#0"}
			}
		},
		{
			"from": [7.625, 2.5, 8],
			"to": [8.375, 7, 8.5],
			"faces": {
				"north": {"uv": [8, 9.25, 8.5, 13.75], "texture": "#0"},
				"east": {"uv": [8, 9.25, 8.5, 13.75], "texture": "#0"},
				"south": {"uv": [8, 9.25, 8.5, 13.75], "texture": "#0"},
				"west": {"uv": [8, 9.25, 8.5, 13.75], "texture": "#0"},
				"up": {"uv": [0, 0, 0.75, 0.5], "texture": "#missing"},
				"down": {"uv": [0, 0, 0.75, 0.5], "texture": "#missing"}
			}
		},
		{
			"from": [7.5, 1.5, 7.5],
			"to": [8.5, 2.5, 9],
			"faces": {
				"north": {"uv": [7.5, 13.5, 8.5, 14.5], "texture": "#0"},
				"east": {"uv": [7.5, 13.5, 9, 14.5], "texture": "#0"},
				"south": {"uv": [8, 13.5, 9, 14.5], "texture": "#0"},
				"west": {"uv": [7.5, 13.5, 9, 14.5], "texture": "#0"},
				"up": {"uv": [8, 3.5, 8.5, 4], "texture": "#0"},
				"down": {"uv": [8, 3.5, 8.5, 4], "texture": "#0"}
			}
		},
		{
			"from": [8.375, 2.375, 8.875],
			"to": [8.5, 2.875, 9.375],
			"faces": {
				"north": {"uv": [9, 13, 9.5, 13.5], "texture": "#0"},
				"east": {"uv": [9, 13, 9.5, 13.5], "texture": "#0"},
				"south": {"uv": [9, 13, 9.5, 13.5], "texture": "#0"},
				"west": {"uv": [9, 13, 9.5, 13.5], "texture": "#0"},
				"up": {"uv": [9, 13, 9.5, 13.5], "texture": "#0"},
				"down": {"uv": [9, 13, 9.5, 13.5], "texture": "#0"}
			}
		},
		{
			"from": [7.625, 2.375, 9.25],
			"to": [8.375, 2.875, 9.375],
			"faces": {
				"north": {"uv": [9, 13, 9.5, 13.5], "texture": "#0"},
				"east": {"uv": [0, 0, 0.125, 0.5], "texture": "#missing"},
				"south": {"uv": [9, 13, 9.5, 13.5], "texture": "#0"},
				"west": {"uv": [0, 0, 0.125, 0.5], "texture": "#missing"},
				"up": {"uv": [9, 13, 9.5, 13.5], "texture": "#0"},
				"down": {"uv": [9, 13, 9.5, 13.5], "texture": "#0"}
			}
		},
		{
			"from": [7.5, 2.375, 8.875],
			"to": [7.625, 2.875, 9.375],
			"faces": {
				"north": {"uv": [9, 13, 9.5, 13.5], "texture": "#0"},
				"east": {"uv": [9, 13, 9.5, 13.5], "texture": "#0"},
				"south": {"uv": [9, 13, 9.5, 13.5], "texture": "#0"},
				"west": {"uv": [9, 13, 9.5, 13.5], "texture": "#0"},
				"up": {"uv": [9, 13, 9.5, 13.5], "texture": "#0"},
				"down": {"uv": [9, 13, 9.5, 13.5], "texture": "#0"}
			}
		}
	],
	"display": {
		"thirdperson_righthand": {
			"translation": [0, 0.75, 1]
		},
		"thirdperson_lefthand": {
			"translation": [0, 0.75, 1]
		},
		"firstperson_righthand": {
			"translation": [2.25, 1.25, 0]
		},
		"firstperson_lefthand": {
			"translation": [2.25, 1.25, 0]
		},
		"ground": {
			"rotation": [-46, 0, 0],
			"translation": [0, 4, 0],
			"scale": [1.39, 1.39, 1.39]
		},
		"gui": {
			"rotation": [-58.62, -49.6, -42.89]
		},
		"fixed": {
			"rotation": [0, 90, 0],
			"translation": [1.5, 1, 0],
			"scale": [1.36, 1.36, 1.36]
		}
	},
	"groups": [
		0,
		1,
		{
			"name": "head",
			"origin": [0, 0, 0],
			"color": 0,
			"nbt": "{}",
			"children": [2, 3, 4, 5, 6, 7, 8, 9]
		},
		{
			"name": "handle",
			"origin": [0, 0, 0],
			"color": 0,
			"nbt": "{}",
			"children": [10, 11, 12]
		},
		{
			"name": "pommel",
			"origin": [0, 0, 0],
			"color": 0,
			"nbt": "{}",
			"children": [13, 14, 15, 16]
		}
	]
}