{
	"credit": "Made with Blockbench",
	"textures": {
		"0": "block/coal_block",
		"1": "block/redstone_block",
		"2": "block/red_stained_glass"
	},
	"elements": [
		{
			"name": "GuardBase",
			"from": [7.2, 8, 9],
			"to": [8.8, 9.6, 10.6],
			"faces": {
				"north": {"uv": [3, 4, 7.6, 8.6], "texture": "#0"},
				"east": {"uv": [4, 4, 8.6, 8.6], "texture": "#0"},
				"south": {"uv": [2, 3, 7.6, 9.6], "texture": "#0"},
				"west": {"uv": [5, 3, 10.6, 8.6], "texture": "#0"},
				"up": {"uv": [3, 2, 5.6, 6.6], "texture": "#0"},
				"down": {"uv": [8, 8, 11.6, 12.6], "texture": "#0"}
			}
		},
		{
			"name": "Handle",
			"from": [7.6, 4, 9.4],
			"to": [8.4, 8, 10.2],
			"faces": {
				"north": {"uv": [8, 3, 8.8, 7], "texture": "#0"},
				"east": {"uv": [7, 3, 7.8, 7], "texture": "#0"},
				"south": {"uv": [10, 2, 10.8, 6], "texture": "#0"},
				"west": {"uv": [10, 3, 10.8, 7], "texture": "#0"},
				"up": {"uv": [5, 6, 7.8, 9.8], "texture": "#0"},
				"down": {"uv": [0, 0, 4.8, 5.8], "texture": "#0"}
			}
		},
		{
			"name": "Blade1",
			"from": [7.7, 9, 9.5],
			"to": [8.3, 14, 10.1],
			"faces": {
				"north": {"uv": [3, 2, 6.6, 11], "texture": "#1"},
				"east": {"uv": [3, 0, 6.6, 11], "texture": "#1"},
				"south": {"uv": [6, 1, 10.6, 13], "texture": "#1"},
				"west": {"uv": [4, 0, 5.6, 10], "texture": "#1"},
				"up": {"uv": [6, 5, 8.6, 7.6], "texture": "#1"},
				"down": {"uv": [5, 3, 7.6, 6.6], "texture": "#1"}
			}
		},
		{
			"name": "Blade2",
			"from": [7.8, 14, 9.6],
			"to": [8.2, 19, 10],
			"faces": {
				"north": {"uv": [5, 4, 6.4, 13], "texture": "#1"},
				"east": {"uv": [6, 5, 7.4, 13], "texture": "#1"},
				"south": {"uv": [10, 5, 12.4, 14], "texture": "#1"},
				"west": {"uv": [6, 5, 7.4, 13], "texture": "#1"},
				"up": {"uv": [0, 0, 2.4, 2.4], "texture": "#1"},
				"down": {"uv": [1, 0, 3.4, 3.4], "texture": "#1"}
			}
		},
		{
			"name": "Blade3",
			"from": [7.9, 19, 9.7],
			"to": [8.1, 24, 9.9],
			"faces": {
				"north": {"uv": [0, 0, 1.2, 6], "texture": "#1"},
				"east": {"uv": [0, 0, 1.2, 7], "texture": "#1"},
				"south": {"uv": [0, 0, 1.2, 7], "texture": "#1"},
				"west": {"uv": [0, 0, 1.2, 7], "texture": "#1"},
				"up": {"uv": [0, 0, 1.2, 1.2], "texture": "#1"},
				"down": {"uv": [0, 0, 1.2, 2.2], "texture": "#1"}
			}
		},
		{
			"name": "Hand1",
			"from": [8.8, 7, 9.6],
			"to": [9.2, 11, 10],
			"faces": {
				"north": {"uv": [0, 0, 6.4, 8], "texture": "#2"},
				"east": {"uv": [0, 0, 4.4, 9], "texture": "#2"},
				"south": {"uv": [0, 0, 5.4, 7], "texture": "#2"},
				"west": {"uv": [0, 0, 4.4, 7], "texture": "#2"},
				"up": {"uv": [0, 0, 3.4, 5.4], "texture": "#2"},
				"down": {"uv": [0, 0, 4.4, 1.4], "texture": "#2"}
			}
		},
		{
			"name": "Hand2",
			"from": [6.8, 7, 9.6],
			"to": [7.2, 11, 10],
			"faces": {
				"north": {"uv": [0, 0, 6.4, 8], "texture": "#2"},
				"east": {"uv": [0, 0, 4.4, 9], "texture": "#2"},
				"south": {"uv": [0, 0, 5.4, 7], "texture": "#2"},
				"west": {"uv": [0, 0, 4.4, 7], "texture": "#2"},
				"up": {"uv": [0, 0, 3.4, 5.4], "texture": "#2"},
				"down": {"uv": [0, 0, 4.4, 1.4], "texture": "#2"}
			}
		},
		{
			"name": "Hand3",
			"from": [7.8, 7, 10.6],
			"to": [8.2, 11, 11],
			"faces": {
				"north": {"uv": [0, 0, 6.4, 8], "texture": "#2"},
				"east": {"uv": [0, 0, 4.4, 9], "texture": "#2"},
				"south": {"uv": [0, 0, 5.4, 7], "texture": "#2"},
				"west": {"uv": [0, 0, 4.4, 7], "texture": "#2"},
				"up": {"uv": [0, 0, 3.4, 5.4], "texture": "#2"},
				"down": {"uv": [0, 0, 4.4, 1.4], "texture": "#2"}
			}
		},
		{
			"name": "Hand4",
			"from": [7.8, 7, 8.6],
			"to": [8.2, 11, 9],
			"faces": {
				"north": {"uv": [0, 0, 6.4, 8], "texture": "#2"},
				"east": {"uv": [0, 0, 4.4, 9], "texture": "#2"},
				"south": {"uv": [0, 0, 5.4, 7], "texture": "#2"},
				"west": {"uv": [0, 0, 4.4, 7], "texture": "#2"},
				"up": {"uv": [0, 0, 3.4, 5.4], "texture": "#2"},
				"down": {"uv": [0, 0, 4.4, 1.4], "texture": "#2"}
			}
		}
	],
	"display": {
		"thirdperson_righthand": {
			"translation": [0, 0.25, 0]
		},
		"ground": {
			"rotation": [-45, 0, 0],
			"translation": [0, 4.5, 0]
		},
		"gui": {
			"rotation": [0, 0, -45],
			"translation": [-1.75, -3, 0],
			"scale": [0.68, 0.68, 0.68]
		}
	}
}