{
	"credit": "Made with Blockbench",
	"textures": {
		"3": "block/anvil",
		"4": "block/yellow_glazed_terracotta",
		"5": "block/cocoa_stage2",
		"particle": "block/anvil"
	},
	"elements": [
		{
			"name": "Handle",
			"from": [7.64, -1.425, 8.916],
			"to": [8.36, 3.9, 9.084],
			"rotation": {"angle": 0, "axis": "y", "origin": [8, 1, 9]},
			"faces": {
				"north": {"uv": [0, 0, 3, 9], "texture": "#3"},
				"east": {"uv": [3, 4, 11, 16], "texture": "#3"},
				"south": {"uv": [4, 1, 8, 11], "texture": "#3"},
				"west": {"uv": [6, 5, 11, 15], "texture": "#3"},
				"up": {"uv": [8, 5, 11, 9], "texture": "#3"},
				"down": {"uv": [3, 4, 9, 9], "texture": "#3"}
			}
		},
		{
			"name": "Handle",
			"from": [7.64, -1.425, 8.916],
			"to": [8.36, 3.9, 9.084],
			"rotation": {"angle": -22.5, "axis": "y", "origin": [8, 1, 9]},
			"faces": {
				"north": {"uv": [0, 0, 3, 9], "texture": "#3"},
				"east": {"uv": [3, 4, 11, 16], "texture": "#3"},
				"south": {"uv": [4, 1, 8, 11], "texture": "#3"},
				"west": {"uv": [6, 5, 11, 15], "texture": "#3"},
				"up": {"uv": [8, 5, 11, 9], "texture": "#3"},
				"down": {"uv": [3, 4, 9, 9], "texture": "#3"}
			}
		},
		{
			"name": "Handle",
			"from": [7.64, -1.425, 8.916],
			"to": [8.36, 3.9, 9.084],
			"rotation": {"angle": -45, "axis": "y", "origin": [8, 1, 9]},
			"faces": {
				"north": {"uv": [0, 0, 3, 9], "texture": "#3"},
				"east": {"uv": [3, 4, 11, 16], "texture": "#3"},
				"south": {"uv": [4, 1, 8, 11], "texture": "#3"},
				"west": {"uv": [6, 5, 11, 15], "texture": "#3"},
				"up": {"uv": [8, 5, 11, 9], "texture": "#3"},
				"down": {"uv": [3, 4, 9, 9], "texture": "#3"}
			}
		},
		{
			"name": "Handle",
			"from": [7.916, -1.425, 8.64],
			"to": [8.084, 3.9, 9.36],
			"rotation": {"angle": 22.5, "axis": "y", "origin": [8, 1, 9]},
			"faces": {
				"north": {"uv": [6, 5, 11, 15], "texture": "#3"},
				"east": {"uv": [0, 0, 3, 9], "texture": "#3"},
				"south": {"uv": [3, 4, 11, 16], "texture": "#3"},
				"west": {"uv": [4, 1, 8, 11], "texture": "#3"},
				"up": {"uv": [8, 5, 11, 9], "rotation": 90, "texture": "#3"},
				"down": {"uv": [3, 4, 9, 9], "rotation": 270, "texture": "#3"}
			}
		},
		{
			"name": "Handle",
			"from": [7.916, -1.425, 8.64],
			"to": [8.084, 3.9, 9.36],
			"rotation": {"angle": 0, "axis": "y", "origin": [8, 1, 9]},
			"faces": {
				"north": {"uv": [6, 5, 11, 15], "texture": "#3"},
				"east": {"uv": [0, 0, 3, 9], "texture": "#3"},
				"south": {"uv": [3, 4, 11, 16], "texture": "#3"},
				"west": {"uv": [4, 1, 8, 11], "texture": "#3"},
				"up": {"uv": [8, 5, 11, 9], "rotation": 90, "texture": "#3"},
				"down": {"uv": [3, 4, 9, 9], "rotation": 270, "texture": "#3"}
			}
		},
		{
			"name": "Handle",
			"from": [7.916, -1.425, 8.64],
			"to": [8.084, 3.9, 9.36],
			"rotation": {"angle": -22.5, "axis": "y", "origin": [8, 1, 9]},
			"faces": {
				"north": {"uv": [6, 5, 11, 15], "texture": "#3"},
				"east": {"uv": [0, 0, 3, 9], "texture": "#3"},
				"south": {"uv": [3, 4, 11, 16], "texture": "#3"},
				"west": {"uv": [4, 1, 8, 11], "texture": "#3"},
				"up": {"uv": [8, 5, 11, 9], "rotation": 90, "texture": "#3"},
				"down": {"uv": [3, 4, 9, 9], "rotation": 270, "texture": "#3"}
			}
		},
		{
			"name": "Handle",
			"from": [7.916, -1.425, 8.64],
			"to": [8.084, 3.9, 9.36],
			"rotation": {"angle": -45, "axis": "y", "origin": [8, 1, 9]},
			"faces": {
				"north": {"uv": [6, 5, 11, 15], "texture": "#3"},
				"east": {"uv": [0, 0, 3, 9], "texture": "#3"},
				"south": {"uv": [3, 4, 11, 16], "texture": "#3"},
				"west": {"uv": [4, 1, 8, 11], "texture": "#3"},
				"up": {"uv": [8, 5, 11, 9], "rotation": 90, "texture": "#3"},
				"down": {"uv": [3, 4, 9, 9], "rotation": 270, "texture": "#3"}
			}
		},
		{
			"name": "Handle",
			"from": [7.64, -1.425, 8.916],
			"to": [8.36, 3.9, 9.084],
			"rotation": {"angle": 22.5, "axis": "y", "origin": [8, 1, 9]},
			"faces": {
				"north": {"uv": [4, 1, 8, 11], "texture": "#3"},
				"east": {"uv": [6, 5, 11, 15], "texture": "#3"},
				"south": {"uv": [0, 0, 3, 9], "texture": "#3"},
				"west": {"uv": [3, 4, 11, 16], "texture": "#3"},
				"up": {"uv": [8, 5, 11, 9], "rotation": 180, "texture": "#3"},
				"down": {"uv": [3, 4, 9, 9], "rotation": 180, "texture": "#3"}
			}
		},
		{
			"name": "Pommel",
			"from": [7.3, -2.5, 8.85],
			"to": [8.7, -1.3, 9.15],
			"rotation": {"angle": 0, "axis": "y", "origin": [8, -1.9, 9]},
			"faces": {
				"north": {"uv": [0, 0, 1.4, 1.2], "texture": "#4"},
				"east": {"uv": [0, 0, 1.4, 1.2], "texture": "#4"},
				"south": {"uv": [0, 0, 1.4, 1.2], "texture": "#4"},
				"west": {"uv": [0, 0, 1.4, 1.2], "texture": "#4"},
				"up": {"uv": [0, 0, 1.4, 1.4], "texture": "#4"},
				"down": {"uv": [0, 0, 1.4, 1.4], "texture": "#4"}
			}
		},
		{
			"name": "Pommel",
			"from": [7.3, -2.5, 8.85],
			"to": [8.7, -1.3, 9.15],
			"rotation": {"angle": -22.5, "axis": "y", "origin": [8, -1.9, 9]},
			"faces": {
				"north": {"uv": [0, 0, 1.4, 1.2], "texture": "#4"},
				"east": {"uv": [0, 0, 1.4, 1.2], "texture": "#4"},
				"south": {"uv": [0, 0, 1.4, 1.2], "texture": "#4"},
				"west": {"uv": [0, 0, 1.4, 1.2], "texture": "#4"},
				"up": {"uv": [0, 0, 1.4, 1.4], "texture": "#4"},
				"down": {"uv": [0, 0, 1.4, 1.4], "texture": "#4"}
			}
		},
		{
			"name": "Pommel",
			"from": [7.85, -2.5, 8.3],
			"to": [8.15, -1.3, 9.7],
			"rotation": {"angle": 22.5, "axis": "y", "origin": [8, -1.9, 9]},
			"faces": {
				"north": {"uv": [0, 0, 1.4, 1.2], "texture": "#4"},
				"east": {"uv": [0, 0, 1.4, 1.2], "texture": "#4"},
				"south": {"uv": [0, 0, 1.4, 1.2], "texture": "#4"},
				"west": {"uv": [0, 0, 1.4, 1.2], "texture": "#4"},
				"up": {"uv": [0, 0, 1.4, 1.4], "rotation": 90, "texture": "#4"},
				"down": {"uv": [0, 0, 1.4, 1.4], "rotation": 270, "texture": "#4"}
			}
		},
		{
			"name": "Pommel",
			"from": [7.85, -2.5, 8.3],
			"to": [8.15, -1.3, 9.7],
			"rotation": {"angle": 45, "axis": "y", "origin": [8, -1.9, 9]},
			"faces": {
				"north": {"uv": [0, 0, 1.4, 1.2], "texture": "#4"},
				"east": {"uv": [0, 0, 1.4, 1.2], "texture": "#4"},
				"south": {"uv": [0, 0, 1.4, 1.2], "texture": "#4"},
				"west": {"uv": [0, 0, 1.4, 1.2], "texture": "#4"},
				"up": {"uv": [0, 0, 1.4, 1.4], "rotation": 90, "texture": "#4"},
				"down": {"uv": [0, 0, 1.4, 1.4], "rotation": 270, "texture": "#4"}
			}
		},
		{
			"name": "Pommel",
			"from": [7.85, -2.5, 8.3],
			"to": [8.15, -1.3, 9.7],
			"rotation": {"angle": 0, "axis": "y", "origin": [8, -1.9, 9]},
			"faces": {
				"north": {"uv": [0, 0, 1.4, 1.2], "texture": "#4"},
				"east": {"uv": [0, 0, 1.4, 1.2], "texture": "#4"},
				"south": {"uv": [0, 0, 1.4, 1.2], "texture": "#4"},
				"west": {"uv": [0, 0, 1.4, 1.2], "texture": "#4"},
				"up": {"uv": [0, 0, 1.4, 1.4], "rotation": 90, "texture": "#4"},
				"down": {"uv": [0, 0, 1.4, 1.4], "rotation": 270, "texture": "#4"}
			}
		},
		{
			"name": "Pommel",
			"from": [7.85, -2.5, 8.3],
			"to": [8.15, -1.3, 9.7],
			"rotation": {"angle": -22.5, "axis": "y", "origin": [8, -1.9, 9]},
			"faces": {
				"north": {"uv": [0, 0, 1.4, 1.2], "texture": "#4"},
				"east": {"uv": [0, 0, 1.4, 1.2], "texture": "#4"},
				"south": {"uv": [0, 0, 1.4, 1.2], "texture": "#4"},
				"west": {"uv": [0, 0, 1.4, 1.2], "texture": "#4"},
				"up": {"uv": [0, 0, 1.4, 1.4], "rotation": 90, "texture": "#4"},
				"down": {"uv": [0, 0, 1.4, 1.4], "rotation": 270, "texture": "#4"}
			}
		},
		{
			"name": "Pommel",
			"from": [7.85, -2.5, 8.3],
			"to": [8.15, -1.3, 9.7],
			"rotation": {"angle": -45, "axis": "y", "origin": [8, -1.9, 9]},
			"faces": {
				"north": {"uv": [0, 0, 1.4, 1.2], "texture": "#4"},
				"east": {"uv": [0, 0, 1.4, 1.2], "texture": "#4"},
				"south": {"uv": [0, 0, 1.4, 1.2], "texture": "#4"},
				"west": {"uv": [0, 0, 1.4, 1.2], "texture": "#4"},
				"up": {"uv": [0, 0, 1.4, 1.4], "rotation": 90, "texture": "#4"},
				"down": {"uv": [0, 0, 1.4, 1.4], "rotation": 270, "texture": "#4"}
			}
		},
		{
			"name": "Pommel",
			"from": [7.3, -2.5, 8.85],
			"to": [8.7, -1.3, 9.15],
			"rotation": {"angle": 22.5, "axis": "y", "origin": [8, -1.9, 9]},
			"faces": {
				"north": {"uv": [0, 0, 1.4, 1.2], "texture": "#4"},
				"east": {"uv": [0, 0, 1.4, 1.2], "texture": "#4"},
				"south": {"uv": [0, 0, 1.4, 1.2], "texture": "#4"},
				"west": {"uv": [0, 0, 1.4, 1.2], "texture": "#4"},
				"up": {"uv": [0, 0, 1.4, 1.4], "rotation": 180, "texture": "#4"},
				"down": {"uv": [0, 0, 1.4, 1.4], "rotation": 180, "texture": "#4"}
			}
		},
		{
			"name": "Guard",
			"from": [7.3, 3.5, 7.3],
			"to": [8.7, 4.7, 10.7],
			"rotation": {"angle": 0, "axis": "y", "origin": [8, 3, 8]},
			"faces": {
				"north": {"uv": [0, 0, 1.4, 1.2], "texture": "#4"},
				"east": {"uv": [0, 0, 3.4, 1.2], "texture": "#4"},
				"south": {"uv": [0, 0, 1.4, 1.2], "texture": "#4"},
				"west": {"uv": [0, 0, 3.4, 1.2], "texture": "#4"},
				"up": {"uv": [0, 0, 1.4, 3.4], "texture": "#4"},
				"down": {"uv": [0, 0, 1.4, 3.4], "texture": "#4"}
			}
		},
		{
			"name": "Guard2",
			"from": [7.4, 2.425, 10.675],
			"to": [8.6, 3.625, 13.875],
			"rotation": {"angle": -22.5, "axis": "x", "origin": [8, 3, 8]},
			"faces": {
				"north": {"uv": [0, 0, 1.2, 1.2], "texture": "#4"},
				"east": {"uv": [0, 0, 3.2, 1.2], "texture": "#4"},
				"south": {"uv": [0, 0, 1.2, 1.2], "texture": "#4"},
				"west": {"uv": [0, 0, 3.2, 1.2], "texture": "#4"},
				"up": {"uv": [0, 0, 1.2, 3.2], "texture": "#4"},
				"down": {"uv": [0, 0, 1.2, 3.2], "texture": "#4"}
			}
		},
		{
			"name": "Guard3",
			"from": [7.375, 3.2, 3.95],
			"to": [8.575, 4.4, 7.15],
			"rotation": {"angle": 22.5, "axis": "x", "origin": [8, 3, 8]},
			"faces": {
				"north": {"uv": [0, 0, 1.2, 1.2], "texture": "#4"},
				"east": {"uv": [0, 0, 3.2, 1.2], "texture": "#4"},
				"south": {"uv": [0, 0, 1.2, 1.2], "texture": "#4"},
				"west": {"uv": [0, 0, 3.2, 1.2], "texture": "#4"},
				"up": {"uv": [0, 0, 1.2, 3.2], "texture": "#4"},
				"down": {"uv": [0, 0, 1.2, 3.2], "texture": "#4"}
			}
		},
		{
			"name": "Blade1",
			"from": [7.9, 4.5, 7.3],
			"to": [8.1, 22.7, 10.7],
			"rotation": {"angle": 0, "axis": "y", "origin": [8, 3, 8]},
			"faces": {
				"north": {"uv": [3, 0, 6.2, 6.2], "texture": "#5"},
				"east": {"uv": [9, 5, 11.4, 12.2], "texture": "#5"},
				"south": {"uv": [9, 7, 12.2, 13.2], "texture": "#5"},
				"west": {"uv": [10, 5, 12.4, 12.2], "texture": "#5"},
				"up": {"uv": [3, 1, 4.2, 4.4], "texture": "#5"},
				"down": {"uv": [3, 2, 4.2, 5.4], "texture": "#5"}
			}
		},
		{
			"name": "Blade2",
			"from": [7.9, 22.7, 7.8],
			"to": [8.1, 23.4, 10.2],
			"rotation": {"angle": 0, "axis": "y", "origin": [8, 3, 8]},
			"faces": {
				"north": {"uv": [3, 0, 6.2, 6.2], "texture": "#5"},
				"east": {"uv": [8, 6, 10.4, 7.2], "texture": "#5"},
				"south": {"uv": [9, 7, 12.2, 13.2], "texture": "#5"},
				"west": {"uv": [10, 12, 12.4, 12.2], "texture": "#5"},
				"up": {"uv": [3, 1, 4.2, 4.4], "texture": "#5"},
				"down": {"uv": [3, 2, 4.2, 5.4], "texture": "#5"}
			}
		},
		{
			"name": "Blade3",
			"from": [7.9, 23.3, 7.96667],
			"to": [8.1, 24, 10.03333],
			"rotation": {"angle": 0, "axis": "y", "origin": [8, 3, 8]},
			"faces": {
				"north": {"uv": [2, 0, 3.2, 6.2], "texture": "#5"},
				"east": {"uv": [9, 8, 10.4, 9.2], "texture": "#5"},
				"south": {"uv": [9, 11, 12.2, 13.2], "texture": "#5"},
				"west": {"uv": [10, 11, 12.4, 12.2], "texture": "#5"},
				"up": {"uv": [3, 1, 4.2, 4.4], "texture": "#5"},
				"down": {"uv": [3, 2, 4.2, 5.4], "texture": "#5"}
			}
		},
		{
			"name": "Blade4",
			"from": [7.9, 23.96667, 8.26667],
			"to": [8.1, 24.66667, 9.60833],
			"rotation": {"angle": 0, "axis": "y", "origin": [8, 3, 8]},
			"faces": {
				"north": {"uv": [3, 0, 6.2, 6.2], "texture": "#5"},
				"east": {"uv": [8, 6, 9.4, 7.2], "texture": "#5"},
				"south": {"uv": [9, 7, 12.2, 13.2], "texture": "#5"},
				"west": {"uv": [10, 12, 13.4, 12.2], "texture": "#5"},
				"up": {"uv": [3, 1, 4.2, 4.4], "texture": "#5"},
				"down": {"uv": [3, 2, 4.2, 5.4], "texture": "#5"}
			}
		},
		{
			"name": "Blade5",
			"from": [7.9, 24.63333, 8.56667],
			"to": [8.1, 25.66667, 9.35833],
			"rotation": {"angle": 0, "axis": "y", "origin": [8, 3, 8]},
			"faces": {
				"north": {"uv": [3, 0, 6.2, 6.2], "texture": "#5"},
				"east": {"uv": [9, 5, 11.4, 12.2], "texture": "#5"},
				"south": {"uv": [9, 7, 12.2, 13.2], "texture": "#5"},
				"west": {"uv": [10, 11, 11.4, 12.2], "texture": "#5"},
				"up": {"uv": [3, 1, 4.2, 4.4], "texture": "#5"},
				"down": {"uv": [3, 2, 4.2, 5.4], "texture": "#5"}
			}
		},
		{
			"name": "Blade4",
			"from": [7.9, 23.13333, 8.63333],
			"to": [8.1, 27.18333, 9.08333],
			"rotation": {"angle": -22.5, "axis": "x", "origin": [8, 26.9, 11.19167]},
			"faces": {
				"north": {"uv": [3, 0, 6.2, 6.2], "texture": "#5"},
				"east": {"uv": [9, 5, 11.4, 12.2], "texture": "#5"},
				"south": {"uv": [9, 7, 12.2, 13.2], "texture": "#5"},
				"west": {"uv": [10, 5, 12.4, 12.2], "texture": "#5"},
				"up": {"uv": [3, 1, 4.2, 4.4], "texture": "#5"},
				"down": {"uv": [3, 2, 4.2, 5.4], "texture": "#5"}
			}
		},
		{
			"name": "Blade5",
			"from": [7.9, 21.88345, 8.08007],
			"to": [8.1, 25.65845, 8.53007],
			"rotation": {"angle": 22.5, "axis": "x", "origin": [8, 24.27095, 9.75507]},
			"faces": {
				"north": {"uv": [3, 0, 6.2, 6.2], "texture": "#5"},
				"east": {"uv": [9, 5, 11.4, 12.2], "texture": "#5"},
				"south": {"uv": [9, 7, 12.2, 13.2], "texture": "#5"},
				"west": {"uv": [10, 5, 12.4, 12.2], "texture": "#5"},
				"up": {"uv": [3, 1, 4.2, 4.4], "texture": "#5"},
				"down": {"uv": [3, 2, 4.2, 5.4], "texture": "#5"}
			}
		}
	],
	"display": {
		"thirdperson_righthand": {
			"translation": [0, 4.75, 0]
		},
		"thirdperson_lefthand": {
			"translation": [0, 5, 0.75]
		},
		"firstperson_righthand": {
			"scale": [1.1, 1.1, 1.1]
		},
		"firstperson_lefthand": {
			"translation": [-1.89, 0, 0],
			"scale": [1.3, 1.3, 1.3]
		},
		"ground": {
			"rotation": [-45, 0, 0],
			"translation": [0, 5, 0],
			"scale": [1.1, 1.1, 1.1]
		},
		"gui": {
			"rotation": [0, 90, 0],
			"translation": [-0.75, -2.25, 0],
			"scale": [0.46, 0.46, 0.46]
		},
		"fixed": {
			"scale": [1.1, 1.1, 1.1]
		}
	}
}