{
	"credit": "Made with Blockbench",
	"textures": {
		"0": "block/black_glazed_terracotta",
		"1": "block/fire_coral_block",
		"2": "block/black_concrete_powder",
		"particle": "block/black_glazed_terracotta"
	},
	"elements": [
		{
			"name": "Back",
			"from": [2, 0, 11.75],
			"to": [14, 10, 20.75],
			"faces": {
				"north": {"uv": [0, 0, 12, 10], "texture": "#2"},
				"east": {"uv": [0, 0, 9, 10], "texture": "#2"},
				"south": {"uv": [0, 0, 12, 10], "texture": "#2"},
				"west": {"uv": [0, 0, 9, 10], "texture": "#2"},
				"up": {"uv": [0, 0, 12, 9], "texture": "#2"},
				"down": {"uv": [0, 0, 12, 9], "texture": "#2"}
			}
		},
		{
			"name": "Mid",
			"from": [3.25, 0, 5.75],
			"to": [12.75, 7.75, 11.75],
			"faces": {
				"north": {"uv": [0, 0, 9.5, 7.75], "texture": "#2"},
				"east": {"uv": [0, 0, 6, 7.75], "texture": "#2"},
				"south": {"uv": [0, 0, 9.5, 7.75], "texture": "#2"},
				"west": {"uv": [0, 0, 6, 7.75], "texture": "#2"},
				"up": {"uv": [0, 0, 9.5, 6], "texture": "#2"},
				"down": {"uv": [0, 0, 9.5, 6], "texture": "#2"}
			}
		},
		{
			"name": "Mid",
			"from": [3.25, 0, -0.25],
			"to": [12.75, 8.75, 5.75],
			"faces": {
				"north": {"uv": [0, 0, 9.5, 8.75], "texture": "#2"},
				"east": {"uv": [0, 0, 6, 8.75], "texture": "#2"},
				"south": {"uv": [0, 0, 9.5, 8.75], "texture": "#2"},
				"west": {"uv": [0, 0, 6, 8.75], "texture": "#2"},
				"up": {"uv": [0, 0, 9.5, 6], "texture": "#2"},
				"down": {"uv": [0, 0, 9.5, 6], "texture": "#2"}
			}
		},
		{
			"name": "Left1",
			"from": [10.25, 8, 3.75],
			"to": [11.5, 9.25, 5],
			"faces": {
				"north": {"uv": [0, 0, 1.25, 1.25], "texture": "#1"},
				"east": {"uv": [0, 0, 1.25, 1.25], "texture": "#1"},
				"south": {"uv": [0, 0, 1.25, 1.25], "texture": "#1"},
				"west": {"uv": [0, 0, 1.25, 1.25], "texture": "#1"},
				"up": {"uv": [0, 0, 1.25, 1.25], "texture": "#1"},
				"down": {"uv": [0, 0, 1.25, 1.25], "texture": "#1"}
			}
		},
		{
			"name": "Left2",
			"from": [11, 8, 2],
			"to": [12.25, 9.25, 3.25],
			"faces": {
				"north": {"uv": [0, 0, 1.25, 1.25], "texture": "#1"},
				"east": {"uv": [0, 0, 1.25, 1.25], "texture": "#1"},
				"south": {"uv": [0, 0, 1.25, 1.25], "texture": "#1"},
				"west": {"uv": [0, 0, 1.25, 1.25], "texture": "#1"},
				"up": {"uv": [0, 0, 1.25, 1.25], "texture": "#1"},
				"down": {"uv": [0, 0, 1.25, 1.25], "texture": "#1"}
			}
		},
		{
			"name": "Left7",
			"from": [3.75, 8, 2],
			"to": [5, 9.25, 3.25],
			"faces": {
				"north": {"uv": [0, 0, 1.25, 1.25], "texture": "#1"},
				"east": {"uv": [0, 0, 1.25, 1.25], "texture": "#1"},
				"south": {"uv": [0, 0, 1.25, 1.25], "texture": "#1"},
				"west": {"uv": [0, 0, 1.25, 1.25], "texture": "#1"},
				"up": {"uv": [0, 0, 1.25, 1.25], "texture": "#1"},
				"down": {"uv": [0, 0, 1.25, 1.25], "texture": "#1"}
			}
		},
		{
			"name": "Left3",
			"from": [12, 6, 3],
			"to": [13.25, 7.25, 4.25],
			"faces": {
				"north": {"uv": [0, 0, 1.25, 1.25], "texture": "#1"},
				"east": {"uv": [0, 0, 1.25, 1.25], "texture": "#1"},
				"south": {"uv": [0, 0, 1.25, 1.25], "texture": "#1"},
				"west": {"uv": [0, 0, 1.25, 1.25], "texture": "#1"},
				"up": {"uv": [0, 0, 1.25, 1.25], "texture": "#1"},
				"down": {"uv": [0, 0, 1.25, 1.25], "texture": "#1"}
			}
		},
		{
			"name": "Left8",
			"from": [2.75, 6, 3],
			"to": [4, 7.25, 4.25],
			"faces": {
				"north": {"uv": [0, 0, 1.25, 1.25], "texture": "#1"},
				"east": {"uv": [0, 0, 1.25, 1.25], "texture": "#1"},
				"south": {"uv": [0, 0, 1.25, 1.25], "texture": "#1"},
				"west": {"uv": [0, 0, 1.25, 1.25], "texture": "#1"},
				"up": {"uv": [0, 0, 1.25, 1.25], "texture": "#1"},
				"down": {"uv": [0, 0, 1.25, 1.25], "texture": "#1"}
			}
		},
		{
			"name": "Left4",
			"from": [4.25, 8, 0],
			"to": [5.5, 9.25, 1.25],
			"faces": {
				"north": {"uv": [0, 0, 1.25, 1.25], "texture": "#1"},
				"east": {"uv": [0, 0, 1.25, 1.25], "texture": "#1"},
				"south": {"uv": [0, 0, 1.25, 1.25], "texture": "#1"},
				"west": {"uv": [0, 0, 1.25, 1.25], "texture": "#1"},
				"up": {"uv": [0, 0, 1.25, 1.25], "texture": "#1"},
				"down": {"uv": [0, 0, 1.25, 1.25], "texture": "#1"}
			}
		},
		{
			"name": "Left5",
			"from": [10.5, 8, 0],
			"to": [11.75, 9.25, 1.25],
			"faces": {
				"north": {"uv": [0, 0, 1.25, 1.25], "texture": "#1"},
				"east": {"uv": [0, 0, 1.25, 1.25], "texture": "#1"},
				"south": {"uv": [0, 0, 1.25, 1.25], "texture": "#1"},
				"west": {"uv": [0, 0, 1.25, 1.25], "texture": "#1"},
				"up": {"uv": [0, 0, 1.25, 1.25], "texture": "#1"},
				"down": {"uv": [0, 0, 1.25, 1.25], "texture": "#1"}
			}
		},
		{
			"name": "Left6",
			"from": [4.25, 8, 3.75],
			"to": [5.5, 9.25, 5],
			"faces": {
				"north": {"uv": [0, 0, 1.25, 1.25], "texture": "#1"},
				"east": {"uv": [0, 0, 1.25, 1.25], "texture": "#1"},
				"south": {"uv": [0, 0, 1.25, 1.25], "texture": "#1"},
				"west": {"uv": [0, 0, 1.25, 1.25], "texture": "#1"},
				"up": {"uv": [0, 0, 1.25, 1.25], "texture": "#1"},
				"down": {"uv": [0, 0, 1.25, 1.25], "texture": "#1"}
			}
		},
		{
			"from": [1.75, 3, -3.25],
			"to": [4, 5.5, 2],
			"faces": {
				"north": {"uv": [0, 0, 2.25, 2.5], "texture": "#0"},
				"east": {"uv": [0, 0, 5.25, 2.5], "texture": "#0"},
				"south": {"uv": [0, 0, 2.25, 2.5], "texture": "#0"},
				"west": {"uv": [0, 0, 5.25, 2.5], "texture": "#0"},
				"up": {"uv": [0, 0, 2.25, 5.25], "texture": "#0"},
				"down": {"uv": [0, 0, 2.25, 5.25], "texture": "#0"}
			}
		},
		{
			"from": [11.75, 3, -3.25],
			"to": [14, 5.5, 2],
			"faces": {
				"north": {"uv": [0, 0, 2.25, 2.5], "texture": "#0"},
				"east": {"uv": [0, 0, 5.25, 2.5], "texture": "#0"},
				"south": {"uv": [0, 0, 2.25, 2.5], "texture": "#0"},
				"west": {"uv": [0, 0, 5.25, 2.5], "texture": "#0"},
				"up": {"uv": [0, 0, 2.25, 5.25], "texture": "#0"},
				"down": {"uv": [0, 0, 2.25, 5.25], "texture": "#0"}
			}
		},
		{
			"from": [16.25, 3, -4.75],
			"to": [17.5, 4.5, 0.5],
			"rotation": {"angle": 22.5, "axis": "y", "origin": [8, 8, 8]},
			"faces": {
				"north": {"uv": [0, 0, 1.25, 1.5], "texture": "#0"},
				"east": {"uv": [0, 0, 5.25, 1.5], "texture": "#0"},
				"south": {"uv": [0, 0, 1.25, 1.5], "texture": "#0"},
				"west": {"uv": [0, 0, 5.25, 1.5], "texture": "#0"},
				"up": {"uv": [0, 0, 1.25, 5.25], "texture": "#0"},
				"down": {"uv": [0, 0, 1.25, 5.25], "texture": "#0"}
			}
		},
		{
			"from": [-1.75, 3, -4.75],
			"to": [-0.5, 4.5, 0.5],
			"rotation": {"angle": -22.5, "axis": "y", "origin": [8, 8, 8]},
			"faces": {
				"north": {"uv": [0, 0, 1.25, 1.5], "texture": "#0"},
				"east": {"uv": [0, 0, 5.25, 1.5], "texture": "#0"},
				"south": {"uv": [0, 0, 1.25, 1.5], "texture": "#0"},
				"west": {"uv": [0, 0, 5.25, 1.5], "texture": "#0"},
				"up": {"uv": [0, 0, 1.25, 5.25], "texture": "#0"},
				"down": {"uv": [0, 0, 1.25, 5.25], "texture": "#0"}
			}
		},
		{
			"name": "Spike",
			"from": [7.5, 1.75, 20.75],
			"to": [8.5, 7.75, 21.75],
			"rotation": {"angle": 22.5, "axis": "x", "origin": [8, 8, 8]},
			"faces": {
				"north": {"uv": [0, 0, 1, 6], "texture": "#1"},
				"east": {"uv": [0, 0, 1, 6], "texture": "#1"},
				"south": {"uv": [0, 0, 1, 6], "texture": "#1"},
				"west": {"uv": [0, 0, 1, 6], "texture": "#1"},
				"up": {"uv": [0, 0, 1, 1], "texture": "#1"},
				"down": {"uv": [0, 0, 1, 1], "texture": "#1"}
			}
		},
		{
			"from": [0.25, 3.25, 4.75],
			"to": [2.75, 13, 7.5],
			"rotation": {"angle": 22.5, "axis": "z", "origin": [8, 8, 8]},
			"faces": {
				"north": {"uv": [0, 0, 2.5, 9.75], "texture": "#0"},
				"east": {"uv": [0, 0, 2.75, 9.75], "texture": "#0"},
				"south": {"uv": [0, 0, 2.5, 9.75], "texture": "#0"},
				"west": {"uv": [0, 0, 2.75, 9.75], "texture": "#0"},
				"up": {"uv": [0, 0, 2.5, 2.75], "texture": "#0"},
				"down": {"uv": [0, 0, 2.5, 2.75], "texture": "#0"}
			}
		},
		{
			"from": [0, -7.75, 5.25],
			"to": [1.5, 7, 7],
			"rotation": {"angle": -22.5, "axis": "z", "origin": [8, 8, 8]},
			"faces": {
				"north": {"uv": [0, 0, 1.5, 14.75], "texture": "#0"},
				"east": {"uv": [0, 0, 1.75, 14.75], "texture": "#0"},
				"south": {"uv": [0, 0, 1.5, 14.75], "texture": "#0"},
				"west": {"uv": [0, 0, 1.75, 14.75], "texture": "#0"},
				"up": {"uv": [0, 0, 1.5, 1.75], "texture": "#0"},
				"down": {"uv": [0, 0, 1.5, 1.75], "texture": "#0"}
			}
		},
		{
			"from": [0.5, 3.25, 9.75],
			"to": [3, 13, 12.5],
			"rotation": {"angle": 22.5, "axis": "z", "origin": [8.25, 8, 13]},
			"faces": {
				"north": {"uv": [0, 0, 2.5, 9.75], "texture": "#0"},
				"east": {"uv": [0, 0, 2.75, 9.75], "texture": "#0"},
				"south": {"uv": [0, 0, 2.5, 9.75], "texture": "#0"},
				"west": {"uv": [0, 0, 2.75, 9.75], "texture": "#0"},
				"up": {"uv": [0, 0, 2.5, 2.75], "texture": "#0"},
				"down": {"uv": [0, 0, 2.5, 2.75], "texture": "#0"}
			}
		},
		{
			"from": [0.25, -7.75, 10.25],
			"to": [1.75, 7, 12],
			"rotation": {"angle": -22.5, "axis": "z", "origin": [8.25, 8, 13]},
			"faces": {
				"north": {"uv": [0, 0, 1.5, 14.75], "texture": "#0"},
				"east": {"uv": [0, 0, 1.75, 14.75], "texture": "#0"},
				"south": {"uv": [0, 0, 1.5, 14.75], "texture": "#0"},
				"west": {"uv": [0, 0, 1.75, 14.75], "texture": "#0"},
				"up": {"uv": [0, 0, 1.5, 1.75], "texture": "#0"},
				"down": {"uv": [0, 0, 1.5, 1.75], "texture": "#0"}
			}
		},
		{
			"from": [-0.5, 3.25, 14.5],
			"to": [2, 13, 17.25],
			"rotation": {"angle": 22.5, "axis": "z", "origin": [7.25, 8, 17.75]},
			"faces": {
				"north": {"uv": [0, 0, 2.5, 9.75], "texture": "#0"},
				"east": {"uv": [0, 0, 2.75, 9.75], "texture": "#0"},
				"south": {"uv": [0, 0, 2.5, 9.75], "texture": "#0"},
				"west": {"uv": [0, 0, 2.75, 9.75], "texture": "#0"},
				"up": {"uv": [0, 0, 2.5, 2.75], "texture": "#0"},
				"down": {"uv": [0, 0, 2.5, 2.75], "texture": "#0"}
			}
		},
		{
			"from": [-0.75, -7.75, 15],
			"to": [0.75, 7, 16.75],
			"rotation": {"angle": -22.5, "axis": "z", "origin": [7.25, 8, 17.75]},
			"faces": {
				"north": {"uv": [0, 0, 1.5, 14.75], "texture": "#0"},
				"east": {"uv": [0, 0, 1.75, 14.75], "texture": "#0"},
				"south": {"uv": [0, 0, 1.5, 14.75], "texture": "#0"},
				"west": {"uv": [0, 0, 1.75, 14.75], "texture": "#0"},
				"up": {"uv": [0, 0, 1.5, 1.75], "texture": "#0"},
				"down": {"uv": [0, 0, 1.5, 1.75], "texture": "#0"}
			}
		},
		{
			"from": [14.5, -3.25, 4.75],
			"to": [17, 6.5, 7.5],
			"rotation": {"angle": -22.5, "axis": "z", "origin": [24.5, 8, 8]},
			"faces": {
				"north": {"uv": [0, 0, 2.5, 9.75], "texture": "#0"},
				"east": {"uv": [0, 0, 2.75, 9.75], "texture": "#0"},
				"south": {"uv": [0, 0, 2.5, 9.75], "texture": "#0"},
				"west": {"uv": [0, 0, 2.75, 9.75], "texture": "#0"},
				"up": {"uv": [0, 0, 2.5, 2.75], "texture": "#0"},
				"down": {"uv": [0, 0, 2.5, 2.75], "texture": "#0"}
			}
		},
		{
			"from": [15.75, -1.75, 5.25],
			"to": [17.25, 13, 7],
			"rotation": {"angle": 22.5, "axis": "z", "origin": [24.5, 8, 8]},
			"faces": {
				"north": {"uv": [0, 0, 1.5, 14.75], "texture": "#0"},
				"east": {"uv": [0, 0, 1.75, 14.75], "texture": "#0"},
				"south": {"uv": [0, 0, 1.5, 14.75], "texture": "#0"},
				"west": {"uv": [0, 0, 1.75, 14.75], "texture": "#0"},
				"up": {"uv": [0, 0, 1.5, 1.75], "texture": "#0"},
				"down": {"uv": [0, 0, 1.5, 1.75], "texture": "#0"}
			}
		},
		{
			"from": [14.25, -3.25, 9.75],
			"to": [16.75, 6.5, 12.5],
			"rotation": {"angle": -22.5, "axis": "z", "origin": [24.25, 8, 13]},
			"faces": {
				"north": {"uv": [0, 0, 2.5, 9.75], "texture": "#0"},
				"east": {"uv": [0, 0, 2.75, 9.75], "texture": "#0"},
				"south": {"uv": [0, 0, 2.5, 9.75], "texture": "#0"},
				"west": {"uv": [0, 0, 2.75, 9.75], "texture": "#0"},
				"up": {"uv": [0, 0, 2.5, 2.75], "texture": "#0"},
				"down": {"uv": [0, 0, 2.5, 2.75], "texture": "#0"}
			}
		},
		{
			"from": [15.5, -1.75, 10.25],
			"to": [17, 13, 12],
			"rotation": {"angle": 22.5, "axis": "z", "origin": [24.25, 8, 13]},
			"faces": {
				"north": {"uv": [0, 0, 1.5, 14.75], "texture": "#0"},
				"east": {"uv": [0, 0, 1.75, 14.75], "texture": "#0"},
				"south": {"uv": [0, 0, 1.5, 14.75], "texture": "#0"},
				"west": {"uv": [0, 0, 1.75, 14.75], "texture": "#0"},
				"up": {"uv": [0, 0, 1.5, 1.75], "texture": "#0"},
				"down": {"uv": [0, 0, 1.5, 1.75], "texture": "#0"}
			}
		},
		{
			"from": [15.25, -3.25, 14.5],
			"to": [17.75, 6.5, 17.25],
			"rotation": {"angle": -22.5, "axis": "z", "origin": [25.25, 8, 17.75]},
			"faces": {
				"north": {"uv": [0, 0, 2.5, 9.75], "texture": "#0"},
				"east": {"uv": [0, 0, 2.75, 9.75], "texture": "#0"},
				"south": {"uv": [0, 0, 2.5, 9.75], "texture": "#0"},
				"west": {"uv": [0, 0, 2.75, 9.75], "texture": "#0"},
				"up": {"uv": [0, 0, 2.5, 2.75], "texture": "#0"},
				"down": {"uv": [0, 0, 2.5, 2.75], "texture": "#0"}
			}
		},
		{
			"from": [16.5, -1.75, 15],
			"to": [18, 13, 16.75],
			"rotation": {"angle": 22.5, "axis": "z", "origin": [25.25, 8, 17.75]},
			"faces": {
				"north": {"uv": [0, 0, 1.5, 14.75], "texture": "#0"},
				"east": {"uv": [0, 0, 1.75, 14.75], "texture": "#0"},
				"south": {"uv": [0, 0, 1.5, 14.75], "texture": "#0"},
				"west": {"uv": [0, 0, 1.75, 14.75], "texture": "#0"},
				"up": {"uv": [0, 0, 1.5, 1.75], "texture": "#0"},
				"down": {"uv": [0, 0, 1.5, 1.75], "texture": "#0"}
			}
		}
	],
	"display": {
		"thirdperson_righthand": {
			"translation": [0, 1.5, 0],
			"scale": [0.13, 0.13, 0.13]
		},
		"ground": {
			"translation": [0, 9.25, 0]
		},
		"gui": {
			"rotation": [90, 0, 0],
			"translation": [0, -0.5, 0],
			"scale": [0.5, 0.5, 0.5]
		},
		"head": {
			"translation": [-1.75, 3.5, 0],
			"scale": [4, 4, 4]
		}
	},
	"groups": [
		{
			"name": "Body",
			"origin": [8, 8, 8],
			"children": [0, 1, 2]
		},
		{
			"name": "Eyes",
			"origin": [8, 8, 8],
			"children": [3, 4, 5, 6, 7, 8, 9, 10]
		},
		{
			"name": "Pincers",
			"origin": [8, 8, 8],
			"children": [11, 12, 13, 14]
		}, 15,
		{
			"name": "LeftLegs",
			"origin": [8, 8, 8],
			"children": [
				{
					"name": "LL1",
					"origin": [8, 8, 8],
					"children": [16, 17]
				},
				{
					"name": "LL2",
					"origin": [8, 8, 8],
					"children": [18, 19]
				},
				{
					"name": "LL3",
					"origin": [8, 8, 8],
					"children": [20, 21]
				}
			]
		},
		{
			"name": "RightLegs",
			"origin": [8, 8, 8],
			"children": [
				{
					"name": "RL1",
					"origin": [8, 8, 8],
					"children": [22, 23]
				},
				{
					"name": "RL2",
					"origin": [8, 8, 8],
					"children": [24, 25]
				},
				{
					"name": "RL3",
					"origin": [8, 8, 8],
					"children": [26, 27]
				}
			]
		}
	]
}