{
	"credit": "Made with Blockbench",
	"textures": {
		"0": "block/dark_oak_door_top",
		"1": "block/emerald_ore",
		"2": "block/cauldron_side",
		"3": "item/leather_chestplate"
	},
	"elements": [
		{
			"name": "Cartridge",
			"from": [10.5, 5, 10],
			"to": [11.3, 7, 15],
			"faces": {
				"north": {"uv": [6, 2, 13, 5.8], "texture": "#0"},
				"east": {"uv": [2, 2, 11, 5.8], "texture": "#0"},
				"south": {"uv": [5, 5, 13, 9.8], "texture": "#0"},
				"west": {"uv": [3, 5, 12, 10.8], "texture": "#0"},
				"up": {"uv": [0, 1, 5, 13], "texture": "#0"},
				"down": {"uv": [7, 1, 14, 11], "texture": "#0"}
			}
		},
		{
			"name": "Cartridge2",
			"from": [10.5, 4.5, 15],
			"to": [11.4, 7.5, 18],
			"faces": {
				"north": {"uv": [4, 2, 14, 5.9], "texture": "#0"},
				"east": {"uv": [3, 6, 14, 10.9], "texture": "#0"},
				"south": {"uv": [4, 5, 14, 8.9], "texture": "#0"},
				"west": {"uv": [9, 7, 16, 11.9], "texture": "#0"},
				"up": {"uv": [0, 0, 7, 6], "texture": "#0"},
				"down": {"uv": [4, 2, 10, 8], "texture": "#0"}
			}
		},
		{
			"name": "Gem",
			"from": [11, 5.5, 16],
			"to": [12, 6.5, 17],
			"faces": {
				"north": {"uv": [4, 4, 6, 6], "texture": "#1"},
				"east": {"uv": [6, 5, 8, 7], "texture": "#1"},
				"south": {"uv": [7, 12, 9, 14], "texture": "#1"},
				"west": {"uv": [4, 4, 6, 6], "texture": "#1"},
				"up": {"uv": [5, 4, 7, 6], "texture": "#1"},
				"down": {"uv": [6, 1, 8, 3], "texture": "#1"}
			}
		},
		{
			"name": "Blade1",
			"from": [10.8, 5.4, 1],
			"to": [11, 6.6, 10],
			"faces": {
				"north": {"uv": [0, 0, 12.2, 3.2], "texture": "#2"},
				"east": {"uv": [0, 0, 13, 3.2], "texture": "#2"},
				"south": {"uv": [0, 0, 8.2, 3.2], "texture": "#2"},
				"west": {"uv": [0, 0, 12, 6.2], "texture": "#2"},
				"up": {"uv": [0, 0, 4.2, 12], "texture": "#2"},
				"down": {"uv": [0, 0, 4.2, 10], "texture": "#2"}
			}
		},
		{
			"name": "Blade2",
			"from": [10.8, 5.5, -1],
			"to": [11, 6.5, 1],
			"faces": {
				"north": {"uv": [0, 0, 4, 3.2], "texture": "#2"},
				"east": {"uv": [0, 0, 4, 2.2], "texture": "#2"},
				"south": {"uv": [0, 0, 3, 2.2], "texture": "#2"},
				"west": {"uv": [0, 0, 5, 2.2], "texture": "#2"},
				"up": {"uv": [0, 0, 4, 5], "texture": "#2"},
				"down": {"uv": [0, 0, 3, 3], "texture": "#2"}
			}
		},
		{
			"name": "Blade3",
			"from": [10.8, 5.7, -2],
			"to": [11, 6.3, -1],
			"faces": {
				"north": {"uv": [0, 0, 3.6, 3.2], "texture": "#2"},
				"east": {"uv": [0, 0, 4, 3.2], "texture": "#2"},
				"south": {"uv": [0, 0, 3.6, 3.2], "texture": "#2"},
				"west": {"uv": [0, 0, 4, 3.2], "texture": "#2"},
				"up": {"uv": [0, 0, 3.6, 5], "texture": "#2"},
				"down": {"uv": [0, 0, 3.6, 5], "texture": "#2"}
			}
		},
		{
			"name": "Strap1",
			"from": [5.5, 3.5, 12],
			"to": [10.5, 4.5, 13],
			"faces": {
				"north": {"uv": [4, 7, 11, 14], "texture": "#3"},
				"east": {"uv": [8, 5, 11, 14], "texture": "#3"},
				"south": {"uv": [4, 7, 11, 13], "texture": "#3"},
				"west": {"uv": [5, 5, 9, 14], "texture": "#3"},
				"up": {"uv": [4, 7, 11, 10], "texture": "#3"},
				"down": {"uv": [4, 8, 14, 12], "texture": "#3"}
			}
		},
		{
			"name": "Strap2",
			"from": [5.5, 4.5, 12],
			"to": [6.5, 7.5, 13],
			"faces": {
				"north": {"uv": [4, 7, 11, 14], "texture": "#3"},
				"east": {"uv": [8, 5, 11, 14], "texture": "#3"},
				"south": {"uv": [4, 7, 11, 13], "texture": "#3"},
				"west": {"uv": [5, 5, 9, 14], "texture": "#3"},
				"up": {"uv": [4, 7, 11, 10], "texture": "#3"},
				"down": {"uv": [4, 8, 14, 12], "texture": "#3"}
			}
		},
		{
			"name": "Strap3",
			"from": [5.5, 7.5, 12],
			"to": [10.5, 8.5, 13],
			"faces": {
				"north": {"uv": [4, 7, 11, 14], "texture": "#3"},
				"east": {"uv": [8, 5, 11, 14], "texture": "#3"},
				"south": {"uv": [4, 7, 11, 13], "texture": "#3"},
				"west": {"uv": [5, 5, 9, 14], "texture": "#3"},
				"up": {"uv": [4, 7, 11, 10], "texture": "#3"},
				"down": {"uv": [4, 8, 14, 12], "texture": "#3"}
			}
		},
		{
			"name": "Strap4",
			"from": [9.5, 4.5, 12],
			"to": [10.5, 7.5, 13],
			"faces": {
				"north": {"uv": [4, 7, 11, 14], "texture": "#3"},
				"east": {"uv": [8, 5, 11, 14], "texture": "#3"},
				"south": {"uv": [4, 7, 11, 13], "texture": "#3"},
				"west": {"uv": [5, 5, 9, 14], "texture": "#3"},
				"up": {"uv": [4, 7, 11, 10], "texture": "#3"},
				"down": {"uv": [4, 8, 14, 12], "texture": "#3"}
			}
		}
	],
	"display": {
		"thirdperson_righthand": {
			"scale": [1.1, 1.1, 1.1]
		},
		"thirdperson_lefthand": {
			"rotation": [0, 0, -180],
			"translation": [0, -4.25, 0],
			"scale": [1.1, 1.1, 1.1]
		},
		"firstperson_righthand": {
			"translation": [0, 1.75, 0],
			"scale": [1.1, 1.1, 1.1]
		},
		"firstperson_lefthand": {
			"rotation": [0, 0, -180],
			"translation": [-1.39, -2.5, 0],
			"scale": [1.3, 1.3, 1.3]
		},
		"ground": {
			"rotation": [-45, 0, 0],
			"translation": [0, 7, 0],
			"scale": [1.1, 1.1, 1.1]
		},
		"gui": {
			"rotation": [-180, 90, 0],
			"translation": [0, -4, 0],
			"scale": [0.7, 0.7, 0.7]
		},
		"fixed": {
			"scale": [1.1, 1.1, 1.1]
		}
	}
}