{
	"credit": "Made with Blockbench",
	"textures": {
		"0": "block/smithing_table_bottom",
		"1": "block/black_concrete",
		"2": "block/fire_coral_block",
		"particle": "block/smithing_table_bottom"
	},
	"elements": [
		{
			"from": [7.55, 6, 4],
			"to": [8.45, 8, 5],
			"faces": {
				"north": {"uv": [0, 0, 0.4, 4], "texture": "#0"},
				"east": {"uv": [0, 0, 1, 4], "texture": "#0"},
				"south": {"uv": [0, 0, 0.4, 4], "texture": "#0"},
				"west": {"uv": [0, 0, 1, 4], "texture": "#0"},
				"up": {"uv": [0, 0, 0.4, 1], "texture": "#0"},
				"down": {"uv": [0, 0, 0.4, 1], "texture": "#0"}
			}
		},
		{
			"name": "Prong1",
			"from": [7.8, 2.4, 4.25],
			"to": [8.2, 3, 8.25],
			"rotation": {"angle": 22.5, "axis": "x", "origin": [8, 9.5, 7]},
			"faces": {
				"north": {"uv": [0, 0, 0.4, 0.6], "texture": "#2"},
				"east": {"uv": [0, 0, 2, 0.6], "texture": "#2"},
				"south": {"uv": [0, 0, 0.4, 0.6], "texture": "#2"},
				"west": {"uv": [0, 0, 2, 0.6], "texture": "#2"},
				"up": {"uv": [0, 0, 0.4, 2], "texture": "#2"},
				"down": {"uv": [0, 0, 0.4, 2], "texture": "#2"}
			}
		},
		{
			"name": "Prong2",
			"from": [7.8, 13.15, 5],
			"to": [8.2, 13.75, 9],
			"rotation": {"angle": -22.5, "axis": "x", "origin": [8, 6.75, 7.75]},
			"faces": {
				"north": {"uv": [0, 0, 0.4, 0.6], "texture": "#2"},
				"east": {"uv": [0, 0, 2, 0.6], "texture": "#2"},
				"south": {"uv": [0, 0, 0.4, 0.6], "texture": "#2"},
				"west": {"uv": [0, 0, 2, 0.6], "texture": "#2"},
				"up": {"uv": [0, 0, 0.4, 2], "texture": "#2"},
				"down": {"uv": [0, 0, 0.4, 2], "texture": "#2"}
			}
		},
		{
			"from": [7.8, 6.75, 3.75],
			"to": [8.2, 12.75, 4.75],
			"rotation": {"angle": 22.5, "axis": "x", "origin": [8, 6.75, 7.75]},
			"faces": {
				"north": {"uv": [0, 0, 0.4, 4], "texture": "#1"},
				"east": {"uv": [0, 0, 1, 4], "texture": "#1"},
				"south": {"uv": [0, 0, 0.4, 4], "texture": "#1"},
				"west": {"uv": [0, 0, 1, 4], "texture": "#1"},
				"up": {"uv": [0, 0, 0.4, 1], "texture": "#1"},
				"down": {"uv": [0, 0, 0.4, 1], "texture": "#1"}
			}
		},
		{
			"from": [7.8, 11.75, 11.75],
			"to": [8.2, 12.75, 20.75],
			"rotation": {"angle": -45, "axis": "x", "origin": [8, 6.75, 7.75]},
			"faces": {
				"north": {"uv": [0, 0, 0.4, 1], "rotation": 180, "texture": "#1"},
				"east": {"uv": [0, 0, 1, 9], "rotation": 270, "texture": "#1"},
				"south": {"uv": [0, 0, 0.4, 1], "texture": "#1"},
				"west": {"uv": [0, 0, 1, 9], "rotation": 90, "texture": "#1"},
				"up": {"uv": [0, 0, 0.4, 9], "rotation": 180, "texture": "#1"},
				"down": {"uv": [0, 0, 0.4, 9], "texture": "#1"}
			}
		},
		{
			"from": [7.8, 3.5, 3],
			"to": [8.2, 7.5, 4],
			"rotation": {"angle": -22.5, "axis": "x", "origin": [8, 9.5, 7]},
			"faces": {
				"north": {"uv": [0, 0, 0.4, 4], "texture": "#1"},
				"east": {"uv": [0, 0, 1, 4], "texture": "#1"},
				"south": {"uv": [0, 0, 0.4, 4], "texture": "#1"},
				"west": {"uv": [0, 0, 1, 4], "texture": "#1"},
				"up": {"uv": [0, 0, 0.4, 1], "texture": "#1"},
				"down": {"uv": [0, 0, 0.4, 1], "texture": "#1"}
			}
		},
		{
			"from": [7.8, -3.5, 1],
			"to": [8.2, 5.5, 2],
			"rotation": {"angle": -45, "axis": "x", "origin": [8, 9.5, 7]},
			"faces": {
				"north": {"uv": [0, 0, 0.4, 9], "texture": "#1"},
				"east": {"uv": [0, 0, 1, 9], "texture": "#1"},
				"south": {"uv": [0, 0, 0.4, 9], "texture": "#1"},
				"west": {"uv": [0, 0, 1, 9], "texture": "#1"},
				"up": {"uv": [0, 0, 0.4, 1], "texture": "#1"},
				"down": {"uv": [0, 0, 0.4, 1], "texture": "#1"}
			}
		},
		{
			"name": "TopProng",
			"from": [7.8, 20.75, 5.75],
			"to": [8.2, 21.35, 7.75],
			"rotation": {"angle": 22.5, "axis": "x", "origin": [8, 6.75, 7.75]},
			"faces": {
				"north": {"uv": [0, 0, 0.4, 0.6], "texture": "#2"},
				"east": {"uv": [0, 0, 2, 0.6], "texture": "#2"},
				"south": {"uv": [0, 0, 0.4, 0.6], "texture": "#2"},
				"west": {"uv": [0, 0, 2, 0.6], "texture": "#2"},
				"up": {"uv": [0, 0, 0.4, 2], "texture": "#2"},
				"down": {"uv": [0, 0, 0.4, 2], "texture": "#2"}
			}
		},
		{
			"name": "BottomProng",
			"from": [7.8, -5.1, 5],
			"to": [8.2, -4.5, 7],
			"rotation": {"angle": -22.5, "axis": "x", "origin": [8, 9.5, 7]},
			"faces": {
				"north": {"uv": [0, 0, 0.4, 0.6], "texture": "#2"},
				"east": {"uv": [0, 0, 2, 0.6], "texture": "#2"},
				"south": {"uv": [0, 0, 0.4, 0.6], "texture": "#2"},
				"west": {"uv": [0, 0, 2, 0.6], "texture": "#2"},
				"up": {"uv": [0, 0, 0.4, 2], "texture": "#2"},
				"down": {"uv": [0, 0, 0.4, 2], "texture": "#2"}
			}
		},
		{
			"name": "string",
			"from": [7.85, -0.5, 16],
			"to": [8.05, 11.25, 16.2],
			"rotation": {"angle": 22.5, "axis": "x", "origin": [8, 8, 8]},
			"faces": {
				"north": {"uv": [12, 0, 13.2, 16], "texture": "#0"},
				"east": {"uv": [5, 0, 5.2, 16], "texture": "#0"},
				"south": {"uv": [5, 0, 5.2, 16], "texture": "#0"},
				"west": {"uv": [5, 0, 5.2, 16], "texture": "#0"},
				"up": {"uv": [0, 0, 0.2, 0.2], "texture": "#0"},
				"down": {"uv": [0, 0, 0.2, 0.2], "texture": "#0"}
			}
		},
		{
			"name": "string",
			"from": [7.85, 4.5, 16],
			"to": [8.05, 16.25, 16.2],
			"rotation": {"angle": -22.5, "axis": "x", "origin": [8, 8, 8]},
			"faces": {
				"north": {"uv": [12, 0, 13.2, 16], "texture": "#0"},
				"east": {"uv": [5, 0, 5.2, 16], "texture": "#0"},
				"south": {"uv": [5, 0, 5.2, 16], "texture": "#0"},
				"west": {"uv": [5, 0, 5.2, 16], "texture": "#0"},
				"up": {"uv": [0, 0, 0.2, 0.2], "texture": "#0"},
				"down": {"uv": [0, 0, 0.2, 0.2], "texture": "#0"}
			}
		},
		{
			"name": "Shaft",
			"from": [7.75, 8, 4.25],
			"to": [8, 8.25, 15.25],
			"rotation": {"angle": 0, "axis": "y", "origin": [8, 8, 15.25]},
			"faces": {
				"north": {"uv": [0, 0, 0.25, 0.25], "texture": "#0"},
				"east": {"uv": [0, 0, 11, 0.25], "texture": "#0"},
				"south": {"uv": [0, 0, 0.25, 0.25], "texture": "#0"},
				"west": {"uv": [0, 0, 11, 0.25], "texture": "#0"},
				"up": {"uv": [0, 0, 0.25, 11], "texture": "#0"},
				"down": {"uv": [0, 0, 0.25, 11], "texture": "#0"}
			}
		},
		{
			"from": [7.75, 7.75, 2.5],
			"to": [8, 8.5, 4.25],
			"rotation": {"angle": 0, "axis": "y", "origin": [8, 8, 15.25]},
			"faces": {
				"north": {"uv": [0, 0, 0.25, 0.75], "texture": "#2"},
				"east": {"uv": [0, 0, 1.75, 0.75], "texture": "#2"},
				"south": {"uv": [0, 0, 0.25, 0.75], "texture": "#2"},
				"west": {"uv": [0, 0, 1.75, 0.75], "texture": "#2"},
				"up": {"uv": [0, 0, 0.25, 1.75], "texture": "#2"},
				"down": {"uv": [0, 0, 0.25, 1.75], "texture": "#2"}
			}
		},
		{
			"from": [7.25, 8, 15.25],
			"to": [8.5, 8.25, 17],
			"rotation": {"angle": 45, "axis": "z", "origin": [8, 8, 15.25]},
			"faces": {
				"north": {"uv": [0, 0, 0.25, 1.25], "rotation": 270, "texture": "#0"},
				"east": {"uv": [0, 0, 0.25, 1.75], "rotation": 90, "texture": "#0"},
				"south": {"uv": [0, 0, 0.25, 1.25], "rotation": 90, "texture": "#0"},
				"west": {"uv": [0, 0, 0.25, 1.75], "rotation": 90, "texture": "#0"},
				"up": {"uv": [0, 0, 1.75, 1.25], "rotation": 90, "texture": "#0"},
				"down": {"uv": [0, 0, 1.75, 1.25], "rotation": 90, "texture": "#0"}
			}
		},
		{
			"from": [7.25, 7.75, 15.25],
			"to": [8.5, 8, 17],
			"rotation": {"angle": -45, "axis": "z", "origin": [8, 8, 15.25]},
			"faces": {
				"north": {"uv": [0, 0, 0.25, 1.25], "rotation": 90, "texture": "#0"},
				"east": {"uv": [0, 0, 0.25, 1.75], "rotation": 270, "texture": "#0"},
				"south": {"uv": [0, 0, 0.25, 1.25], "rotation": 270, "texture": "#0"},
				"west": {"uv": [0, 0, 0.25, 1.75], "rotation": 270, "texture": "#0"},
				"up": {"uv": [0, 0, 1.75, 1.25], "rotation": 270, "texture": "#0"},
				"down": {"uv": [0, 0, 1.75, 1.25], "rotation": 270, "texture": "#0"}
			}
		}
	],
	"display": {
		"thirdperson_righthand": {
			"translation": [-2, 0, 3.75]
		},
		"thirdperson_lefthand": {
			"translation": [-2, 0, 4]
		},
		"firstperson_righthand": {
			"rotation": [22, 8, 2],
			"translation": [0, 4.25, -6.25],
			"scale": [1.27, 1.27, 1.27]
		},
		"ground": {
			"rotation": [-45, -1, 0],
			"translation": [0, 2.25, 0],
			"scale": [0.42, 0.42, 0.42]
		},
		"gui": {
			"rotation": [0, 90, 0],
			"translation": [-1.25, -0.25, 0],
			"scale": [0.49, 0.49, 0.49]
		},
		"fixed": {
			"rotation": [0, -90, 0],
			"translation": [0, -0.25, 0],
			"scale": [0.62, 0.62, 0.62]
		}
	},
	"groups": [
		{
			"name": "BowCenter",
			"origin": [8, 8, 8],
			"children": [0, 1, 2]
		},
		{
			"name": "ARMs",
			"origin": [8, 8, 8],
			"children": [3, 4, 5, 6, 7, 8]
		}, 9, 10,
		{
			"name": "Arrow",
			"origin": [8, 8, 8],
			"children": [11, 12, 13, 14]
		}
	]
}