{
	"credit": "Made with Blockbench",
	"textures": {
		"0": "block/bone_block_top",
		"1": "block/coal_block"
	},
	"elements": [
		{
			"name": "Inards",
			"from": [6.5, 9.7, 9],
			"to": [9.5, 12.2, 12.75],
			"faces": {
				"north": {"uv": [2, 1, 14, 14], "texture": "#0"},
				"east": {"uv": [4, 1, 15, 13], "texture": "#0"},
				"south": {"uv": [5, 2, 15, 13], "texture": "#0"},
				"west": {"uv": [0, 3, 16, 13], "texture": "#0"},
				"up": {"uv": [2, 2, 12, 11], "texture": "#0"},
				"down": {"uv": [3, 3, 12, 10], "texture": "#0"}
			}
		},
		{
			"name": "SkullBack",
			"from": [6.2, 9.3, 9.3],
			"to": [9.7, 12.8, 13.55],
			"faces": {
				"north": {"uv": [2, 1, 14, 14], "texture": "#1"},
				"east": {"uv": [4, 1, 15, 13], "texture": "#1"},
				"south": {"uv": [5, 2, 10, 5], "texture": "#1"},
				"west": {"uv": [0, 3, 3, 6], "texture": "#1"},
				"up": {"uv": [2, 2, 5, 5], "texture": "#1"},
				"down": {"uv": [3, 3, 12, 10], "texture": "#1"}
			}
		},
		{
			"name": "Face1",
			"from": [6.3, 9.3, 8.3],
			"to": [9.6, 10, 10.55],
			"faces": {
				"north": {"uv": [2, 1, 6, 2], "texture": "#1"},
				"east": {"uv": [4, 1, 9, 4], "texture": "#1"},
				"south": {"uv": [5, 2, 15, 13], "texture": "#1"},
				"west": {"uv": [0, 3, 16, 13], "texture": "#1"},
				"up": {"uv": [2, 2, 6, 5], "texture": "#1"},
				"down": {"uv": [3, 3, 12, 10], "texture": "#1"}
			}
		},
		{
			"name": "Face2",
			"from": [6.5, 7.9, 8.3],
			"to": [6.8, 9.6, 9.55],
			"faces": {
				"north": {"uv": [2, 1, 5, 4], "texture": "#1"},
				"east": {"uv": [4, 1, 15, 13], "texture": "#1"},
				"south": {"uv": [5, 2, 15, 13], "texture": "#1"},
				"west": {"uv": [0, 3, 16, 13], "texture": "#1"},
				"up": {"uv": [2, 2, 12, 11], "texture": "#1"},
				"down": {"uv": [3, 3, 12, 10], "texture": "#1"}
			}
		},
		{
			"name": "Face3",
			"from": [9.3, 8.9, 8.3],
			"to": [9.6, 9.6, 9.55],
			"faces": {
				"north": {"uv": [2, 1, 4, 3], "texture": "#1"},
				"east": {"uv": [4, 1, 5, 2], "texture": "#1"},
				"south": {"uv": [5, 2, 15, 13], "texture": "#1"},
				"west": {"uv": [0, 3, 16, 13], "texture": "#1"},
				"up": {"uv": [2, 2, 12, 11], "texture": "#1"},
				"down": {"uv": [3, 3, 12, 10], "texture": "#1"}
			}
		},
		{
			"name": "Face4",
			"from": [8.3, 8.5, 8.3],
			"to": [8.8, 9.4, 9.55],
			"faces": {
				"north": {"uv": [0, 0, 6, 6], "texture": "#1"},
				"east": {"uv": [4, 1, 15, 13], "texture": "#1"},
				"south": {"uv": [5, 2, 15, 13], "texture": "#1"},
				"west": {"uv": [0, 3, 16, 13], "texture": "#1"},
				"up": {"uv": [2, 2, 12, 11], "texture": "#1"},
				"down": {"uv": [3, 3, 12, 10], "texture": "#1"}
			}
		},
		{
			"name": "Face5",
			"from": [7.3, 8.8, 8.3],
			"to": [7.9, 9.4, 9.55],
			"faces": {
				"north": {"uv": [2, 1, 5, 6], "texture": "#1"},
				"east": {"uv": [4, 1, 15, 13], "texture": "#1"},
				"south": {"uv": [5, 2, 15, 13], "texture": "#1"},
				"west": {"uv": [0, 3, 16, 13], "texture": "#1"},
				"up": {"uv": [2, 2, 12, 11], "texture": "#1"},
				"down": {"uv": [3, 3, 12, 10], "texture": "#1"}
			}
		},
		{
			"name": "FaceSide1",
			"from": [6.3, 9.8, 8.8],
			"to": [6.9, 11.9, 10.05],
			"faces": {
				"north": {"uv": [2, 1, 3, 8], "texture": "#1"},
				"east": {"uv": [4, 1, 15, 13], "texture": "#1"},
				"south": {"uv": [5, 2, 15, 13], "texture": "#1"},
				"west": {"uv": [0, 3, 16, 13], "texture": "#1"},
				"up": {"uv": [2, 2, 12, 11], "texture": "#1"},
				"down": {"uv": [3, 3, 12, 10], "texture": "#1"}
			}
		},
		{
			"name": "FaceSide2",
			"from": [9, 9.8, 8.8],
			"to": [9.6, 12.4, 10.05],
			"faces": {
				"north": {"uv": [2, 1, 2, 8], "texture": "#1"},
				"east": {"uv": [4, 1, 4, 7], "texture": "#1"},
				"south": {"uv": [5, 2, 15, 13], "texture": "#1"},
				"west": {"uv": [0, 3, 16, 13], "texture": "#1"},
				"up": {"uv": [2, 2, 4, 5], "texture": "#1"},
				"down": {"uv": [3, 3, 12, 10], "texture": "#1"}
			}
		},
		{
			"name": "FaceSide3",
			"from": [6.5, 11.8, 8.8],
			"to": [9.1, 12.4, 10.05],
			"faces": {
				"north": {"uv": [2, 1, 6, 3], "texture": "#1"},
				"east": {"uv": [4, 1, 15, 13], "texture": "#1"},
				"south": {"uv": [5, 2, 15, 13], "texture": "#1"},
				"west": {"uv": [0, 3, 16, 13], "texture": "#1"},
				"up": {"uv": [2, 2, 6, 2], "texture": "#1"},
				"down": {"uv": [3, 3, 12, 10], "texture": "#1"}
			}
		},
		{
			"name": "FaceTop",
			"from": [6.5, 10.5, 8.8],
			"to": [9.1, 11.1, 10.05],
			"faces": {
				"north": {"uv": [1, 0, 8, 4], "texture": "#1"},
				"east": {"uv": [4, 1, 15, 13], "texture": "#1"},
				"south": {"uv": [5, 2, 15, 13], "texture": "#1"},
				"west": {"uv": [0, 3, 16, 13], "texture": "#1"},
				"up": {"uv": [2, 2, 12, 11], "texture": "#1"},
				"down": {"uv": [3, 3, 12, 10], "texture": "#1"}
			}
		},
		{
			"name": "FaceMiddle",
			"from": [7.4, 10.5, 8.8],
			"to": [8.5, 12.1, 10.05],
			"faces": {
				"north": {"uv": [2, 1, 4, 5], "texture": "#1"},
				"east": {"uv": [4, 1, 15, 13], "texture": "#1"},
				"south": {"uv": [5, 2, 15, 13], "texture": "#1"},
				"west": {"uv": [0, 3, 16, 13], "texture": "#1"},
				"up": {"uv": [2, 2, 12, 11], "texture": "#1"},
				"down": {"uv": [3, 3, 12, 10], "texture": "#1"}
			}
		},
		{
			"name": "Cube",
			"from": [8.4, 9.5, 8.8],
			"to": [9.5, 11.1, 10.05],
			"faces": {
				"north": {"uv": [2, 1, 3, 3], "texture": "#1"},
				"east": {"uv": [4, 1, 15, 13], "texture": "#1"},
				"south": {"uv": [5, 2, 15, 13], "texture": "#1"},
				"west": {"uv": [0, 3, 16, 13], "texture": "#1"},
				"up": {"uv": [2, 2, 12, 11], "texture": "#1"},
				"down": {"uv": [3, 3, 12, 10], "texture": "#1"}
			}
		},
		{
			"name": "Cube",
			"from": [6.4, 9.5, 8.8],
			"to": [7.5, 10.6, 10.05],
			"faces": {
				"north": {"uv": [2, 1, 4, 3], "texture": "#1"},
				"east": {"uv": [4, 1, 15, 13], "texture": "#1"},
				"south": {"uv": [5, 2, 15, 13], "texture": "#1"},
				"west": {"uv": [0, 3, 16, 13], "texture": "#1"},
				"up": {"uv": [2, 2, 12, 11], "texture": "#1"},
				"down": {"uv": [3, 3, 12, 10], "texture": "#1"}
			}
		},
		{
			"name": "Cube",
			"from": [7.7, 9.5, 8.8],
			"to": [8.2, 11.1, 10.05],
			"faces": {
				"north": {"uv": [6, 11, 8, 14], "texture": "#1"},
				"east": {"uv": [4, 1, 15, 13], "texture": "#1"},
				"south": {"uv": [5, 2, 15, 13], "texture": "#1"},
				"west": {"uv": [0, 3, 16, 13], "texture": "#1"},
				"up": {"uv": [2, 2, 12, 11], "texture": "#1"},
				"down": {"uv": [3, 3, 12, 10], "texture": "#1"}
			}
		},
		{
			"name": "Rounded",
			"from": [7.5, 9.8, 9.8],
			"to": [10, 12.3, 13.05],
			"faces": {
				"north": {"uv": [2, 1, 14, 14], "texture": "#1"},
				"east": {"uv": [4, 1, 8, 5], "texture": "#1"},
				"south": {"uv": [5, 2, 15, 13], "texture": "#1"},
				"west": {"uv": [0, 3, 16, 13], "texture": "#1"},
				"up": {"uv": [2, 2, 12, 11], "texture": "#1"},
				"down": {"uv": [3, 3, 12, 10], "texture": "#1"}
			}
		},
		{
			"name": "Rounded2",
			"from": [5.8, 9.8, 9.8],
			"to": [8.3, 12.3, 13.05],
			"faces": {
				"north": {"uv": [2, 1, 14, 14], "texture": "#1"},
				"east": {"uv": [4, 1, 15, 13], "texture": "#1"},
				"south": {"uv": [5, 2, 15, 13], "texture": "#1"},
				"west": {"uv": [0, 3, 4, 6], "texture": "#1"},
				"up": {"uv": [2, 2, 12, 11], "texture": "#1"},
				"down": {"uv": [3, 3, 12, 10], "texture": "#1"}
			}
		}
	],
	"display": {
		"head": {
			"translation": [0, -11, -13],
			"scale": [4, 4, 4]
		}
	}
}