{
	"credit": "Made with Blockbench",
	"textures": {
		"0": "block/bone_block_top",
		"1": "block/bone_block_side",
		"2": "entity/lead_knot",
		"particle": "block/bone_block_top"
	},
	"elements": [
		{
			"from": [7.75, 15.25, 5.25],
			"to": [8, 15.5, 6.75],
			"rotation": {"angle": 0, "axis": "y", "origin": [15.75, 23.25, 14.25]},
			"faces": {
				"north": {"uv": [0, 0, 0.25, 0.25], "texture": "#1"},
				"east": {"uv": [0, 0, 1.5, 0.25], "texture": "#1"},
				"south": {"uv": [0, 0, 0.25, 0.25], "texture": "#1"},
				"west": {"uv": [0, 0, 1.5, 0.25], "texture": "#1"},
				"up": {"uv": [0, 0, 0.25, 1.5], "texture": "#1"},
				"down": {"uv": [0, 0, 0.25, 1.5], "texture": "#1"}
			}
		},
		{
			"from": [7.75, 9.75, 4.5],
			"to": [8, 10.25, 6.5],
			"rotation": {"angle": 0, "axis": "y", "origin": [15.75, 17.75, 13.5]},
			"faces": {
				"north": {"uv": [0, 0, 0.25, 0.5], "texture": "#1"},
				"east": {"uv": [0, 0, 2, 0.5], "texture": "#1"},
				"south": {"uv": [0, 0, 0.25, 0.5], "texture": "#1"},
				"west": {"uv": [0, 0, 2, 0.5], "texture": "#1"},
				"up": {"uv": [0, 0, 0.25, 2], "texture": "#1"},
				"down": {"uv": [0, 0, 0.25, 2], "texture": "#1"}
			}
		},
		{
			"from": [7.75, 8.75, 4.25],
			"to": [8, 9.25, 6.25],
			"rotation": {"angle": 0, "axis": "y", "origin": [15.75, 16.75, 13.25]},
			"faces": {
				"north": {"uv": [0, 0, 0.25, 0.5], "texture": "#1"},
				"east": {"uv": [0, 0, 2, 0.5], "texture": "#1"},
				"south": {"uv": [0, 0, 0.25, 0.5], "texture": "#1"},
				"west": {"uv": [0, 0, 2, 0.5], "texture": "#1"},
				"up": {"uv": [0, 0, 0.25, 2], "texture": "#1"},
				"down": {"uv": [0, 0, 0.25, 2], "texture": "#1"}
			}
		},
		{
			"from": [7.75, 8, 4.75],
			"to": [8, 8.5, 6.75],
			"rotation": {"angle": 0, "axis": "y", "origin": [15.75, 16, 13.75]},
			"faces": {
				"north": {"uv": [0, 0, 0.25, 0.5], "texture": "#1"},
				"east": {"uv": [0, 0, 2, 0.5], "texture": "#1"},
				"south": {"uv": [0, 0, 0.25, 0.5], "texture": "#1"},
				"west": {"uv": [0, 0, 2, 0.5], "texture": "#1"},
				"up": {"uv": [0, 0, 0.25, 2], "texture": "#1"},
				"down": {"uv": [0, 0, 0.25, 2], "texture": "#1"}
			}
		},
		{
			"from": [7.75, 12, 5],
			"to": [8, 12.25, 7],
			"rotation": {"angle": 0, "axis": "y", "origin": [15.75, 20, 14]},
			"faces": {
				"north": {"uv": [0, 0, 0.25, 0.25], "texture": "#1"},
				"east": {"uv": [0, 0, 2, 0.25], "texture": "#1"},
				"south": {"uv": [0, 0, 0.25, 0.25], "texture": "#1"},
				"west": {"uv": [0, 0, 2, 0.25], "texture": "#1"},
				"up": {"uv": [0, 0, 0.25, 2], "texture": "#1"},
				"down": {"uv": [0, 0, 0.25, 2], "texture": "#1"}
			}
		},
		{
			"from": [7.75, 11.5, 4.5],
			"to": [8, 11.75, 6],
			"rotation": {"angle": 0, "axis": "y", "origin": [15.75, 19.5, 13]},
			"faces": {
				"north": {"uv": [0, 0, 0.25, 0.25], "texture": "#1"},
				"east": {"uv": [0, 0, 1.5, 0.25], "texture": "#1"},
				"south": {"uv": [0, 0, 0.25, 0.25], "texture": "#1"},
				"west": {"uv": [0, 0, 1.5, 0.25], "texture": "#1"},
				"up": {"uv": [0, 0, 0.25, 1.5], "texture": "#1"},
				"down": {"uv": [0, 0, 0.25, 1.5], "texture": "#1"}
			}
		},
		{
			"from": [7.75, 10.5, 4],
			"to": [8, 10.75, 6],
			"rotation": {"angle": 0, "axis": "y", "origin": [15.75, 18.5, 13]},
			"faces": {
				"north": {"uv": [0, 0, 0.25, 0.25], "texture": "#1"},
				"east": {"uv": [0, 0, 2, 0.25], "texture": "#1"},
				"south": {"uv": [0, 0, 0.25, 0.25], "texture": "#1"},
				"west": {"uv": [0, 0, 2, 0.25], "texture": "#1"},
				"up": {"uv": [0, 0, 0.25, 2], "texture": "#1"},
				"down": {"uv": [0, 0, 0.25, 2], "texture": "#1"}
			}
		},
		{
			"from": [7.75, 14.5, 5.25],
			"to": [8, 15, 6.75],
			"rotation": {"angle": 0, "axis": "y", "origin": [15.75, 22.5, 13.75]},
			"faces": {
				"north": {"uv": [0, 0, 0.25, 0.5], "texture": "#1"},
				"east": {"uv": [0, 0, 1.5, 0.5], "texture": "#1"},
				"south": {"uv": [0, 0, 0.25, 0.5], "texture": "#1"},
				"west": {"uv": [0, 0, 1.5, 0.5], "texture": "#1"},
				"up": {"uv": [0, 0, 0.25, 1.5], "texture": "#1"},
				"down": {"uv": [0, 0, 0.25, 1.5], "texture": "#1"}
			}
		},
		{
			"from": [7.75, 13.75, 5.5],
			"to": [8, 14, 7],
			"rotation": {"angle": 0, "axis": "y", "origin": [15.75, 21.75, 14]},
			"faces": {
				"north": {"uv": [0, 0, 0.25, 0.25], "texture": "#1"},
				"east": {"uv": [0, 0, 1.5, 0.25], "texture": "#1"},
				"south": {"uv": [0, 0, 0.25, 0.25], "texture": "#1"},
				"west": {"uv": [0, 0, 1.5, 0.25], "texture": "#1"},
				"up": {"uv": [0, 0, 0.25, 1.5], "texture": "#1"},
				"down": {"uv": [0, 0, 0.25, 1.5], "texture": "#1"}
			}
		},
		{
			"from": [7.75, 0, 7.25],
			"to": [8.25, 5, 8.25],
			"rotation": {"angle": 0, "axis": "y", "origin": [15.5, 8, 15.5]},
			"faces": {
				"north": {"uv": [0, 0, 0.5, 5], "texture": "#0"},
				"east": {"uv": [10, 4, 12, 10], "texture": "#0"},
				"south": {"uv": [6, 4, 6.5, 9], "texture": "#0"},
				"west": {"uv": [8, 4, 9, 9], "texture": "#0"},
				"up": {"uv": [9, 8, 9.5, 9], "texture": "#0"},
				"down": {"uv": [7, 6, 7.5, 7], "texture": "#0"}
			}
		},
		{
			"from": [7.5, 5, 6.5],
			"to": [8.5, 6, 8.5],
			"rotation": {"angle": 0, "axis": "y", "origin": [15.5, 11, 15.5]},
			"faces": {
				"north": {"uv": [0, 0, 1, 1], "texture": "#0"},
				"east": {"uv": [10, 4, 12, 10], "texture": "#0"},
				"south": {"uv": [6, 4, 6.5, 9], "texture": "#0"},
				"west": {"uv": [8, 4, 9, 9], "texture": "#0"},
				"up": {"uv": [9, 8, 9.5, 9], "texture": "#0"},
				"down": {"uv": [7, 6, 7.5, 7], "texture": "#0"}
			}
		},
		{
			"from": [7.5, 6, 5.5],
			"to": [8.5, 13, 8.5],
			"rotation": {"angle": 0, "axis": "y", "origin": [15.5, 14, 15.5]},
			"faces": {
				"north": {"uv": [0, 0, 1, 7], "texture": "#0"},
				"east": {"uv": [10, 4, 12, 10], "texture": "#0"},
				"south": {"uv": [6, 4, 6.5, 9], "texture": "#0"},
				"west": {"uv": [8, 4, 9, 9], "texture": "#0"},
				"up": {"uv": [9, 8, 9.5, 9], "texture": "#0"},
				"down": {"uv": [7, 6, 7.5, 7], "texture": "#0"}
			}
		},
		{
			"from": [7.5, 13, 6.5],
			"to": [8.5, 16, 8.5],
			"rotation": {"angle": 0, "axis": "y", "origin": [15.5, 21, 15.5]},
			"faces": {
				"north": {"uv": [0, 0, 1, 3], "texture": "#0"},
				"east": {"uv": [10, 4, 12, 10], "texture": "#0"},
				"south": {"uv": [6, 4, 6.5, 9], "texture": "#0"},
				"west": {"uv": [8, 4, 9, 9], "texture": "#0"},
				"up": {"uv": [9, 8, 9.5, 9], "texture": "#0"},
				"down": {"uv": [7, 6, 7.5, 7], "texture": "#0"}
			}
		},
		{
			"from": [7.5, 0.5, 7],
			"to": [8.5, 4.5, 8.5],
			"rotation": {"angle": 0, "axis": "y", "origin": [15.5, 9, 15.5]},
			"faces": {
				"north": {"uv": [5, 3, 6.5, 7], "texture": "#2"},
				"east": {"uv": [5, 3, 6.5, 7], "texture": "#2"},
				"south": {"uv": [5, 3, 6.5, 7], "texture": "#2"},
				"west": {"uv": [5, 3, 6.5, 7], "texture": "#2"},
				"up": {"uv": [5, 3, 6.5, 7], "texture": "#2"},
				"down": {"uv": [5, 3, 6.5, 7], "texture": "#2"}
			}
		}
	],
	"display": {
		"thirdperson_righthand": {
			"translation": [0, 3.75, 2]
		},
		"thirdperson_lefthand": {
			"translation": [0, 4, 1.5]
		},
		"ground": {
			"rotation": [-45, 0, 0],
			"translation": [0, 4.5, 0]
		},
		"gui": {
			"rotation": [0, -90, 0],
			"translation": [-0.25, 0, 0],
			"scale": [0.72, 0.72, 0.72]
		}
	},
	"groups": [
		{
			"name": "teeth",
			"origin": [15.75, 23.25, 14.25],
			"children": [0, 1, 2, 3, 4, 5, 6, 7, 8]
		},
		{
			"name": "body",
			"origin": [15.75, 16, 13.75],
			"children": [9, 10, 11, 12]
		}, 13]
}