{
	"credit": "Made with Blockbench",
	"textures": {
		"0": "block/birch_planks",
		"1": "block/anvil",
		"2": "block/iron_block"
	},
	"elements": [
		{
			"name": "Handle1",
			"from": [7.7, 4.5, 8],
			"to": [8.3, 10.5, 8.6],
			"faces": {
				"north": {"uv": [0, 0, 3.6, 16], "texture": "#0"},
				"east": {"uv": [8, 0, 11.6, 16], "texture": "#0"},
				"south": {"uv": [6, 0, 10.6, 16], "texture": "#0"},
				"west": {"uv": [2, 0, 4.6, 16], "texture": "#0"},
				"up": {"uv": [0, 0, 2.6, 2.6], "texture": "#0"},
				"down": {"uv": [0, 0, 2.6, 2.6], "texture": "#0"}
			}
		},
		{
			"name": "Guard1",
			"from": [7.5, 10.5, 7.8],
			"to": [8.5, 10.7, 8.8],
			"faces": {
				"north": {"uv": [0, 0, 6, 2.2], "texture": "#1"},
				"east": {"uv": [4, 4, 12, 7.2], "texture": "#1"},
				"south": {"uv": [0, 0, 9, 3.2], "texture": "#1"},
				"west": {"uv": [0, 0, 10, 3.2], "texture": "#1"},
				"up": {"uv": [4, 3, 10, 9], "texture": "#1"},
				"down": {"uv": [0, 0, 6, 6], "texture": "#1"}
			}
		},
		{
			"name": "Guard2",
			"from": [7.7, 10.5, 6.8],
			"to": [8.3, 10.7, 7.8],
			"faces": {
				"north": {"uv": [0, 0, 7.6, 3.2], "texture": "#1"},
				"east": {"uv": [0, 0, 7, 4.2], "texture": "#1"},
				"south": {"uv": [0, 0, 6.6, 3.2], "texture": "#1"},
				"west": {"uv": [0, 0, 8, 3.2], "texture": "#1"},
				"up": {"uv": [0, 0, 3.6, 9], "texture": "#1"},
				"down": {"uv": [0, 0, 2.6, 7], "texture": "#1"}
			}
		},
		{
			"name": "Guard3",
			"from": [7.7, 10.5, 8.8],
			"to": [8.3, 10.7, 9.8],
			"faces": {
				"north": {"uv": [0, 0, 5.6, 3.2], "texture": "#1"},
				"east": {"uv": [0, 0, 6, 3.2], "texture": "#1"},
				"south": {"uv": [0, 0, 6.6, 3.2], "texture": "#1"},
				"west": {"uv": [0, 0, 6, 3.2], "texture": "#1"},
				"up": {"uv": [2, 3, 5.6, 10], "texture": "#1"},
				"down": {"uv": [5, 0, 8.6, 7], "texture": "#1"}
			}
		},
		{
			"name": "Blade1",
			"from": [7.9, 10.5, 7.8],
			"to": [8.1, 11.7, 8.8],
			"faces": {
				"north": {"uv": [0, 0, 3.2, 7.2], "texture": "#2"},
				"east": {"uv": [0, 0, 6, 8.2], "texture": "#2"},
				"south": {"uv": [0, 0, 4.2, 9.2], "texture": "#2"},
				"west": {"uv": [0, 0, 4, 5.2], "texture": "#2"},
				"up": {"uv": [8, 0, 15.2, 7], "texture": "#2"},
				"down": {"uv": [5, 4, 10.2, 10], "texture": "#2"}
			}
		},
		{
			"name": "Blade2",
			"from": [7.9, 11.7, 7.8],
			"to": [8.1, 12.9, 8.8],
			"faces": {
				"north": {"uv": [5, 3, 9.2, 10.2], "texture": "#2"},
				"east": {"uv": [0, 5, 7, 12.2], "texture": "#2"},
				"south": {"uv": [6, 3, 11.2, 11.2], "texture": "#2"},
				"west": {"uv": [4, 2, 8, 7.2], "texture": "#2"},
				"up": {"uv": [5, 2, 8.2, 8], "texture": "#2"},
				"down": {"uv": [5, 7, 9.2, 12], "texture": "#2"}
			}
		},
		{
			"name": "Blade3",
			"from": [7.9, 12.9, 7.8],
			"to": [8.1, 14.1, 8.8],
			"faces": {
				"north": {"uv": [4, 4, 9.2, 9.2], "texture": "#2"},
				"east": {"uv": [3, 1, 9, 8.2], "texture": "#2"},
				"south": {"uv": [2, 4, 8.2, 11.2], "texture": "#2"},
				"west": {"uv": [6, 4, 12, 12.2], "texture": "#2"},
				"up": {"uv": [4, 4, 10.2, 11], "texture": "#2"},
				"down": {"uv": [5, 0, 11.2, 9], "texture": "#2"}
			}
		},
		{
			"name": "Blade4",
			"from": [7.9, 14.1, 7.9],
			"to": [8.1, 14.3, 8.7],
			"faces": {
				"north": {"uv": [0, 0, 3.2, 3.2], "texture": "#2"},
				"east": {"uv": [4, 2, 12.8, 7.2], "texture": "#2"},
				"south": {"uv": [7, 6, 13.2, 10.2], "texture": "#2"},
				"west": {"uv": [2, 4, 9.8, 8.2], "texture": "#2"},
				"up": {"uv": [4, 1, 11.2, 6.8], "texture": "#2"},
				"down": {"uv": [3, 3, 10.2, 7.8], "texture": "#2"}
			}
		},
		{
			"name": "Blade5",
			"from": [7.9, 14.2, 8],
			"to": [8.1, 15.2, 8.6],
			"faces": {
				"north": {"uv": [3, 3, 8.2, 9], "texture": "#2"},
				"east": {"uv": [4, 1, 7.6, 8], "texture": "#2"},
				"south": {"uv": [3, 3, 8.2, 12], "texture": "#2"},
				"west": {"uv": [6, 4, 10.6, 12], "texture": "#2"},
				"up": {"uv": [2, 1, 6.2, 8.6], "texture": "#2"},
				"down": {"uv": [5, 4, 10.2, 12.6], "texture": "#2"}
			}
		},
		{
			"name": "Blade6",
			"from": [7.9, 15.2, 8.1],
			"to": [8.1, 16.4, 8.5],
			"faces": {
				"north": {"uv": [4, 1, 8.2, 9.2], "texture": "#2"},
				"east": {"uv": [7, 3, 11.4, 11.2], "texture": "#2"},
				"south": {"uv": [4, 5, 9.2, 12.2], "texture": "#2"},
				"west": {"uv": [6, 3, 11.4, 11.2], "texture": "#2"},
				"up": {"uv": [7, 4, 11.2, 10.4], "texture": "#2"},
				"down": {"uv": [5, 5, 11.2, 13.4], "texture": "#2"}
			}
		},
		{
			"name": "Blade7",
			"from": [7.9, 16.4, 8.2],
			"to": [8.1, 17.3, 8.4],
			"faces": {
				"north": {"uv": [4, 3, 8.2, 8.9], "texture": "#2"},
				"east": {"uv": [4, 1, 9.2, 9.9], "texture": "#2"},
				"south": {"uv": [5, 2, 9.2, 10.9], "texture": "#2"},
				"west": {"uv": [3, 2, 9.2, 11.9], "texture": "#2"},
				"up": {"uv": [6, 3, 11.2, 10.2], "texture": "#2"},
				"down": {"uv": [5, 3, 10.2, 11.2], "texture": "#2"}
			}
		}
	],
	"display": {
		"thirdperson_righthand": {
			"translation": [0, -2.5, 0],
			"scale": [1.1, 1.1, 1.1]
		},
		"thirdperson_lefthand": {
			"translation": [0, -2.5, 0],
			"scale": [1.1, 1.1, 1.1]
		},
		"firstperson_righthand": {
			"translation": [0, -1.5, 0],
			"scale": [1.1, 1.1, 1.1]
		},
		"firstperson_lefthand": {
			"translation": [-1.89, -1.75, 0],
			"scale": [1.3, 1.3, 1.3]
		},
		"ground": {
			"rotation": [45, 1, 0],
			"scale": [1.1, 1.1, 1.1]
		},
		"gui": {
			"rotation": [0, 90, 0],
			"translation": [0, -3.25, 0]
		},
		"fixed": {
			"rotation": [0, 90, 0],
			"translation": [0, -3, 0],
			"scale": [1.1, 1.1, 1.1]
		}
	}
}