{
	"credit": "Made with Blockbench",
	"textures": {
		"0": "block/oak_log",
		"1": "item/gold_ingot",
		"2": "block/clay"
	},
	"elements": [
		{
			"name": "Spear Shaft",
			"from": [7.5, -5, 8],
			"to": [8.5, 22, 9],
			"faces": {
				"north": {"uv": [0, 0, 2, 16], "texture": "#0"},
				"east": {"uv": [12, 0, 14, 16], "texture": "#0"},
				"south": {"uv": [2, 0, 4, 16], "texture": "#0"},
				"west": {"uv": [4, 0, 6, 16], "texture": "#0"},
				"up": {"uv": [1, 14, 3, 16], "texture": "#0"},
				"down": {"uv": [3, 14, 5, 16], "texture": "#0"}
			}
		},
		{
			"name": "Pommel",
			"from": [7.4, -5.2, 7.8],
			"to": [8.7, -3.9, 9.1],
			"faces": {
				"north": {"uv": [5, 6, -3.7, 8.3], "texture": "#1"},
				"east": {"uv": [4, 5, 7.3, 8.3], "texture": "#1"},
				"south": {"uv": [2, 9, 4.3, 11.3], "texture": "#1"},
				"west": {"uv": [1, 6, 3.3, 8.3], "texture": "#1"},
				"up": {"uv": [4, 5, 6.3, 7.3], "texture": "#1"},
				"down": {"uv": [10, 3, 12.3, 5.3], "texture": "#1"}
			}
		},
		{
			"name": "SpearPoint",
			"from": [7.7, 22, 8.1],
			"to": [8.2, 23, 8.9],
			"faces": {
				"north": {"uv": [7, 6, 8, 6.5], "texture": "#1"},
				"east": {"uv": [5, 6, 7, 7.5], "texture": "#1"},
				"south": {"uv": [5, 5, 7, 7.5], "texture": "#1"},
				"west": {"uv": [5, 6, 7, 8.5], "texture": "#1"},
				"up": {"uv": [6, 6, 8, 8], "texture": "#1"},
				"down": {"uv": [7, 6, 9, 8], "texture": "#1"}
			}
		},
		{
			"name": "SpearPoint2",
			"from": [7.3, 22, 7.8],
			"to": [8.7, 22.5, 9.2],
			"faces": {
				"north": {"uv": [6, 7, 7, 8.1], "texture": "#1"},
				"east": {"uv": [5, 6, 6, 7.1], "texture": "#1"},
				"south": {"uv": [8, 4, 10, 6.1], "texture": "#1"},
				"west": {"uv": [7, 5, 9, 7.1], "texture": "#1"},
				"up": {"uv": [7, 7, 9, 9], "texture": "#1"},
				"down": {"uv": [5, 9, 7, 11], "texture": "#1"}
			}
		},
		{
			"name": "Spearpoint1",
			"from": [7.9, 20, 8.1],
			"to": [8, 27, 8.9],
			"faces": {
				"north": {"uv": [0, 0, 3.1, 11], "texture": "#2"},
				"east": {"uv": [0, 0, 6.8, 11], "texture": "#2"},
				"south": {"uv": [0, 0, 2.1, 11], "texture": "#2"},
				"west": {"uv": [0, 0, 3.8, 13], "texture": "#2"},
				"up": {"uv": [0, 0, 2.1, 5.8], "texture": "#2"},
				"down": {"uv": [0, 0, 3.1, 4.8], "texture": "#2"}
			}
		},
		{
			"name": "SpearPoint3",
			"from": [7.9, 27, 8.2],
			"to": [8, 29, 8.8],
			"faces": {
				"north": {"uv": [0, 0, 3.1, 11], "texture": "#2"},
				"east": {"uv": [0, 0, 6.8, 11], "texture": "#2"},
				"south": {"uv": [0, 0, 2.1, 11], "texture": "#2"},
				"west": {"uv": [0, 0, 3.8, 13], "texture": "#2"},
				"up": {"uv": [0, 0, 2.1, 5.8], "texture": "#2"},
				"down": {"uv": [0, 0, 3.1, 4.8], "texture": "#2"}
			}
		},
		{
			"name": "SpearPount4",
			"from": [7.9, 29, 8.3],
			"to": [8, 30, 8.7],
			"faces": {
				"north": {"uv": [0, 0, 3.1, 11], "texture": "#2"},
				"east": {"uv": [0, 0, 6.8, 11], "texture": "#2"},
				"south": {"uv": [0, 0, 2.1, 11], "texture": "#2"},
				"west": {"uv": [0, 0, 3.8, 13], "texture": "#2"},
				"up": {"uv": [0, 0, 2.1, 5.8], "texture": "#2"},
				"down": {"uv": [0, 0, 3.1, 4.8], "texture": "#2"}
			}
		}
	],
	"display": {
		"thirdperson_righthand": {
			"translation": [0, 0, 0.75],
			"scale": [1.1, 1.1, 1.1]
		},
		"thirdperson_lefthand": {
			"translation": [0, 0, 1]
		},
		"firstperson_righthand": {
			"translation": [2, -3, 0]
		},
		"firstperson_lefthand": {
			"translation": [-1.89, -4.25, 0]
		},
		"ground": {
			"rotation": [-45, 0, 0],
			"translation": [0, 4.5, 0],
			"scale": [0.72, 0.72, 0.72]
		},
		"gui": {
			"rotation": [0, 90, 0],
			"translation": [0, -1.25, 0],
			"scale": [0.39, 0.39, 0.39]
		},
		"fixed": {
			"rotation": [0, -90, 0],
			"translation": [0, -1.25, 0],
			"scale": [0.39, 0.39, 0.39]
		}
	}
}