{
	"credit": "Made with Blockbench",
	"textures": {
		"0": "block/stripped_birch_log",
		"1": "block/anvil",
		"2": "block/acacia_log",
		"particle": "block/stripped_birch_log"
	},
	"elements": [
		{
			"from": [7.8, 6, 4],
			"to": [8.2, 10, 5],
			"faces": {
				"north": {"uv": [0, 0, 0.4, 4], "texture": "#1"},
				"east": {"uv": [0, 0, 1, 4], "texture": "#1"},
				"south": {"uv": [0, 0, 0.4, 4], "texture": "#1"},
				"west": {"uv": [0, 0, 1, 4], "texture": "#1"},
				"up": {"uv": [0, 0, 0.4, 1], "texture": "#1"},
				"down": {"uv": [0, 0, 0.4, 1], "texture": "#1"}
			}
		},
		{
			"from": [7.8, 9, 2],
			"to": [8.2, 9.6, 4],
			"faces": {
				"north": {"uv": [0, 0, 0.4, 0.6], "texture": "#1"},
				"east": {"uv": [0, 0, 2, 0.6], "texture": "#1"},
				"south": {"uv": [0, 0, 0.4, 0.6], "texture": "#1"},
				"west": {"uv": [0, 0, 2, 0.6], "texture": "#1"},
				"up": {"uv": [0, 0, 0.4, 2], "texture": "#1"},
				"down": {"uv": [0, 0, 0.4, 2], "texture": "#1"}
			}
		},
		{
			"from": [7.8, 6.4, 2],
			"to": [8.2, 7, 4],
			"faces": {
				"north": {"uv": [0, 0, 0.4, 0.6], "texture": "#1"},
				"east": {"uv": [0, 0, 2, 0.6], "texture": "#1"},
				"south": {"uv": [0, 0, 0.4, 0.6], "texture": "#1"},
				"west": {"uv": [0, 0, 2, 0.6], "texture": "#1"},
				"up": {"uv": [0, 0, 0.4, 2], "texture": "#1"},
				"down": {"uv": [0, 0, 0.4, 2], "texture": "#1"}
			}
		},
		{
			"from": [7.8, 10, 4],
			"to": [8.2, 14, 5],
			"faces": {
				"north": {"uv": [0, 0, 0.4, 4], "texture": "#0"},
				"east": {"uv": [0, 0, 1, 4], "texture": "#0"},
				"south": {"uv": [0, 0, 0.4, 4], "texture": "#0"},
				"west": {"uv": [0, 0, 1, 4], "texture": "#0"},
				"up": {"uv": [0, 0, 0.4, 1], "texture": "#0"},
				"down": {"uv": [0, 0, 0.4, 1], "texture": "#0"}
			}
		},
		{
			"from": [7.8, 12, 2],
			"to": [8.2, 21, 3],
			"rotation": {"angle": 22.5, "axis": "x", "origin": [8, 8, 8]},
			"faces": {
				"north": {"uv": [0, 0, 0.4, 9], "texture": "#0"},
				"east": {"uv": [0, 0, 1, 9], "texture": "#0"},
				"south": {"uv": [0, 0, 0.4, 9], "texture": "#0"},
				"west": {"uv": [0, 0, 1, 9], "texture": "#0"},
				"up": {"uv": [0, 0, 0.4, 1], "texture": "#0"},
				"down": {"uv": [0, 0, 0.4, 1], "texture": "#0"}
			}
		},
		{
			"from": [7.8, 2, 4],
			"to": [8.2, 6, 5],
			"faces": {
				"north": {"uv": [0, 0, 0.4, 4], "texture": "#0"},
				"east": {"uv": [0, 0, 1, 4], "texture": "#0"},
				"south": {"uv": [0, 0, 0.4, 4], "texture": "#0"},
				"west": {"uv": [0, 0, 1, 4], "texture": "#0"},
				"up": {"uv": [0, 0, 0.4, 1], "texture": "#0"},
				"down": {"uv": [0, 0, 0.4, 1], "texture": "#0"}
			}
		},
		{
			"from": [7.8, -5, 2],
			"to": [8.2, 4, 3],
			"rotation": {"angle": -22.5, "axis": "x", "origin": [8, 8, 8]},
			"faces": {
				"north": {"uv": [0, 0, 0.4, 9], "texture": "#0"},
				"east": {"uv": [0, 0, 1, 9], "texture": "#0"},
				"south": {"uv": [0, 0, 0.4, 9], "texture": "#0"},
				"west": {"uv": [0, 0, 1, 9], "texture": "#0"},
				"up": {"uv": [0, 0, 0.4, 1], "texture": "#0"},
				"down": {"uv": [0, 0, 0.4, 1], "texture": "#0"}
			}
		},
		{
			"name": "string",
			"from": [7.85, -6, 8],
			"to": [8.05, 22, 8.2],
			"faces": {
				"north": {"uv": [12, 0, 13.2, 16], "texture": "#2"},
				"east": {"uv": [5, 0, 5.2, 16], "texture": "#2"},
				"south": {"uv": [5, 0, 5.2, 16], "texture": "#2"},
				"west": {"uv": [5, 0, 5.2, 16], "texture": "#2"},
				"up": {"uv": [0, 0, 0.2, 0.2], "texture": "#2"},
				"down": {"uv": [0, 0, 0.2, 0.2], "texture": "#2"}
			}
		}
	],
	"display": {
		"thirdperson_righthand": {
			"translation": [-2, 0, 3.75]
		},
		"thirdperson_lefthand": {
			"translation": [-2, 0, 4]
		},
		"firstperson_righthand": {
			"rotation": [16, 15, -4],
			"scale": [1.27, 1.27, 1.27]
		},
		"ground": {
			"rotation": [-45, -1, 0],
			"translation": [0, 2.25, 0],
			"scale": [0.42, 0.42, 0.42]
		},
		"gui": {
			"rotation": [0, 90, 0],
			"translation": [1, -0.25, 0],
			"scale": [0.49, 0.49, 0.49]
		},
		"fixed": {
			"rotation": [0, -90, 0],
			"translation": [0, -0.25, 0],
			"scale": [0.62, 0.62, 0.62]
		}
	},
	"groups": [
		{
			"name": "BowCenter",
			"origin": [8, 8, 8],
			"children": [0, 1, 2]
		},
		{
			"name": "ARMs",
			"origin": [8, 8, 8],
			"children": [3, 4, 5, 6]
		}, 7]
}