{
	"credit": "Made with Blockbench",
	"textures": {
		"0": "block/stripped_birch_log",
		"1": "block/anvil",
		"2": "block/acacia_log",
		"particle": "block/stripped_birch_log"
	},
	"elements": [
		{
			"from": [7.8, 6, 4],
			"to": [8.2, 10, 5],
			"faces": {
				"north": {"uv": [0, 0, 0.4, 4], "texture": "#1"},
				"east": {"uv": [0, 0, 1, 4], "texture": "#1"},
				"south": {"uv": [0, 0, 0.4, 4], "texture": "#1"},
				"west": {"uv": [0, 0, 1, 4], "texture": "#1"},
				"up": {"uv": [0, 0, 0.4, 1], "texture": "#1"},
				"down": {"uv": [0, 0, 0.4, 1], "texture": "#1"}
			}
		},
		{
			"from": [7.8, 9, 2],
			"to": [8.2, 9.6, 4],
			"faces": {
				"north": {"uv": [0, 0, 0.4, 0.6], "texture": "#1"},
				"east": {"uv": [0, 0, 2, 0.6], "texture": "#1"},
				"south": {"uv": [0, 0, 0.4, 0.6], "texture": "#1"},
				"west": {"uv": [0, 0, 2, 0.6], "texture": "#1"},
				"up": {"uv": [0, 0, 0.4, 2], "texture": "#1"},
				"down": {"uv": [0, 0, 0.4, 2], "texture": "#1"}
			}
		},
		{
			"from": [7.8, 6.4, 2],
			"to": [8.2, 7, 4],
			"faces": {
				"north": {"uv": [0, 0, 0.4, 0.6], "texture": "#1"},
				"east": {"uv": [0, 0, 2, 0.6], "texture": "#1"},
				"south": {"uv": [0, 0, 0.4, 0.6], "texture": "#1"},
				"west": {"uv": [0, 0, 2, 0.6], "texture": "#1"},
				"up": {"uv": [0, 0, 0.4, 2], "texture": "#1"},
				"down": {"uv": [0, 0, 0.4, 2], "texture": "#1"}
			}
		},
		{
			"name": "LowUpper",
			"from": [7.8, 8.75, 3],
			"to": [8.2, 12.75, 4],
			"rotation": {"angle": 22.5, "axis": "x", "origin": [8, 6.75, 7]},
			"faces": {
				"north": {"uv": [0, 0, 0.4, 4], "texture": "#0"},
				"east": {"uv": [0, 0, 1, 4], "texture": "#0"},
				"south": {"uv": [0, 0, 0.4, 4], "texture": "#0"},
				"west": {"uv": [0, 0, 1, 4], "texture": "#0"},
				"up": {"uv": [0, 0, 0.4, 1], "texture": "#0"},
				"down": {"uv": [0, 0, 0.4, 1], "texture": "#0"}
			}
		},
		{
			"name": "HighUpper",
			"from": [7.8, 10.75, 1],
			"to": [8.2, 19.75, 2],
			"rotation": {"angle": 45, "axis": "x", "origin": [8, 6.75, 7]},
			"faces": {
				"north": {"uv": [0, 0, 0.4, 9], "texture": "#0"},
				"east": {"uv": [0, 0, 1, 9], "texture": "#0"},
				"south": {"uv": [0, 0, 0.4, 9], "texture": "#0"},
				"west": {"uv": [0, 0, 1, 9], "texture": "#0"},
				"up": {"uv": [0, 0, 0.4, 1], "texture": "#0"},
				"down": {"uv": [0, 0, 0.4, 1], "texture": "#0"}
			}
		},
		{
			"name": "HighLower",
			"from": [7.8, 3.5, 3],
			"to": [8.2, 7.5, 4],
			"rotation": {"angle": -22.5, "axis": "x", "origin": [8, 9, 7]},
			"faces": {
				"north": {"uv": [0, 0, 0.4, 4], "texture": "#0"},
				"east": {"uv": [0, 0, 1, 4], "texture": "#0"},
				"south": {"uv": [0, 0, 0.4, 4], "texture": "#0"},
				"west": {"uv": [0, 0, 1, 4], "texture": "#0"},
				"up": {"uv": [0, 0, 0.4, 1], "texture": "#0"},
				"down": {"uv": [0, 0, 0.4, 1], "texture": "#0"}
			}
		},
		{
			"name": "LowLower",
			"from": [7.8, -3.5, 1.2],
			"to": [8.2, 5.5, 2.2],
			"rotation": {"angle": -45, "axis": "x", "origin": [8, 9, 7]},
			"faces": {
				"north": {"uv": [0, 0, 0.4, 9], "texture": "#0"},
				"east": {"uv": [0, 0, 1, 9], "texture": "#0"},
				"south": {"uv": [0, 0, 0.4, 9], "texture": "#0"},
				"west": {"uv": [0, 0, 1, 9], "texture": "#0"},
				"up": {"uv": [0, 0, 0.4, 1], "texture": "#0"},
				"down": {"uv": [0, 0, 0.4, 1], "texture": "#0"}
			}
		},
		{
			"name": "string",
			"from": [7.85, -0.5, 15.75],
			"to": [8.05, 11.5, 15.95],
			"rotation": {"angle": 22.5, "axis": "x", "origin": [8, 8, 8]},
			"faces": {
				"north": {"uv": [12, 0, 13.2, 16], "texture": "#2"},
				"east": {"uv": [5, 0, 5.2, 16], "texture": "#2"},
				"south": {"uv": [5, 0, 5.2, 16], "texture": "#2"},
				"west": {"uv": [5, 0, 5.2, 16], "texture": "#2"},
				"up": {"uv": [0, 0, 0.2, 0.2], "texture": "#2"},
				"down": {"uv": [0, 0, 0.2, 0.2], "texture": "#2"}
			}
		},
		{
			"name": "string",
			"from": [7.85, 5.25, 16],
			"to": [8.05, 17.25, 16.2],
			"rotation": {"angle": -22.5, "axis": "x", "origin": [8, 8, 8]},
			"faces": {
				"north": {"uv": [12, 0, 13.2, 16], "texture": "#2"},
				"east": {"uv": [5, 0, 5.2, 16], "texture": "#2"},
				"south": {"uv": [5, 0, 5.2, 16], "texture": "#2"},
				"west": {"uv": [5, 0, 5.2, 16], "texture": "#2"},
				"up": {"uv": [0, 0, 0.2, 0.2], "texture": "#2"},
				"down": {"uv": [0, 0, 0.2, 0.2], "texture": "#2"}
			}
		},
		{
			"name": "Arrow",
			"from": [7.5, 8, 4],
			"to": [7.9, 8.4, 16],
			"rotation": {"angle": 0, "axis": "y", "origin": [8, 8, 16]},
			"faces": {
				"north": {"uv": [0, 0, 0.4, 0.4], "texture": "#0"},
				"east": {"uv": [0, 0, 12, 0.4], "texture": "#0"},
				"south": {"uv": [0, 0, 0.4, 0.4], "texture": "#0"},
				"west": {"uv": [0, 0, 12, 0.4], "texture": "#0"},
				"up": {"uv": [0, 0, 0.4, 12], "texture": "#0"},
				"down": {"uv": [0, 0, 0.4, 12], "texture": "#0"}
			}
		},
		{
			"name": "ArrowTail",
			"from": [7.6, 7.5, 15],
			"to": [8, 8.9, 17],
			"rotation": {"angle": 22.5, "axis": "z", "origin": [8, 8, 16]},
			"faces": {
				"north": {"uv": [0, 0, 0.4, 1.4], "texture": "#2"},
				"east": {"uv": [0, 0, 2, 1.4], "texture": "#2"},
				"south": {"uv": [0, 0, 0.4, 1.4], "texture": "#2"},
				"west": {"uv": [0, 0, 2, 1.4], "texture": "#2"},
				"up": {"uv": [0, 0, 0.4, 2], "texture": "#2"},
				"down": {"uv": [0, 0, 0.4, 2], "texture": "#2"}
			}
		},
		{
			"name": "ArrowHead",
			"from": [7.6, 12.9, 4],
			"to": [7.8, 13.3, 6],
			"rotation": {"angle": -22.5, "axis": "x", "origin": [8, 8, 16]},
			"faces": {
				"north": {"uv": [0, 0, 0.2, 0.4], "texture": "#1"},
				"east": {"uv": [0, 0, 2, 0.4], "texture": "#1"},
				"south": {"uv": [0, 0, 0.2, 0.4], "texture": "#1"},
				"west": {"uv": [0, 0, 2, 0.4], "texture": "#1"},
				"up": {"uv": [0, 0, 0.2, 2], "texture": "#1"},
				"down": {"uv": [0, 0, 0.2, 2], "texture": "#1"}
			}
		},
		{
			"name": "ArrowHead",
			"from": [7.6, 3, 4],
			"to": [7.8, 3.4, 6],
			"rotation": {"angle": 22.5, "axis": "x", "origin": [8, 8, 16]},
			"faces": {
				"north": {"uv": [0, 0, 0.2, 0.4], "texture": "#1"},
				"east": {"uv": [0, 0, 2, 0.4], "texture": "#1"},
				"south": {"uv": [0, 0, 0.2, 0.4], "texture": "#1"},
				"west": {"uv": [0, 0, 2, 0.4], "texture": "#1"},
				"up": {"uv": [0, 0, 0.2, 2], "texture": "#1"},
				"down": {"uv": [0, 0, 0.2, 2], "texture": "#1"}
			}
		}
	],
	"display": {
		"thirdperson_righthand": {
			"translation": [-2, 0, 3.75]
		},
		"thirdperson_lefthand": {
			"translation": [-2, 0, 4]
		},
		"firstperson_righthand": {
			"rotation": [16, 15, -4],
			"scale": [1.27, 1.27, 1.27]
		},
		"ground": {
			"rotation": [-45, -1, 0],
			"translation": [0, 2.25, 0],
			"scale": [0.42, 0.42, 0.42]
		},
		"gui": {
			"rotation": [0, 90, 0],
			"translation": [-0.75, -0.25, 0],
			"scale": [0.49, 0.49, 0.49]
		},
		"fixed": {
			"rotation": [0, -90, 0],
			"translation": [0, -0.25, 0],
			"scale": [0.62, 0.62, 0.62]
		}
	},
	"groups": [
		{
			"name": "BowCenter",
			"origin": [8, 8, 8],
			"children": [0, 1, 2]
		},
		{
			"name": "ARMs",
			"origin": [8, 8, 8],
			"children": [3, 4, 5, 6]
		}, 7, 8,
		{
			"name": "Arrow",
			"origin": [8, 8, 8],
			"children": [9, 10, 11, 12]
		}
	]
}