{
	"credit": "Made with Blockbench",
	"textures": {
		"0": "block/birch_log_top",
		"1": "block/anvil",
		"2": "block/iron_block"
	},
	"elements": [
		{
			"name": "Handle",
			"from": [7.6, 3, 8.5],
			"to": [8.4, 14, 9.3],
			"faces": {
				"north": {"uv": [5, 0, 6.8, 16], "texture": "#0"},
				"east": {"uv": [3, 0, 5.8, 16], "texture": "#0"},
				"south": {"uv": [3, 0, 4.8, 14], "texture": "#0"},
				"west": {"uv": [5, 0, 6.8, 15], "texture": "#0"},
				"up": {"uv": [0, 0, 1.8, 1.8], "texture": "#0"},
				"down": {"uv": [0, 0, 2.8, 1.8], "texture": "#0"}
			}
		},
		{
			"name": "Top",
			"from": [7.5, 12, 6.9],
			"to": [8.5, 15, 10.9],
			"faces": {
				"north": {"uv": [0, 0, 3, 6], "texture": "#1"},
				"east": {"uv": [0, 0, 9, 8], "texture": "#1"},
				"south": {"uv": [0, 0, 5, 9], "texture": "#1"},
				"west": {"uv": [0, 0, 14, 9], "texture": "#1"},
				"up": {"uv": [0, 0, 3, 9], "texture": "#1"},
				"down": {"uv": [0, 0, 8, 8], "texture": "#1"}
			}
		},
		{
			"name": "Blade1.1",
			"from": [7.9, 11.7, 5.2],
			"to": [8.1, 15.3, 7.2],
			"faces": {
				"north": {"uv": [4, 3, 7.2, 11.6], "texture": "#2"},
				"east": {"uv": [6, 4, 8, 6.6], "texture": "#2"},
				"south": {"uv": [0, 0, 0.2, 3.6], "texture": "#2"},
				"west": {"uv": [5, 4, 7, 6.6], "texture": "#2"},
				"up": {"uv": [0, 0, 0.2, 2], "texture": "#2"},
				"down": {"uv": [0, 0, 0.2, 2], "texture": "#2"}
			}
		},
		{
			"name": "Blade1.2",
			"from": [7.9, 11.7, 10.5],
			"to": [8.1, 15.3, 12.5],
			"faces": {
				"north": {"uv": [8, 4, 11.2, 6.6], "texture": "#2"},
				"east": {"uv": [6, 6, 11, 8.6], "texture": "#2"},
				"south": {"uv": [0, 0, 0.2, 3.6], "texture": "#2"},
				"west": {"uv": [3, 4, 6, 6.6], "texture": "#2"},
				"up": {"uv": [7, 4, 7.2, 6], "texture": "#2"},
				"down": {"uv": [6, 4, 6.2, 6], "texture": "#2"}
			}
		},
		{
			"name": "Blade1.3",
			"from": [7.9, 11.2, 4],
			"to": [8.1, 15.8, 5.3],
			"faces": {
				"north": {"uv": [5, 4, 9.2, 7.6], "texture": "#2"},
				"east": {"uv": [6, 5, 7.3, 9.6], "texture": "#2"},
				"south": {"uv": [6, 3, 6.2, 7.6], "texture": "#2"},
				"west": {"uv": [3, 5, 4.3, 9.6], "texture": "#2"},
				"up": {"uv": [0, 0, 0.2, 1.3], "texture": "#2"},
				"down": {"uv": [0, 0, 0.2, 1.3], "texture": "#2"}
			}
		},
		{
			"name": "Blade1.4",
			"from": [7.9, 11.2, 12.3],
			"to": [8.1, 15.8, 13.3],
			"faces": {
				"north": {"uv": [8, 2, 8.2, 6.6], "texture": "#2"},
				"east": {"uv": [8, 4, 10, 9.6], "texture": "#2"},
				"south": {"uv": [7, 3, 7.2, 7.6], "texture": "#2"},
				"west": {"uv": [7, 4, 8, 8.6], "texture": "#2"},
				"up": {"uv": [7, 6, 7.2, 7], "texture": "#2"},
				"down": {"uv": [9, 5, 9.2, 6], "texture": "#2"}
			}
		},
		{
			"name": "Blade1.5",
			"from": [7.9, 10.7, 13.3],
			"to": [8.1, 16.3, 14.3],
			"faces": {
				"north": {"uv": [8, 7, 8.2, 12.6], "texture": "#2"},
				"east": {"uv": [6, 5, 9, 9.6], "texture": "#2"},
				"south": {"uv": [5, 4, 5.2, 9.6], "texture": "#2"},
				"west": {"uv": [6, 3, 8, 10.6], "texture": "#2"},
				"up": {"uv": [6, 6, 7.2, 10], "texture": "#2"},
				"down": {"uv": [4, 4, 4.2, 5], "texture": "#2"}
			}
		},
		{
			"name": "Blade1.6",
			"from": [7.9, 10.7, 3],
			"to": [8.1, 16.3, 4],
			"faces": {
				"north": {"uv": [7, 2, 7.2, 7.6], "texture": "#2"},
				"east": {"uv": [6, 6, 9, 12.6], "texture": "#2"},
				"south": {"uv": [2, 2, 2.2, 7.6], "texture": "#2"},
				"west": {"uv": [6, 5, 9, 11.6], "texture": "#2"},
				"up": {"uv": [6, 4, 6.2, 5], "texture": "#2"},
				"down": {"uv": [5, 2, 5.2, 3], "texture": "#2"}
			}
		},
		{
			"name": "Pommel",
			"from": [7.3, 2, 8.2],
			"to": [8.7, 3, 9.6],
			"faces": {
				"north": {"uv": [6, 6, 10.4, 10], "texture": "#0"},
				"east": {"uv": [6, 6, 10.4, 10], "texture": "#0"},
				"south": {"uv": [6, 6, 10.4, 10], "texture": "#0"},
				"west": {"uv": [6, 6, 10.4, 10], "texture": "#0"},
				"up": {"uv": [5, 5, 11.4, 11.4], "texture": "#0"},
				"down": {"uv": [5, 5, 11.4, 11.4], "texture": "#0"}
			}
		},
		{
			"name": "Top",
			"from": [7.3, 11, 8.2],
			"to": [8.7, 12, 9.6],
			"faces": {
				"north": {"uv": [6, 6, 10.4, 10], "texture": "#0"},
				"east": {"uv": [6, 6, 10.4, 10], "texture": "#0"},
				"south": {"uv": [6, 6, 10.4, 10], "texture": "#0"},
				"west": {"uv": [6, 6, 10.4, 10], "texture": "#0"},
				"up": {"uv": [5, 5, 11.4, 11.4], "texture": "#0"},
				"down": {"uv": [5, 5, 11.4, 11.4], "texture": "#0"}
			}
		},
		{
			"name": "Top2",
			"from": [7.3, 15, 8.2],
			"to": [8.7, 16, 9.6],
			"faces": {
				"north": {"uv": [6, 6, 10.4, 10], "texture": "#0"},
				"east": {"uv": [6, 6, 10.4, 10], "texture": "#0"},
				"south": {"uv": [6, 6, 10.4, 10], "texture": "#0"},
				"west": {"uv": [6, 6, 10.4, 10], "texture": "#0"},
				"up": {"uv": [5, 5, 11.4, 11.4], "texture": "#0"},
				"down": {"uv": [5, 5, 11.4, 11.4], "texture": "#0"}
			}
		}
	],
	"display": {
		"thirdperson_righthand": {
			"translation": [0, -1.25, 0],
			"scale": [1.1, 1.1, 1.1]
		},
		"thirdperson_lefthand": {
			"translation": [0, -0.5, 0],
			"scale": [1.1, 1.1, 1.1]
		},
		"firstperson_righthand": {
			"translation": [0, 1, 0],
			"scale": [1.1, 1.1, 1.1]
		},
		"firstperson_lefthand": {
			"translation": [-1.89, 0, 0],
			"scale": [1.3, 1.3, 1.3]
		},
		"ground": {
			"rotation": [-45, 0, 0],
			"translation": [0, 2.25, 0],
			"scale": [1.1, 1.1, 1.1]
		},
		"gui": {
			"rotation": [0, 90, 0],
			"translation": [-0.75, -1.5, 0],
			"scale": [0.92, 0.92, 0.92]
		},
		"fixed": {
			"rotation": [0, -90, 0],
			"translation": [1, -1, 0],
			"scale": [1.1, 1.1, 1.1]
		}
	}
}