{
	"credit": "Made with Blockbench",
	"textures": {
		"0": "block/farmland_moist",
		"1": "block/coarse_dirt",
		"3": "block/lava_still",
		"4": "block/beetroots_stage3",
		"particle": "block/beetroots_stage3"
	},
	"elements": [
		{
			"name": "Body",
			"from": [3, 5, 6],
			"to": [5, 7.6, 10],
			"faces": {
				"north": {"uv": [0, 0, 2, 2], "texture": "#0"},
				"east": {"uv": [0, 0, 4, 2], "texture": "#0"},
				"south": {"uv": [0, 0, 2, 2], "texture": "#0"},
				"west": {"uv": [0, 0, 4, 2], "texture": "#0"},
				"up": {"uv": [0, 0, 2, 4], "texture": "#0"},
				"down": {"uv": [0, 0, 2, 4], "texture": "#0"}
			}
		},
		{
			"name": "Highlight1",
			"from": [3.2, 4.8, 5.7],
			"to": [4.8, 5.4, 9.7],
			"faces": {
				"north": {"uv": [0, 0, 2, 2], "texture": "#1"},
				"east": {"uv": [0, 0, 4, 2], "texture": "#1"},
				"south": {"uv": [0, 0, 2, 2], "texture": "#1"},
				"west": {"uv": [0, 0, 4, 2], "texture": "#1"},
				"up": {"uv": [0, 0, 2, 4], "texture": "#1"},
				"down": {"uv": [0, 0, 2, 4], "texture": "#1"}
			}
		},
		{
			"name": "Hind",
			"from": [3.2, 5, 10],
			"to": [4.8, 7.2, 13],
			"faces": {
				"north": {"uv": [0, 0, 2, 2], "texture": "#0"},
				"east": {"uv": [0, 0, 4, 2], "texture": "#0"},
				"south": {"uv": [0, 0, 2, 2], "texture": "#0"},
				"west": {"uv": [0, 0, 4, 2], "texture": "#0"},
				"up": {"uv": [0, 0, 2, 4], "texture": "#0"},
				"down": {"uv": [0, 0, 2, 4], "texture": "#0"}
			}
		},
		{
			"name": "Tail1",
			"from": [3.4, 5, 12.2],
			"to": [4.6, 6.2, 14.2],
			"faces": {
				"north": {"uv": [0, 0, 2, 2], "texture": "#0"},
				"east": {"uv": [0, 0, 4, 2], "texture": "#0"},
				"south": {"uv": [0, 0, 2, 2], "texture": "#0"},
				"west": {"uv": [0, 0, 4, 2], "texture": "#0"},
				"up": {"uv": [0, 0, 2, 4], "texture": "#0"},
				"down": {"uv": [0, 0, 2, 4], "texture": "#0"}
			}
		},
		{
			"name": "Tail2",
			"from": [1.7, 4.3, 12],
			"to": [2.5, 5.1, 12.9],
			"rotation": {"angle": 22.5, "axis": "y", "origin": [8, 8, 8]},
			"faces": {
				"north": {"uv": [0, 0, 2, 2], "texture": "#0"},
				"east": {"uv": [0, 0, 4, 2], "texture": "#0"},
				"south": {"uv": [0, 0, 2, 2], "texture": "#0"},
				"west": {"uv": [0, 0, 4, 2], "texture": "#0"},
				"up": {"uv": [0, 0, 2, 4], "texture": "#0"},
				"down": {"uv": [0, 0, 2, 4], "texture": "#0"}
			}
		},
		{
			"name": "Neck",
			"from": [3.2, 4.6, 6],
			"to": [4.8, 6.4, 9.2],
			"rotation": {"angle": 45, "axis": "x", "origin": [8, 8, 8]},
			"faces": {
				"north": {"uv": [0, 0, 2, 2], "texture": "#0"},
				"east": {"uv": [0, 0, 4, 2], "texture": "#0"},
				"south": {"uv": [0, 0, 2, 2], "texture": "#0"},
				"west": {"uv": [0, 0, 4, 2], "texture": "#0"},
				"up": {"uv": [0, 0, 2, 4], "texture": "#0"},
				"down": {"uv": [0, 0, 2, 4], "texture": "#0"}
			}
		},
		{
			"name": "NeckH",
			"from": [3.4, 4.3, 5.7],
			"to": [4.6, 5.7, 8.6],
			"rotation": {"angle": 45, "axis": "x", "origin": [8, 8, 8]},
			"faces": {
				"north": {"uv": [0, 0, 2, 2], "texture": "#1"},
				"east": {"uv": [0, 0, 4, 2], "texture": "#1"},
				"south": {"uv": [0, 0, 2, 2], "texture": "#1"},
				"west": {"uv": [0, 0, 4, 2], "texture": "#1"},
				"up": {"uv": [0, 0, 2, 4], "texture": "#1"},
				"down": {"uv": [0, 0, 2, 4], "texture": "#1"}
			}
		},
		{
			"name": "Head",
			"from": [3, 8, 1],
			"to": [5, 9.6, 5.3],
			"rotation": {"angle": -22.5, "axis": "x", "origin": [8, 8, 8]},
			"faces": {
				"north": {"uv": [4, 3, 11, 11], "texture": "#0"},
				"east": {"uv": [2, 6, 9, 11], "texture": "#0"},
				"south": {"uv": [6, 5, 11, 12], "texture": "#0"},
				"west": {"uv": [5, 6, 9, 8], "texture": "#0"},
				"up": {"uv": [6, 4, 12, 16], "texture": "#0"},
				"down": {"uv": [5, 4, 9, 9], "texture": "#0"}
			}
		},
		{
			"name": "Horn2",
			"from": [4.9, 9.3, 4.5],
			"to": [5.3, 9.7, 5.4],
			"rotation": {"angle": -22.5, "axis": "x", "origin": [8, 8, 8]},
			"faces": {
				"north": {"uv": [0, 0, 2, 2], "texture": "#1"},
				"east": {"uv": [0, 0, 4, 2], "texture": "#1"},
				"south": {"uv": [0, 0, 2, 2], "texture": "#1"},
				"west": {"uv": [0, 0, 4, 2], "texture": "#1"},
				"up": {"uv": [0, 0, 2, 4], "texture": "#1"},
				"down": {"uv": [0, 0, 2, 4], "texture": "#1"}
			}
		},
		{
			"name": "HeadArmor1",
			"from": [3.6, 9.3, 3],
			"to": [4.4, 9.7, 4.9],
			"rotation": {"angle": -22.5, "axis": "x", "origin": [8, 8, 8]},
			"faces": {
				"north": {"uv": [0, 0, 2, 2], "texture": "#1"},
				"east": {"uv": [0, 0, 4, 2], "texture": "#1"},
				"south": {"uv": [0, 0, 2, 2], "texture": "#1"},
				"west": {"uv": [0, 0, 4, 2], "texture": "#1"},
				"up": {"uv": [0, 0, 2, 4], "texture": "#1"},
				"down": {"uv": [0, 0, 2, 4], "texture": "#1"}
			}
		},
		{
			"name": "Eye1",
			"from": [5, 9.1, 3.1],
			"to": [5.2, 9.3, 3.7],
			"rotation": {"angle": -22.5, "axis": "x", "origin": [8, 8, 8]},
			"faces": {
				"north": {"uv": [3, 14, 5, 16], "texture": "#4"},
				"east": {"uv": [6, 14, 10, 16], "texture": "#4"},
				"south": {"uv": [5, 14, 7, 16], "texture": "#4"},
				"west": {"uv": [6, 14, 10, 16], "texture": "#4"},
				"up": {"uv": [3, 12, 5, 16], "texture": "#4"},
				"down": {"uv": [7, 11, 9, 15], "texture": "#4"}
			}
		},
		{
			"name": "FrontLeg1",
			"from": [2.6, 3.3, 8],
			"to": [3.6, 6.2, 9.4],
			"rotation": {"angle": 22.5, "axis": "x", "origin": [8, 8, 8]},
			"faces": {
				"north": {"uv": [0, 0, 2, 2], "texture": "#0"},
				"east": {"uv": [0, 0, 4, 2], "texture": "#0"},
				"south": {"uv": [0, 0, 2, 2], "texture": "#0"},
				"west": {"uv": [0, 0, 4, 2], "texture": "#0"},
				"up": {"uv": [0, 0, 2, 4], "texture": "#0"},
				"down": {"uv": [0, 0, 2, 4], "texture": "#0"}
			}
		},
		{
			"name": "BackLeg1",
			"from": [4.6, 4.4, 12.3],
			"to": [5.6, 7.3, 13.8],
			"rotation": {"angle": 22.5, "axis": "x", "origin": [8, 8, 8]},
			"faces": {
				"north": {"uv": [0, 0, 2, 2], "texture": "#0"},
				"east": {"uv": [0, 0, 4, 2], "texture": "#0"},
				"south": {"uv": [0, 0, 2, 2], "texture": "#0"},
				"west": {"uv": [0, 0, 4, 2], "texture": "#0"},
				"up": {"uv": [0, 0, 2, 4], "texture": "#0"},
				"down": {"uv": [0, 0, 2, 4], "texture": "#0"}
			}
		},
		{
			"name": "FrontLeg2",
			"from": [4.5, 4, 5.3],
			"to": [5.5, 6.7, 6.8],
			"rotation": {"angle": -22.5, "axis": "x", "origin": [8, 8, 8]},
			"faces": {
				"north": {"uv": [0, 0, 2, 2], "texture": "#0"},
				"east": {"uv": [0, 0, 4, 2], "texture": "#0"},
				"south": {"uv": [0, 0, 2, 2], "texture": "#0"},
				"west": {"uv": [0, 0, 4, 2], "texture": "#0"},
				"up": {"uv": [0, 0, 2, 4], "texture": "#0"},
				"down": {"uv": [0, 0, 2, 4], "texture": "#0"}
			}
		},
		{
			"name": "BackLeg2",
			"from": [2.6, 1.6, 9.8],
			"to": [3.6, 4.6, 11.3],
			"rotation": {"angle": -22.5, "axis": "x", "origin": [8, 8, 8]},
			"faces": {
				"north": {"uv": [0, 0, 2, 2], "texture": "#0"},
				"east": {"uv": [0, 0, 4, 2], "texture": "#0"},
				"south": {"uv": [0, 0, 2, 2], "texture": "#0"},
				"west": {"uv": [0, 0, 4, 2], "texture": "#0"},
				"up": {"uv": [0, 0, 2, 4], "texture": "#0"},
				"down": {"uv": [0, 0, 2, 4], "texture": "#0"}
			}
		},
		{
			"name": "BackLegLeg3",
			"from": [4.6, 0.1, 8.7],
			"to": [5.5, 2.1, 9.6],
			"rotation": {"angle": -22.5, "axis": "x", "origin": [8, 8, 8]},
			"faces": {
				"north": {"uv": [0, 0, 2, 2], "texture": "#1"},
				"east": {"uv": [0, 0, 4, 2], "texture": "#1"},
				"south": {"uv": [0, 0, 2, 2], "texture": "#1"},
				"west": {"uv": [0, 0, 4, 2], "texture": "#1"},
				"up": {"uv": [0, 0, 2, 4], "texture": "#1"},
				"down": {"uv": [0, 0, 2, 4], "texture": "#1"}
			}
		},
		{
			"name": "BackLeg4",
			"from": [2.6, -0.9, 7.7],
			"to": [3.5, 1.1, 8.6],
			"rotation": {"angle": -45, "axis": "x", "origin": [8, 8, 8]},
			"faces": {
				"north": {"uv": [0, 0, 2, 2], "texture": "#1"},
				"east": {"uv": [0, 0, 4, 2], "texture": "#1"},
				"south": {"uv": [0, 0, 2, 2], "texture": "#1"},
				"west": {"uv": [0, 0, 4, 2], "texture": "#1"},
				"up": {"uv": [0, 0, 2, 4], "texture": "#1"},
				"down": {"uv": [0, 0, 2, 4], "texture": "#1"}
			}
		},
		{
			"name": "FrontLeg3",
			"from": [2.7, 1, 9.9],
			"to": [3.4, 4, 11.1],
			"rotation": {"angle": 45, "axis": "x", "origin": [8, 8, 8]},
			"faces": {
				"north": {"uv": [0, 0, 2, 2], "texture": "#0"},
				"east": {"uv": [0, 0, 4, 2], "texture": "#0"},
				"south": {"uv": [0, 0, 2, 2], "texture": "#0"},
				"west": {"uv": [0, 0, 4, 2], "texture": "#0"},
				"up": {"uv": [0, 0, 2, 4], "texture": "#0"},
				"down": {"uv": [0, 0, 2, 4], "texture": "#0"}
			}
		},
		{
			"name": "FrontLeg4",
			"from": [4.6, 1, 9],
			"to": [5.3, 4, 10.2],
			"rotation": {"angle": 22.5, "axis": "x", "origin": [8, 8, 8]},
			"faces": {
				"north": {"uv": [0, 0, 2, 2], "texture": "#0"},
				"east": {"uv": [0, 0, 4, 2], "texture": "#0"},
				"south": {"uv": [0, 0, 2, 2], "texture": "#0"},
				"west": {"uv": [0, 0, 4, 2], "texture": "#0"},
				"up": {"uv": [0, 0, 2, 4], "texture": "#0"},
				"down": {"uv": [0, 0, 2, 4], "texture": "#0"}
			}
		},
		{
			"name": "BackSpike1",
			"from": [3.6, 7.5, 4.5],
			"to": [4.4, 7.9, 6.4],
			"rotation": {"angle": -22.5, "axis": "x", "origin": [8, 8, 8]},
			"faces": {
				"north": {"uv": [0, 0, 2, 2], "texture": "#3"},
				"east": {"uv": [0, 0, 4, 2], "texture": "#3"},
				"south": {"uv": [0, 0, 2, 2], "texture": "#3"},
				"west": {"uv": [0, 0, 4, 2], "texture": "#3"},
				"up": {"uv": [0, 0, 2, 4], "texture": "#3"},
				"down": {"uv": [0, 0, 2, 4], "texture": "#3"}
			}
		},
		{
			"name": "BackSpike2",
			"from": [3.6, 6.2, 5.5],
			"to": [4.4, 6.6, 7.4],
			"rotation": {"angle": -22.5, "axis": "x", "origin": [8, 8, 8]},
			"faces": {
				"north": {"uv": [0, 0, 2, 2], "texture": "#3"},
				"east": {"uv": [0, 0, 4, 2], "texture": "#3"},
				"south": {"uv": [0, 0, 2, 2], "texture": "#3"},
				"west": {"uv": [0, 0, 4, 2], "texture": "#3"},
				"up": {"uv": [0, 0, 2, 4], "texture": "#3"},
				"down": {"uv": [0, 0, 2, 4], "texture": "#3"}
			}
		},
		{
			"name": "TailSpike",
			"from": [1.8, 3.2, 12.6],
			"to": [2.4, 4.4, 13.2],
			"rotation": {"angle": 22.5, "axis": "y", "origin": [8, 8, 8]},
			"faces": {
				"north": {"uv": [0, 0, 2, 2], "texture": "#1"},
				"east": {"uv": [0, 0, 4, 2], "texture": "#1"},
				"south": {"uv": [0, 0, 2, 2], "texture": "#1"},
				"west": {"uv": [0, 0, 4, 2], "texture": "#1"},
				"up": {"uv": [0, 0, 2, 4], "texture": "#1"},
				"down": {"uv": [0, 0, 2, 4], "texture": "#1"}
			}
		},
		{
			"name": "Ear2",
			"from": [2.9, 9.3, 4.5],
			"to": [3.3, 9.7, 5.4],
			"rotation": {"angle": -22.5, "axis": "x", "origin": [8, 8, 8]},
			"faces": {
				"north": {"uv": [0, 0, 2, 2], "texture": "#1"},
				"east": {"uv": [0, 0, 4, 2], "texture": "#1"},
				"south": {"uv": [0, 0, 2, 2], "texture": "#1"},
				"west": {"uv": [0, 0, 4, 2], "texture": "#1"},
				"up": {"uv": [0, 0, 2, 4], "texture": "#1"},
				"down": {"uv": [0, 0, 2, 4], "texture": "#1"}
			}
		},
		{
			"name": "Eye2",
			"from": [2.9, 9.1, 3.1],
			"to": [3.1, 9.3, 3.7],
			"rotation": {"angle": -22.5, "axis": "x", "origin": [8, 8, 8]},
			"faces": {
				"north": {"uv": [3, 14, 5, 16], "texture": "#4"},
				"east": {"uv": [6, 14, 10, 16], "texture": "#4"},
				"south": {"uv": [3, 12, 5, 14], "texture": "#4"},
				"west": {"uv": [5, 14, 9, 16], "texture": "#4"},
				"up": {"uv": [3, 12, 5, 16], "texture": "#4"},
				"down": {"uv": [7, 11, 9, 15], "texture": "#4"}
			}
		}
	],
	"display": {
		"head": {
			"translation": [15.75, -15, 0],
			"scale": [4, 4, 4]
		}
	}
}