{
	"credit": "Made with Blockbench",
	"textures": {
		"0": "block/coal_block",
		"2": "block/anvil_top",
		"3": "block/black_glazed_terracotta",
		"particle": "block/black_glazed_terracotta"
	},
	"elements": [
		{
			"name": "Guard1",
			"from": [7, 3.5, 7.9],
			"to": [8, 6.5, 10.1],
			"rotation": {"angle": 0, "axis": "y", "origin": [8, 3.5, 8]},
			"faces": {
				"north": {"uv": [0, 0, 3, 3], "texture": "#0"},
				"east": {"uv": [8, 9, 11, 13], "texture": "#0"},
				"south": {"uv": [0, 0, 1, 1], "texture": "#0"},
				"west": {"uv": [8, 9, 11, 13], "texture": "#0"},
				"up": {"uv": [0, 2, 9, 16], "texture": "#0"},
				"down": {"uv": [0, 0, 11, 14], "texture": "#0"}
			}
		},
		{
			"name": "Guard 3",
			"from": [7.1, 4.4, 6.3],
			"to": [7.9, 5.2, 11.8],
			"rotation": {"angle": 0, "axis": "y", "origin": [8, 3.5, 8]},
			"faces": {
				"north": {"uv": [0, 0, 5, 4], "texture": "#0"},
				"east": {"uv": [1, 0, 7, 2], "texture": "#0"},
				"south": {"uv": [0, 0, 6, 6], "texture": "#0"},
				"west": {"uv": [1, 0, 7, 2], "texture": "#0"},
				"up": {"uv": [0, 0, 2, 6], "texture": "#0"},
				"down": {"uv": [0, 0, 2, 11], "texture": "#0"}
			}
		},
		{
			"name": "Blade1",
			"from": [7.4, 3.5, 8],
			"to": [7.6, 20.5, 10],
			"rotation": {"angle": 0, "axis": "y", "origin": [8, 3.5, 8]},
			"faces": {
				"north": {"uv": [0, 0, 0.2, 16], "texture": "#3"},
				"east": {"uv": [5, 0, 8, 16], "texture": "#3"},
				"south": {"uv": [0, 0, 0.2, 16], "texture": "#3"},
				"west": {"uv": [5, 0, 7, 16], "texture": "#3"},
				"up": {"uv": [0, 0, 1, 9], "texture": "#3"},
				"down": {"uv": [0, 0, 5.2, 7], "texture": "#3"}
			}
		},
		{
			"name": "Blade2",
			"from": [7.4, 20.5, 8.2],
			"to": [7.6, 22.5, 9.8],
			"rotation": {"angle": 0, "axis": "y", "origin": [8, 3.5, 8]},
			"faces": {
				"north": {"uv": [0, 0, 1, 9], "texture": "#3"},
				"east": {"uv": [0, 0, 1.6, 4], "texture": "#3"},
				"south": {"uv": [0, 0, 1, 9], "texture": "#3"},
				"west": {"uv": [11, 1, 12.6, 5], "texture": "#3"},
				"up": {"uv": [0, 0, 1, 9], "texture": "#3"},
				"down": {"uv": [0, 0, 3.2, 7.6], "texture": "#3"}
			}
		},
		{
			"name": "Blade3",
			"from": [7.4, 22.5, 8.4],
			"to": [7.6, 23.9, 9.6],
			"rotation": {"angle": 0, "axis": "y", "origin": [8, 3.5, 8]},
			"faces": {
				"north": {"uv": [0, 0, 1, 9], "texture": "#3"},
				"east": {"uv": [0, 3, 2.2, 6], "texture": "#3"},
				"south": {"uv": [0, 0, 1, 9], "texture": "#3"},
				"west": {"uv": [0, 0, 2.2, 3], "texture": "#3"},
				"up": {"uv": [0, 0, 1, 9], "texture": "#3"},
				"down": {"uv": [0, 0, 9.2, 10.2], "texture": "#3"}
			}
		},
		{
			"name": "Handle1",
			"from": [7, -1.5, 8.5],
			"to": [7.8, 3.5, 9.3],
			"rotation": {"angle": 0, "axis": "y", "origin": [8, 3.5, 8]},
			"faces": {
				"north": {"uv": [8, 1, 11.8, 11], "texture": "#2"},
				"east": {"uv": [4, 3, 7.8, 12], "texture": "#2"},
				"south": {"uv": [3, 1, 9.8, 15], "texture": "#2"},
				"west": {"uv": [5, 1, 8.8, 11], "texture": "#2"},
				"up": {"uv": [4, 1, 12.8, 8.8], "texture": "#2"},
				"down": {"uv": [5, 1, 10.8, 6.8], "texture": "#2"}
			}
		},
		{
			"name": "Pommel1",
			"from": [6.8, -2.5, 8.3],
			"to": [8, -1.3, 9.5],
			"rotation": {"angle": 0, "axis": "y", "origin": [8, 3.5, 8]},
			"faces": {
				"north": {"uv": [5, 5, 7.2, 7.2], "texture": "#0"},
				"east": {"uv": [5, 5, 7.2, 7.2], "texture": "#0"},
				"south": {"uv": [5, 5, 7.2, 7.2], "texture": "#0"},
				"west": {"uv": [5, 5, 7.2, 7.2], "texture": "#0"},
				"up": {"uv": [5, 4, 12.2, 10.2], "texture": "#0"},
				"down": {"uv": [5, 5, 7.2, 7.2], "texture": "#0"}
			}
		},
		{
			"name": "Pommel2",
			"from": [6.8, -2, 8.3],
			"to": [8, -0.8, 9.5],
			"rotation": {"angle": 45, "axis": "y", "origin": [7.4, 3.5, 9]},
			"faces": {
				"north": {"uv": [5, 4, 11.2, 6.2], "texture": "#2"},
				"east": {"uv": [4, 3, 7.2, 11.2], "texture": "#2"},
				"south": {"uv": [5, 6, 6.2, 7.2], "texture": "#2"},
				"west": {"uv": [6, 2, 9.2, 5.2], "texture": "#2"},
				"up": {"uv": [8, 3, 12.2, 7.2], "texture": "#2"},
				"down": {"uv": [6, 9, 10.2, 12.2], "texture": "#2"}
			}
		}
	],
	"display": {
		"thirdperson_righthand": {
			"translation": [0, 4.5, 0.75]
		},
		"thirdperson_lefthand": {
			"translation": [0, 4.75, 0.5]
		},
		"ground": {
			"rotation": [-45, 0, 0],
			"translation": [0, 4.25, 0]
		},
		"gui": {
			"rotation": [0, -90, 0],
			"translation": [0.25, -1.75, 0],
			"scale": [0.49, 0.49, 0.49]
		}
	}
}