{
	"credit": "Made with Blockbench",
	"textures": {
		"0": "block/anvil",
		"1": "block/end_stone",
		"2": "block/redstone_block",
		"particle": "block/anvil"
	},
	"elements": [
		{
			"from": [7.75, 7.75, 3.75],
			"to": [8.25, 8.25, 10.75],
			"faces": {
				"north": {"uv": [0, 0, 0.5, 0.5], "texture": "#0"},
				"east": {"uv": [0, 0, 7, 0.5], "texture": "#0"},
				"south": {"uv": [0, 0, 0.5, 0.5], "texture": "#0"},
				"west": {"uv": [0, 0, 7, 0.5], "texture": "#0"},
				"up": {"uv": [0, 0, 0.5, 7], "texture": "#0"},
				"down": {"uv": [0, 0, 0.5, 7], "texture": "#0"}
			}
		},
		{
			"from": [7.75, 7.75, 11.5],
			"to": [8.25, 8.25, 12.75],
			"faces": {
				"north": {"uv": [0, 0, 0.5, 0.5], "texture": "#2"},
				"east": {"uv": [3, 8, 4.25, 8.5], "texture": "#2"},
				"south": {"uv": [0, 0, 0.5, 0.5], "texture": "#2"},
				"west": {"uv": [7, 10, 8.25, 10.5], "texture": "#2"},
				"up": {"uv": [0, 0, 0.5, 1.25], "texture": "#2"},
				"down": {"uv": [0, 0, 0.5, 1.25], "texture": "#2"}
			}
		},
		{
			"from": [8, 7.25, 11.5],
			"to": [8, 8.75, 12.75],
			"faces": {
				"north": {"uv": [0, 0, 0, 1.5], "texture": "#1"},
				"east": {"uv": [0, 0, 1.25, 1.5], "texture": "#1"},
				"south": {"uv": [0, 0, 0, 1.5], "texture": "#1"},
				"west": {"uv": [0, 0, 1.25, 1.5], "texture": "#1"},
				"up": {"uv": [0, 0, 0, 1.25], "texture": "#1"},
				"down": {"uv": [0, 0, 0, 1.25], "texture": "#1"}
			}
		},
		{
			"from": [7.75, 9.25, 10.75],
			"to": [8.25, 9.75, 14.25],
			"faces": {
				"north": {"uv": [0, 0, 0.5, 0.5], "texture": "#0"},
				"east": {"uv": [0, 0, 3.5, 0.5], "texture": "#0"},
				"south": {"uv": [0, 0, 0.5, 0.5], "texture": "#0"},
				"west": {"uv": [0, 0, 3.5, 0.5], "texture": "#0"},
				"up": {"uv": [0, 0, 0.5, 3.5], "texture": "#0"},
				"down": {"uv": [0, 0, 0.5, 3.5], "texture": "#0"}
			}
		},
		{
			"from": [7.75, 6.25, 10.75],
			"to": [8.25, 6.75, 14.25],
			"faces": {
				"north": {"uv": [0, 0, 0.5, 0.5], "texture": "#0"},
				"east": {"uv": [0, 0, 3.5, 0.5], "texture": "#0"},
				"south": {"uv": [0, 0, 0.5, 0.5], "texture": "#0"},
				"west": {"uv": [0, 0, 3.5, 0.5], "texture": "#0"},
				"up": {"uv": [0, 0, 0.5, 3.5], "texture": "#0"},
				"down": {"uv": [0, 0, 0.5, 3.5], "texture": "#0"}
			}
		},
		{
			"from": [7.75, 6.75, 10.75],
			"to": [8.25, 9.25, 11.25],
			"faces": {
				"north": {"uv": [0, 0, 0.5, 2.5], "texture": "#0"},
				"east": {"uv": [0, 0, 0.5, 2.5], "texture": "#0"},
				"south": {"uv": [0, 0, 0.5, 2.5], "texture": "#0"},
				"west": {"uv": [0, 0, 0.5, 2.5], "texture": "#0"},
				"up": {"uv": [0, 0, 0.5, 0.5], "texture": "#0"},
				"down": {"uv": [0, 0, 0.5, 0.5], "texture": "#0"}
			}
		},
		{
			"from": [7.75, 6.5, 4],
			"to": [8.25, 7.75, 4.5],
			"faces": {
				"north": {"uv": [0, 0, 0.5, 1.25], "texture": "#0"},
				"east": {"uv": [0, 0, 0.5, 1.25], "texture": "#0"},
				"south": {"uv": [0, 0, 0.5, 1.25], "texture": "#0"},
				"west": {"uv": [0, 0, 0.5, 1.25], "texture": "#0"},
				"up": {"uv": [0, 0, 0.5, 0.5], "texture": "#0"},
				"down": {"uv": [0, 0, 0.5, 0.5], "texture": "#0"}
			}
		},
		{
			"from": [7.75, 7, 5],
			"to": [8.25, 7.75, 5.25],
			"faces": {
				"north": {"uv": [0, 0, 0.5, 0.75], "texture": "#0"},
				"east": {"uv": [0, 0, 0.25, 0.75], "texture": "#0"},
				"south": {"uv": [0, 0, 0.5, 0.75], "texture": "#0"},
				"west": {"uv": [0, 0, 0.25, 0.75], "texture": "#0"},
				"up": {"uv": [0, 0, 0.5, 0.25], "texture": "#0"},
				"down": {"uv": [0, 0, 0.5, 0.25], "texture": "#0"}
			}
		},
		{
			"from": [7.75, 6.75, 13.25],
			"to": [8.25, 9.25, 13.75],
			"faces": {
				"north": {"uv": [0, 0, 0.5, 2.5], "texture": "#0"},
				"east": {"uv": [0, 0, 0.5, 2.5], "texture": "#0"},
				"south": {"uv": [0, 0, 0.5, 2.5], "texture": "#0"},
				"west": {"uv": [0, 0, 0.5, 2.5], "texture": "#0"},
				"up": {"uv": [0, 0, 0.5, 0.5], "texture": "#0"},
				"down": {"uv": [0, 0, 0.5, 0.5], "texture": "#0"}
			}
		}
	],
	"display": {
		"thirdperson_righthand": {
			"translation": [0, 0, -5.75]
		},
		"gui": {
			"rotation": [0, -90, 0],
			"translation": [1.25, 0, 0],
			"scale": [1.27, 1.27, 1.27]
		}
	}
}