{
	"credit": "Made with Blockbench",
	"textures": {
		"0": "block/anvil",
		"1": "block/sandstone",
		"2": "block/cyan_concrete_powder",
		"particle": "block/anvil"
	},
	"elements": [
		{
			"name": "Bottom_Plate",
			"from": [5.5, 8, 7],
			"to": [10.5, 9, 15],
			"faces": {
				"north": {"uv": [0, 0, 5, 1], "texture": "#1"},
				"east": {"uv": [0, 0, 8, 1], "texture": "#1"},
				"south": {"uv": [0, 0, 5, 1], "texture": "#1"},
				"west": {"uv": [0, 0, 8, 1], "texture": "#1"},
				"up": {"uv": [0, 0, 5, 8], "texture": "#1"},
				"down": {"uv": [0, 0, 5, 8], "texture": "#1"}
			}
		},
		{
			"name": "Top_Plate",
			"from": [6, 9, 7],
			"to": [10, 10, 15],
			"faces": {
				"north": {"uv": [0, 0, 4, 1], "texture": "#1"},
				"east": {"uv": [0, 0, 8, 1], "texture": "#1"},
				"south": {"uv": [0, 0, 4, 1], "texture": "#1"},
				"west": {"uv": [0, 0, 8, 1], "texture": "#1"},
				"up": {"uv": [0, 0, 4, 8], "texture": "#1"},
				"down": {"uv": [0, 0, 4, 8], "texture": "#1"}
			}
		},
		{
			"name": "Jewel",
			"from": [7, 10, 10],
			"to": [9, 10.5, 12],
			"faces": {
				"north": {"uv": [0, 0, 2, 0.5], "texture": "#2"},
				"east": {"uv": [0, 0, 2, 0.5], "texture": "#2"},
				"south": {"uv": [0, 0, 2, 0.5], "texture": "#2"},
				"west": {"uv": [0, 0, 2, 0.5], "texture": "#2"},
				"up": {"uv": [1, 1, 7, 7], "texture": "#2"},
				"down": {"uv": [0, 0, 2, 2], "texture": "#2"}
			}
		},
		{
			"name": "Claw",
			"from": [7.75, 11, 4],
			"to": [8.25, 12, 7],
			"faces": {
				"north": {"uv": [0, 0, 0.5, 1], "texture": "#0"},
				"east": {"uv": [0, 0, 3, 1], "texture": "#0"},
				"south": {"uv": [0, 0, 0.5, 1], "texture": "#0"},
				"west": {"uv": [0, 0, 3, 1], "texture": "#0"},
				"up": {"uv": [0, 0, 0.5, 3], "texture": "#0"},
				"down": {"uv": [0, 0, 0.5, 3], "texture": "#0"}
			}
		},
		{
			"name": "Claw2",
			"from": [9.5, 7, 4],
			"to": [10, 8, 7],
			"faces": {
				"north": {"uv": [0, 0, 0.5, 1], "texture": "#0"},
				"east": {"uv": [0, 0, 3, 1], "texture": "#0"},
				"south": {"uv": [0, 0, 0.5, 1], "texture": "#0"},
				"west": {"uv": [0, 0, 3, 1], "texture": "#0"},
				"up": {"uv": [0, 0, 0.5, 3], "texture": "#0"},
				"down": {"uv": [0, 0, 0.5, 3], "texture": "#0"}
			}
		},
		{
			"name": "Claw3",
			"from": [6, 7, 4],
			"to": [6.5, 8, 7],
			"faces": {
				"north": {"uv": [0, 0, 0.5, 1], "texture": "#0"},
				"east": {"uv": [0, 0, 3, 1], "texture": "#0"},
				"south": {"uv": [0, 0, 0.5, 1], "texture": "#0"},
				"west": {"uv": [0, 0, 3, 1], "texture": "#0"},
				"up": {"uv": [0, 0, 0.5, 3], "texture": "#0"},
				"down": {"uv": [0, 0, 0.5, 3], "texture": "#0"}
			}
		},
		{
			"name": "Claw4",
			"from": [7.75, 9, 6],
			"to": [8.25, 11, 7],
			"faces": {
				"north": {"uv": [0, 0, 0.5, 2], "texture": "#0"},
				"east": {"uv": [0, 0, 1, 2], "texture": "#0"},
				"south": {"uv": [0, 0, 0.5, 2], "texture": "#0"},
				"west": {"uv": [0, 0, 1, 2], "texture": "#0"},
				"up": {"uv": [0, 0, 0.5, 1], "texture": "#0"},
				"down": {"uv": [0, 0, 0.5, 1], "texture": "#0"}
			}
		},
		{
			"name": "Claw5",
			"from": [7, 6.5, 6],
			"to": [7.5, 8.5, 7],
			"rotation": {"angle": -45, "axis": "z", "origin": [8, 8, 8]},
			"faces": {
				"north": {"uv": [0, 0, 0.5, 2], "texture": "#0"},
				"east": {"uv": [0, 0, 1, 2], "texture": "#0"},
				"south": {"uv": [0, 0, 0.5, 2], "texture": "#0"},
				"west": {"uv": [0, 0, 1, 2], "texture": "#0"},
				"up": {"uv": [0, 0, 0.5, 1], "texture": "#0"},
				"down": {"uv": [0, 0, 0.5, 1], "texture": "#0"}
			}
		},
		{
			"name": "Claw6",
			"from": [8.5, 6.5, 6],
			"to": [9, 8.5, 7],
			"rotation": {"angle": 45, "axis": "z", "origin": [8, 8, 8]},
			"faces": {
				"north": {"uv": [0, 0, 0.5, 2], "texture": "#0"},
				"east": {"uv": [0, 0, 1, 2], "texture": "#0"},
				"south": {"uv": [0, 0, 0.5, 2], "texture": "#0"},
				"west": {"uv": [0, 0, 1, 2], "texture": "#0"},
				"up": {"uv": [0, 0, 0.5, 1], "texture": "#0"},
				"down": {"uv": [0, 0, 0.5, 1], "texture": "#0"}
			}
		},
		{
			"name": "Left1",
			"from": [5.25, 4, 12.75],
			"to": [5.5, 8.25, 13.75],
			"faces": {
				"north": {"uv": [0, 0, 0.25, 4.25], "texture": "#1"},
				"east": {"uv": [0, 0, 1, 4.25], "texture": "#1"},
				"south": {"uv": [0, 0, 0.25, 4.25], "texture": "#1"},
				"west": {"uv": [0, 0, 1, 4.25], "texture": "#1"},
				"up": {"uv": [0, 0, 0.25, 1], "texture": "#1"},
				"down": {"uv": [0, 0, 0.25, 1], "texture": "#1"}
			}
		},
		{
			"name": "Left2",
			"from": [5.25, 4, 8.25],
			"to": [5.5, 8.25, 9.25],
			"faces": {
				"north": {"uv": [0, 0, 0.25, 4.25], "texture": "#1"},
				"east": {"uv": [0, 0, 1, 4.25], "texture": "#1"},
				"south": {"uv": [0, 0, 0.25, 4.25], "texture": "#1"},
				"west": {"uv": [0, 0, 1, 4.25], "texture": "#1"},
				"up": {"uv": [0, 0, 0.25, 1], "texture": "#1"},
				"down": {"uv": [0, 0, 0.25, 1], "texture": "#1"}
			}
		},
		{
			"name": "Right1",
			"from": [10.5, 4, 12.75],
			"to": [10.75, 8.25, 13.75],
			"rotation": {"angle": 0, "axis": "y", "origin": [13.25, 8, 8]},
			"faces": {
				"north": {"uv": [0, 0, 0.25, 4.25], "texture": "#1"},
				"east": {"uv": [0, 0, 1, 4.25], "texture": "#1"},
				"south": {"uv": [0, 0, 0.25, 4.25], "texture": "#1"},
				"west": {"uv": [0, 0, 1, 4.25], "texture": "#1"},
				"up": {"uv": [0, 0, 0.25, 1], "texture": "#1"},
				"down": {"uv": [0, 0, 0.25, 1], "texture": "#1"}
			}
		},
		{
			"name": "Right2",
			"from": [10.5, 4, 8.25],
			"to": [10.75, 8.25, 9.25],
			"rotation": {"angle": 0, "axis": "y", "origin": [13.25, 8, 8]},
			"faces": {
				"north": {"uv": [0, 0, 0.25, 4.25], "texture": "#1"},
				"east": {"uv": [0, 0, 1, 4.25], "texture": "#1"},
				"south": {"uv": [0, 0, 0.25, 4.25], "texture": "#1"},
				"west": {"uv": [0, 0, 1, 4.25], "texture": "#1"},
				"up": {"uv": [0, 0, 0.25, 1], "texture": "#1"},
				"down": {"uv": [0, 0, 0.25, 1], "texture": "#1"}
			}
		},
		{
			"name": "Bottom1",
			"from": [5.5, 3.75, 8.25],
			"to": [10.5, 4, 9.25],
			"rotation": {"angle": 0, "axis": "z", "origin": [9.5, 1.25, 8]},
			"faces": {
				"north": {"uv": [0, 0, 0.25, 5], "rotation": 270, "texture": "#1"},
				"east": {"uv": [0, 0, 0.25, 1], "rotation": 90, "texture": "#1"},
				"south": {"uv": [0, 0, 0.25, 5], "rotation": 90, "texture": "#1"},
				"west": {"uv": [0, 0, 0.25, 1], "rotation": 90, "texture": "#1"},
				"up": {"uv": [0, 0, 1, 5], "rotation": 90, "texture": "#1"},
				"down": {"uv": [0, 0, 1, 5], "rotation": 90, "texture": "#1"}
			}
		},
		{
			"name": "Bottom2",
			"from": [5.5, 3.75, 12.75],
			"to": [10.5, 4, 13.75],
			"rotation": {"angle": 0, "axis": "z", "origin": [9.5, 1.25, 8]},
			"faces": {
				"north": {"uv": [0, 0, 0.25, 5], "rotation": 270, "texture": "#1"},
				"east": {"uv": [0, 0, 0.25, 1], "rotation": 90, "texture": "#1"},
				"south": {"uv": [0, 0, 0.25, 5], "rotation": 90, "texture": "#1"},
				"west": {"uv": [0, 0, 0.25, 1], "rotation": 90, "texture": "#1"},
				"up": {"uv": [0, 0, 1, 5], "rotation": 90, "texture": "#1"},
				"down": {"uv": [0, 0, 1, 5], "rotation": 90, "texture": "#1"}
			}
		}
	],
	"display": {
		"firstperson_righthand": {
			"translation": [0, 0.25, 0]
		},
		"ground": {
			"rotation": [-45, 0, 0],
			"translation": [0, 1.75, 0]
		},
		"gui": {
			"rotation": [90, 0, 0],
			"translation": [0, 1, 0]
		}
	},
	"groups": [
		{
			"name": "Base",
			"origin": [8, 8, 8],
			"children": [0, 1, 2]
		},
		{
			"name": "Claw",
			"origin": [8, 8, 8],
			"children": [3, 4, 5, 6, 7, 8]
		},
		{
			"name": "Strap",
			"origin": [8, 8, 8],
			"children": [9, 10, 11, 12, 13, 14]
		}
	]
}