{
	"credit": "Made with Blockbench",
	"textures": {
		"0": "block/chorus_plant",
		"1": "block/chorus_flower",
		"2": "block/obsidian",
		"3": "block/anvil_top"
	},
	"elements": [
		{
			"name": "Guard1",
			"from": [7, 8, 8],
			"to": [8, 9, 10],
			"faces": {
				"north": {"uv": [0, 0, 3, 3], "texture": "#0"},
				"east": {"uv": [0, 0, 14, 13], "texture": "#0"},
				"south": {"uv": [0, 0, 1, 1], "texture": "#0"},
				"west": {"uv": [2, 4, 16, 16], "texture": "#0"},
				"up": {"uv": [0, 2, 9, 16], "texture": "#0"},
				"down": {"uv": [0, 0, 11, 14], "texture": "#0"}
			}
		},
		{
			"name": "Guard2",
			"from": [7, 7.2, 9.9],
			"to": [8, 8.2, 11.9],
			"rotation": {"angle": -22.5, "axis": "x", "origin": [8, 8, 8]},
			"faces": {
				"north": {"uv": [0, 0, 4, 4], "texture": "#0"},
				"east": {"uv": [1, 5, 16, 14], "texture": "#0"},
				"south": {"uv": [0, 0, 8, 9], "texture": "#0"},
				"west": {"uv": [2, 3, 15, 13], "texture": "#0"},
				"up": {"uv": [0, 0, 10, 14], "texture": "#0"},
				"down": {"uv": [0, 0, 10, 16], "texture": "#0"}
			}
		},
		{
			"name": "Guard 3",
			"from": [7, 7.9, 6.4],
			"to": [8, 8.9, 8.4],
			"rotation": {"angle": -22.5, "axis": "x", "origin": [8, 8, 8]},
			"faces": {
				"north": {"uv": [0, 0, 5, 4], "texture": "#0"},
				"east": {"uv": [1, 0, 16, 14], "texture": "#0"},
				"south": {"uv": [0, 0, 6, 6], "texture": "#0"},
				"west": {"uv": [3, 3, 16, 15], "texture": "#0"},
				"up": {"uv": [0, 0, 8, 11], "texture": "#0"},
				"down": {"uv": [0, 0, 8, 15], "texture": "#0"}
			}
		},
		{
			"name": "Guard 4",
			"from": [7.3, 8.6, 4.7],
			"to": [7.7, 9, 6.7],
			"rotation": {"angle": -45, "axis": "x", "origin": [8, 8, 8]},
			"faces": {
				"north": {"uv": [6, 5, 9.4, 8.4], "texture": "#1"},
				"east": {"uv": [1, 4, 13, 10.4], "texture": "#1"},
				"south": {"uv": [6, 4, 9.4, 8.4], "texture": "#1"},
				"west": {"uv": [0, 7, 16, 11.4], "texture": "#1"},
				"up": {"uv": [7, 0, 13.4, 15], "texture": "#1"},
				"down": {"uv": [5, 0, 9.4, 16], "texture": "#1"}
			}
		},
		{
			"name": "Guard5",
			"from": [7.3, 6.4, 11.5],
			"to": [7.7, 6.8, 13.5],
			"rotation": {"angle": -45, "axis": "x", "origin": [8, 8, 8]},
			"faces": {
				"north": {"uv": [6, 4, 9.4, 8.4], "texture": "#1"},
				"east": {"uv": [0, 4, 16, 11.4], "texture": "#1"},
				"south": {"uv": [6, 5, 11.4, 11.4], "texture": "#1"},
				"west": {"uv": [0, 6, 16, 11.4], "texture": "#1"},
				"up": {"uv": [6, 0, 11.4, 16], "texture": "#1"},
				"down": {"uv": [7, 0, 10.4, 16], "texture": "#1"}
			}
		},
		{
			"name": "Blade1",
			"from": [7.4, 8, 8],
			"to": [7.6, 25, 10],
			"faces": {
				"north": {"uv": [0, 0, 4.2, 17], "texture": "#2"},
				"east": {"uv": [3, 0, 5, 16], "texture": "#2"},
				"south": {"uv": [0, 0, 1.2, 16], "texture": "#2"},
				"west": {"uv": [13, 0, 15, 16], "texture": "#2"},
				"up": {"uv": [0, 0, 6.2, 7], "texture": "#2"},
				"down": {"uv": [0, 0, 5.2, 7], "texture": "#2"}
			}
		},
		{
			"name": "Blade2",
			"from": [7.4, 25, 8.2],
			"to": [7.6, 27, 9.8],
			"faces": {
				"north": {"uv": [0, 0, 7.2, 10], "texture": "#2"},
				"east": {"uv": [3, 0, 4.6, 3], "texture": "#2"},
				"south": {"uv": [0, 0, 4.2, 10], "texture": "#2"},
				"west": {"uv": [0, 0, 1.6, 4], "texture": "#2"},
				"up": {"uv": [0, 0, 6.2, 9.6], "texture": "#2"},
				"down": {"uv": [0, 0, 3.2, 7.6], "texture": "#2"}
			}
		},
		{
			"name": "Blade3",
			"from": [7.4, 27, 8.4],
			"to": [7.6, 28, 9.6],
			"faces": {
				"north": {"uv": [0, 0, 5.2, 8], "texture": "#2"},
				"east": {"uv": [3, 5, 5.2, 7], "texture": "#2"},
				"south": {"uv": [0, 0, 7.2, 7], "texture": "#2"},
				"west": {"uv": [4, 3, 6.2, 5], "texture": "#2"},
				"up": {"uv": [0, 0, 9.2, 9.2], "texture": "#2"},
				"down": {"uv": [0, 0, 9.2, 10.2], "texture": "#2"}
			}
		},
		{
			"name": "Handle1",
			"from": [7, 3, 8.5],
			"to": [7.8, 8, 9.3],
			"faces": {
				"north": {"uv": [8, 1, 11.8, 11], "texture": "#3"},
				"east": {"uv": [4, 3, 7.8, 12], "texture": "#3"},
				"south": {"uv": [3, 1, 9.8, 15], "texture": "#3"},
				"west": {"uv": [5, 1, 8.8, 11], "texture": "#3"},
				"up": {"uv": [4, 1, 12.8, 8.8], "texture": "#3"},
				"down": {"uv": [5, 1, 10.8, 6.8], "texture": "#3"}
			}
		},
		{
			"name": "Pommel1",
			"from": [6.8, 2, 8.3],
			"to": [8, 3.2, 9.5],
			"faces": {
				"north": {"uv": [5, 5, 10.2, 9.2], "texture": "#1"},
				"east": {"uv": [4, 3, 11.2, 9.2], "texture": "#1"},
				"south": {"uv": [6, 5, 12.2, 10.2], "texture": "#1"},
				"west": {"uv": [5, 5, 12.2, 12.2], "texture": "#1"},
				"up": {"uv": [5, 4, 12.2, 10.2], "texture": "#1"},
				"down": {"uv": [5, 5, 9.2, 9.2], "texture": "#1"}
			}
		},
		{
			"name": "Pommel2",
			"from": [6.8, 2.5, 8.3],
			"to": [8, 3.7, 9.5],
			"rotation": {"angle": 45, "axis": "y", "origin": [7.4, 8, 9]},
			"faces": {
				"north": {"uv": [0, 0, 6.2, 2.2], "texture": "#1"},
				"east": {"uv": [0, 0, 3.2, 8.2], "texture": "#1"},
				"south": {"uv": [0, 0, 1.2, 1.2], "texture": "#1"},
				"west": {"uv": [0, 0, 3.2, 3.2], "texture": "#1"},
				"up": {"uv": [11, 0, 15.2, 4.2], "texture": "#1"},
				"down": {"uv": [1, 12, 5.2, 15.2], "texture": "#1"}
			}
		}
	],
	"display": {
		"thirdperson_righthand": {
			"scale": [1.1, 1.1, 1.1]
		},
		"thirdperson_lefthand": {
			"scale": [1.1, 1.1, 1.1]
		},
		"firstperson_righthand": {
			"scale": [1.1, 1.1, 1.1]
		},
		"firstperson_lefthand": {
			"translation": [-1.89, 0, 0],
			"scale": [1.3, 1.3, 1.3]
		},
		"ground": {
			"rotation": [-45, 0, 0],
			"translation": [0, 1.5, 0],
			"scale": [1.1, 1.1, 1.1]
		},
		"gui": {
			"rotation": [0, 90, 0],
			"translation": [0, -4, 0],
			"scale": [0.52, 0.52, 0.52]
		},
		"fixed": {
			"scale": [1.1, 1.1, 1.1]
		}
	}
}