{
	"credit": "Made with Blockbench",
	"textures": {
		"0": "block/blue_terracotta",
		"1": "block/brown_concrete_powder",
		"2": "block/beacon",
		"3": "block/bone_block_side",
		"particle": "block/blue_terracotta"
	},
	"elements": [
		{
			"name": "Center1",
			"from": [7.75, 4.5, 2],
			"to": [8.25, 11.5, 2.5],
			"faces": {
				"north": {"uv": [0, 0, 0.5, 7], "texture": "#1"},
				"east": {"uv": [0, 0, 0.5, 7], "texture": "#1"},
				"south": {"uv": [0, 0, 0.5, 7], "texture": "#1"},
				"west": {"uv": [0, 0, 0.5, 7], "texture": "#1"},
				"up": {"uv": [0, 0, 0.5, 0.5], "texture": "#1"},
				"down": {"uv": [0, 0, 0.5, 0.5], "texture": "#1"}
			}
		},
		{
			"name": "Center2",
			"from": [7.5, 9, 1],
			"to": [8.5, 18, 1.5],
			"rotation": {"angle": 22.5, "axis": "x", "origin": [8, 8, 8]},
			"faces": {
				"north": {"uv": [0, 0, 1, 9], "texture": "#0"},
				"east": {"uv": [0, 0, 0.5, 9], "texture": "#0"},
				"south": {"uv": [0, 0, 1, 9], "texture": "#0"},
				"west": {"uv": [0, 0, 0.5, 9], "texture": "#0"},
				"up": {"uv": [0, 0, 1, 0.5], "texture": "#0"},
				"down": {"uv": [0, 0, 1, 0.5], "texture": "#0"}
			}
		},
		{
			"name": "Center3",
			"from": [7.5, -2, 1],
			"to": [8.5, 7, 1.5],
			"rotation": {"angle": -22.5, "axis": "x", "origin": [8, 8, 8]},
			"faces": {
				"north": {"uv": [0, 0, 1, 9], "texture": "#0"},
				"east": {"uv": [0, 0, 0.5, 9], "texture": "#0"},
				"south": {"uv": [0, 0, 1, 9], "texture": "#0"},
				"west": {"uv": [0, 0, 0.5, 9], "texture": "#0"},
				"up": {"uv": [0, 0, 1, 0.5], "texture": "#0"},
				"down": {"uv": [0, 0, 1, 0.5], "texture": "#0"}
			}
		},
		{
			"name": "CenterJewel",
			"from": [7.25, 7, 1.5],
			"to": [8.75, 9.75, 2],
			"faces": {
				"north": {"uv": [0, 0, 1.5, 2.75], "texture": "#0"},
				"east": {"uv": [0, 0, 0.5, 2.75], "texture": "#0"},
				"south": {"uv": [0, 0, 1.5, 2.75], "texture": "#0"},
				"west": {"uv": [0, 0, 0.5, 2.75], "texture": "#0"},
				"up": {"uv": [0, 0, 1.5, 0.5], "texture": "#0"},
				"down": {"uv": [0, 0, 1.5, 0.5], "texture": "#0"}
			}
		},
		{
			"name": "CenterJewel2",
			"from": [7.75, 7.5, 1],
			"to": [8.25, 9.25, 1.5],
			"faces": {
				"north": {"uv": [6, 8, 9.5, 12.75], "texture": "#2"},
				"east": {"uv": [2, 2, 2.5, 3.75], "texture": "#2"},
				"south": {"uv": [5, 3, 5.5, 4.75], "texture": "#2"},
				"west": {"uv": [3, 2, 3.5, 3.75], "texture": "#2"},
				"up": {"uv": [2, 3, 3.5, 4.5], "texture": "#2"},
				"down": {"uv": [12, 5, 13.5, 6.5], "texture": "#2"}
			}
		},
		{
			"name": "String",
			"from": [8, -3.5, 5.5],
			"to": [8.25, 19.5, 5.75],
			"faces": {
				"north": {"uv": [0, 0, 0.25, 16], "texture": "#3"},
				"east": {"uv": [0, 0, 0.25, 16], "texture": "#3"},
				"south": {"uv": [0, 0, 0.25, 16], "texture": "#3"},
				"west": {"uv": [0, 0, 0.25, 16], "texture": "#3"},
				"up": {"uv": [0, 0, 0.25, 0.25], "texture": "#3"},
				"down": {"uv": [0, 0, 0.25, 0.25], "texture": "#3"}
			}
		}
	],
	"display": {
		"thirdperson_righthand": {
			"translation": [-2.25, 0, 5.75]
		},
		"thirdperson_lefthand": {
			"translation": [-2, -1.75, 5.75]
		},
		"firstperson_righthand": {
			"translation": [4, 4.75, 2.25]
		},
		"firstperson_lefthand": {
			"translation": [0, 0, 1.75]
		},
		"ground": {
			"rotation": [-45, 0, 0],
			"translation": [0, 7.75, 0]
		},
		"gui": {
			"rotation": [0, -90, 0],
			"translation": [-2.25, 0, 0],
			"scale": [0.62, 0.62, 0.62]
		}
	},
	"groups": [
		{
			"name": "BowCenterFrame",
			"origin": [8, 8, 8],
			"children": [0, 1, 2, 3, 4]
		}, 5]
}