{
	"credit": "Made with Blockbench",
	"textures": {
		"0": "block/blue_terracotta",
		"1": "block/brown_concrete_powder",
		"2": "block/beacon",
		"3": "block/bone_block_side",
		"particle": "block/blue_terracotta"
	},
	"elements": [
		{
			"name": "Center1",
			"from": [7.75, 4.5, 2],
			"to": [8.25, 11.5, 2.5],
			"faces": {
				"north": {"uv": [0, 0, 0.5, 7], "texture": "#1"},
				"east": {"uv": [0, 0, 0.5, 7], "texture": "#1"},
				"south": {"uv": [0, 0, 0.5, 7], "texture": "#1"},
				"west": {"uv": [0, 0, 0.5, 7], "texture": "#1"},
				"up": {"uv": [0, 0, 0.5, 0.5], "texture": "#1"},
				"down": {"uv": [0, 0, 0.5, 0.5], "texture": "#1"}
			}
		},
		{
			"name": "Center2",
			"from": [7.5, 6.25, 1.25],
			"to": [8.5, 12.25, 1.75],
			"rotation": {"angle": 45, "axis": "x", "origin": [8, 8, 8]},
			"faces": {
				"north": {"uv": [0, 0, 1, 6], "texture": "#0"},
				"east": {"uv": [0, 0, 0.5, 6], "texture": "#0"},
				"south": {"uv": [0, 0, 1, 6], "texture": "#0"},
				"west": {"uv": [0, 0, 0.5, 6], "texture": "#0"},
				"up": {"uv": [0, 0, 1, 0.5], "texture": "#0"},
				"down": {"uv": [0, 0, 1, 0.5], "texture": "#0"}
			}
		},
		{
			"name": "Center3",
			"from": [7.5, 3.75, 1.25],
			"to": [8.5, 9.75, 1.75],
			"rotation": {"angle": -45, "axis": "x", "origin": [8, 8, 8]},
			"faces": {
				"north": {"uv": [0, 0, 1, 6], "texture": "#0"},
				"east": {"uv": [0, 0, 0.5, 6], "texture": "#0"},
				"south": {"uv": [0, 0, 1, 6], "texture": "#0"},
				"west": {"uv": [0, 0, 0.5, 6], "texture": "#0"},
				"up": {"uv": [0, 0, 1, 0.5], "texture": "#0"},
				"down": {"uv": [0, 0, 1, 0.5], "texture": "#0"}
			}
		},
		{
			"name": "Center4",
			"from": [7.5, 15.5, 9.25],
			"to": [8.5, 16, 15.25],
			"rotation": {"angle": -22.5, "axis": "x", "origin": [8, 8, 8]},
			"faces": {
				"north": {"uv": [0, 0, 1, 0.5], "rotation": 180, "texture": "#0"},
				"east": {"uv": [0, 0, 0.5, 6], "rotation": 270, "texture": "#0"},
				"south": {"uv": [0, 0, 1, 0.5], "texture": "#0"},
				"west": {"uv": [0, 0, 0.5, 6], "rotation": 90, "texture": "#0"},
				"up": {"uv": [0, 0, 1, 6], "rotation": 180, "texture": "#0"},
				"down": {"uv": [0, 0, 1, 6], "texture": "#0"}
			}
		},
		{
			"name": "Center5",
			"from": [7.5, 0.25, 9.25],
			"to": [8.5, 0.75, 15.25],
			"rotation": {"angle": 22.5, "axis": "x", "origin": [8, 8, 8]},
			"faces": {
				"north": {"uv": [0, 0, 1, 0.5], "rotation": 180, "texture": "#0"},
				"east": {"uv": [0, 0, 0.5, 6], "rotation": 90, "texture": "#0"},
				"south": {"uv": [0, 0, 1, 0.5], "texture": "#0"},
				"west": {"uv": [0, 0, 0.5, 6], "rotation": 270, "texture": "#0"},
				"up": {"uv": [0, 0, 1, 6], "texture": "#0"},
				"down": {"uv": [0, 0, 1, 6], "rotation": 180, "texture": "#0"}
			}
		},
		{
			"name": "CenterJewel",
			"from": [7.25, 7, 1.5],
			"to": [8.75, 9.75, 2],
			"faces": {
				"north": {"uv": [0, 0, 1.5, 2.75], "texture": "#0"},
				"east": {"uv": [0, 0, 0.5, 2.75], "texture": "#0"},
				"south": {"uv": [0, 0, 1.5, 2.75], "texture": "#0"},
				"west": {"uv": [0, 0, 0.5, 2.75], "texture": "#0"},
				"up": {"uv": [0, 0, 1.5, 0.5], "texture": "#0"},
				"down": {"uv": [0, 0, 1.5, 0.5], "texture": "#0"}
			}
		},
		{
			"name": "CenterJewel2",
			"from": [7.75, 7.5, 1],
			"to": [8.25, 9.25, 1.5],
			"faces": {
				"north": {"uv": [6, 8, 9.5, 12.75], "texture": "#2"},
				"east": {"uv": [2, 2, 2.5, 3.75], "texture": "#2"},
				"south": {"uv": [5, 3, 5.5, 4.75], "texture": "#2"},
				"west": {"uv": [3, 2, 3.5, 3.75], "texture": "#2"},
				"up": {"uv": [2, 3, 3.5, 4.5], "texture": "#2"},
				"down": {"uv": [12, 5, 13.5, 6.5], "texture": "#2"}
			}
		},
		{
			"name": "String",
			"from": [8, 5.25, 14.5],
			"to": [8.25, 15.5, 14.75],
			"rotation": {"angle": -22.5, "axis": "x", "origin": [8, 8, 8]},
			"faces": {
				"north": {"uv": [0, 0, 0.25, 10.25], "texture": "#3"},
				"east": {"uv": [0, 0, 0.25, 10.25], "texture": "#3"},
				"south": {"uv": [0, 0, 0.25, 10.25], "texture": "#3"},
				"west": {"uv": [0, 0, 0.25, 10.25], "texture": "#3"},
				"up": {"uv": [0, 0, 0.25, 0.25], "texture": "#3"},
				"down": {"uv": [0, 0, 0.25, 0.25], "texture": "#3"}
			}
		},
		{
			"name": "String2",
			"from": [8, 0.75, 14.5],
			"to": [8.25, 10.5, 14.75],
			"rotation": {"angle": 22.5, "axis": "x", "origin": [8, 8, 8]},
			"faces": {
				"north": {"uv": [0, 0, 0.25, 9.75], "texture": "#3"},
				"east": {"uv": [0, 0, 0.25, 9.75], "texture": "#3"},
				"south": {"uv": [0, 0, 0.25, 9.75], "texture": "#3"},
				"west": {"uv": [0, 0, 0.25, 9.75], "texture": "#3"},
				"up": {"uv": [0, 0, 0.25, 0.25], "texture": "#3"},
				"down": {"uv": [0, 0, 0.25, 0.25], "texture": "#3"}
			}
		},
		{
			"name": "Shaft",
			"from": [7.75, 8, 1.75],
			"to": [8, 8.25, 14.5],
			"rotation": {"angle": 0, "axis": "y", "origin": [8, 8.25, 9]},
			"faces": {
				"north": {"uv": [0, 0, 0.25, 0.25], "texture": "#1"},
				"east": {"uv": [0, 0, 12.75, 0.25], "texture": "#1"},
				"south": {"uv": [0, 0, 0.25, 0.25], "texture": "#1"},
				"west": {"uv": [0, 0, 12.75, 0.25], "texture": "#1"},
				"up": {"uv": [0, 0, 0.25, 12.75], "texture": "#1"},
				"down": {"uv": [0, 0, 0.25, 12.75], "texture": "#1"}
			}
		},
		{
			"name": "ArrowHead",
			"from": [7.75, 7.75, 1.25],
			"to": [8, 8.5, 2.25],
			"rotation": {"angle": 0, "axis": "y", "origin": [8, 8.25, 9]},
			"faces": {
				"north": {"uv": [0, 0, 0.25, 0.75], "texture": "#2"},
				"east": {"uv": [7, 7, 9, 8.75], "texture": "#2"},
				"south": {"uv": [0, 0, 0.25, 0.75], "texture": "#2"},
				"west": {"uv": [7, 7, 9, 8.75], "texture": "#2"},
				"up": {"uv": [0, 0, 0.25, 1], "texture": "#2"},
				"down": {"uv": [0, 0, 0.25, 1], "texture": "#2"}
			}
		},
		{
			"name": "Feather",
			"from": [7.75, 7.75, 14.25],
			"to": [8, 8.5, 15.25],
			"rotation": {"angle": 45, "axis": "z", "origin": [8, 8.25, 9]},
			"faces": {
				"north": {"uv": [0, 0, 0.25, 0.75], "texture": "#3"},
				"east": {"uv": [0, 0, 1, 0.75], "texture": "#3"},
				"south": {"uv": [0, 0, 0.25, 0.75], "texture": "#3"},
				"west": {"uv": [0, 0, 1, 0.75], "texture": "#3"},
				"up": {"uv": [0, 0, 0.25, 1], "texture": "#3"},
				"down": {"uv": [0, 0, 0.25, 1], "texture": "#3"}
			}
		},
		{
			"name": "Feather2",
			"from": [8, 7.75, 14.25],
			"to": [8.25, 8.5, 15.25],
			"rotation": {"angle": -45, "axis": "z", "origin": [8, 8.25, 9]},
			"faces": {
				"north": {"uv": [0, 0, 0.25, 0.75], "texture": "#3"},
				"east": {"uv": [0, 0, 1, 0.75], "texture": "#3"},
				"south": {"uv": [0, 0, 0.25, 0.75], "texture": "#3"},
				"west": {"uv": [0, 0, 1, 0.75], "texture": "#3"},
				"up": {"uv": [0, 0, 0.25, 1], "texture": "#3"},
				"down": {"uv": [0, 0, 0.25, 1], "texture": "#3"}
			}
		}
	],
	"display": {
		"thirdperson_righthand": {
			"translation": [-2.25, 0, 5.75]
		},
		"thirdperson_lefthand": {
			"translation": [-2, -1.75, 5.75]
		},
		"firstperson_righthand": {
			"rotation": [23, 10, 1],
			"translation": [3, 2.25, 2.25]
		},
		"firstperson_lefthand": {
			"translation": [0, 0, 1.75]
		},
		"ground": {
			"rotation": [-45, 0, 0],
			"translation": [0, 7.75, 0]
		},
		"gui": {
			"rotation": [0, -90, 0],
			"translation": [-0.25, -0.25, 0],
			"scale": [0.54, 0.54, 0.54]
		}
	},
	"groups": [
		{
			"name": "BowCenterFrame",
			"origin": [8, 8, 8],
			"children": [0, 1, 2, 3, 4, 5, 6]
		}, 7, 8,
		{
			"name": "Arrow",
			"origin": [8, 8, 8],
			"children": [9, 10, 11, 12]
		}
	]
}