{
	"credit": "Made with Blockbench",
	"textures": {
		"0": "block/stripped_spruce_log",
		"1": "block/green_glazed_terracotta",
		"2": "block/andesite",
		"particle": "block/stripped_spruce_log"
	},
	"elements": [
		{
			"from": [7.5, 12.5, 0.75],
			"to": [8.5, 19.5, 1],
			"faces": {
				"north": {"uv": [0, 0, 1, 7], "texture": "#0"},
				"east": {"uv": [0, 0, 0.25, 7], "texture": "#0"},
				"south": {"uv": [0, 0, 1, 7], "texture": "#0"},
				"west": {"uv": [0, 0, 0.25, 7], "texture": "#0"},
				"up": {"uv": [0, 0, 1, 0.25], "texture": "#0"},
				"down": {"uv": [0, 0, 1, 0.25], "texture": "#0"}
			}
		},
		{
			"from": [7.5, 15.75, -3],
			"to": [8.5, 20.75, -2.75],
			"rotation": {"angle": 22.5, "axis": "x", "origin": [8, 8, 8]},
			"faces": {
				"north": {"uv": [0, 0, 1, 5], "texture": "#0"},
				"east": {"uv": [0, 0, 0.25, 5], "texture": "#0"},
				"south": {"uv": [0, 0, 1, 5], "texture": "#0"},
				"west": {"uv": [0, 0, 0.25, 5], "texture": "#0"},
				"up": {"uv": [0, 0, 1, 0.25], "texture": "#0"},
				"down": {"uv": [0, 0, 1, 0.25], "texture": "#0"}
			}
		},
		{
			"from": [7.5, -1.5, 0.75],
			"to": [8.5, 5.5, 1],
			"faces": {
				"north": {"uv": [0, 0, 1, 7], "texture": "#0"},
				"east": {"uv": [0, 0, 0.25, 7], "texture": "#0"},
				"south": {"uv": [0, 0, 1, 7], "texture": "#0"},
				"west": {"uv": [0, 0, 0.25, 7], "texture": "#0"},
				"up": {"uv": [0, 0, 1, 0.25], "texture": "#0"},
				"down": {"uv": [0, 0, 1, 0.25], "texture": "#0"}
			}
		},
		{
			"from": [7.5, -3, -2.25],
			"to": [8.5, 2, -2],
			"rotation": {"angle": -22.5, "axis": "x", "origin": [8, 8, 8]},
			"faces": {
				"north": {"uv": [0, 0, 1, 5], "texture": "#0"},
				"east": {"uv": [0, 0, 0.25, 5], "texture": "#0"},
				"south": {"uv": [0, 0, 1, 5], "texture": "#0"},
				"west": {"uv": [0, 0, 0.25, 5], "texture": "#0"},
				"up": {"uv": [0, 0, 1, 0.25], "texture": "#0"},
				"down": {"uv": [0, 0, 1, 0.25], "texture": "#0"}
			}
		},
		{
			"from": [7.5, 5.5, 0.5],
			"to": [8.5, 12.5, 1.5],
			"faces": {
				"north": {"uv": [4, 1, 5, 8], "texture": "#0"},
				"east": {"uv": [0, 0, 1, 7], "texture": "#0"},
				"south": {"uv": [0, 0, 1, 7], "texture": "#0"},
				"west": {"uv": [4, 1, 5, 8], "texture": "#0"},
				"up": {"uv": [0, 0, 1, 1], "texture": "#0"},
				"down": {"uv": [0, 0, 1, 1], "texture": "#0"}
			}
		},
		{
			"from": [7.5, 5.5, 0.75],
			"to": [8.5, 11.5, 1.25],
			"rotation": {"angle": 22.5, "axis": "z", "origin": [8, 8, 7.75]},
			"faces": {
				"north": {"uv": [0, 0, 1, 6], "texture": "#1"},
				"east": {"uv": [0, 0, 0.5, 6], "texture": "#1"},
				"south": {"uv": [0, 0, 1, 6], "texture": "#1"},
				"west": {"uv": [0, 0, 0.5, 6], "texture": "#1"},
				"up": {"uv": [0, 0, 1, 0.5], "texture": "#1"},
				"down": {"uv": [0, 0, 1, 0.5], "texture": "#1"}
			}
		},
		{
			"name": "Top1",
			"from": [7.5, 5.5, 0.75],
			"to": [8.5, 11.5, 1.25],
			"rotation": {"angle": -22.5, "axis": "z", "origin": [8, 8, 7.75]},
			"faces": {
				"north": {"uv": [0, 0, 1, 6], "texture": "#1"},
				"east": {"uv": [0, 0, 0.5, 6], "texture": "#1"},
				"south": {"uv": [0, 0, 1, 6], "texture": "#1"},
				"west": {"uv": [0, 0, 0.5, 6], "texture": "#1"},
				"up": {"uv": [0, 0, 1, 0.5], "texture": "#1"},
				"down": {"uv": [0, 0, 1, 0.5], "texture": "#1"}
			}
		},
		{
			"from": [7.75, 9, 2.5],
			"to": [8, 23.25, 2.75],
			"faces": {
				"north": {"uv": [0, 0, 0.25, 14.25], "texture": "#2"},
				"east": {"uv": [0, 0, 0.25, 14.25], "texture": "#2"},
				"south": {"uv": [0, 0, 0.25, 14.25], "texture": "#2"},
				"west": {"uv": [0, 0, 0.25, 14.25], "texture": "#2"},
				"up": {"uv": [0, 0, 0.25, 0.25], "texture": "#2"},
				"down": {"uv": [0, 0, 0.25, 0.25], "texture": "#2"}
			}
		},
		{
			"from": [7.75, -5.25, 2.5],
			"to": [8, 9, 2.75],
			"faces": {
				"north": {"uv": [0, 0, 0.25, 14.25], "texture": "#2"},
				"east": {"uv": [0, 0, 0.25, 14.25], "texture": "#2"},
				"south": {"uv": [0, 0, 0.25, 14.25], "texture": "#2"},
				"west": {"uv": [0, 0, 0.25, 14.25], "texture": "#2"},
				"up": {"uv": [0, 0, 0.25, 0.25], "texture": "#2"},
				"down": {"uv": [0, 0, 0.25, 0.25], "texture": "#2"}
			}
		}
	],
	"display": {
		"thirdperson_righthand": {
			"translation": [-1.5, 0, 6.75]
		},
		"thirdperson_lefthand": {
			"translation": [-1.5, 0, 6.75]
		},
		"firstperson_righthand": {
			"translation": [0, 0, 7.75]
		},
		"firstperson_lefthand": {
			"translation": [0, 0, 7.25]
		},
		"ground": {
			"rotation": [-45, 0, 0],
			"translation": [0, 4.25, 0],
			"scale": [0.53, 0.53, 0.53]
		},
		"gui": {
			"rotation": [0, -90, 0],
			"translation": [-2.5, -0.75, 0],
			"scale": [0.46, 0.46, 0.46]
		}
	},
	"groups": [
		{
			"name": "BowShaft",
			"origin": [8, 8, 8],
			"children": [
				{
					"name": "Upper",
					"origin": [8, 8, 8],
					"children": [0, 1]
				},
				{
					"name": "Lower",
					"origin": [8, 8, 8],
					"children": [2, 3]
				}, 4, 5, 6]
		},
		{
			"name": "String",
			"origin": [8, 8, 8],
			"children": [7, 8]
		}
	]
}