{
	"credit": "Made with Blockbench",
	"textures": {
		"0": "block/stripped_spruce_log",
		"1": "block/green_glazed_terracotta",
		"2": "block/andesite",
		"3": "block/green_stained_glass",
		"particle": "block/stripped_spruce_log"
	},
	"elements": [
		{
			"from": [7.5, 8.75, -4],
			"to": [8.5, 15.75, -3.75],
			"rotation": {"angle": 45, "axis": "x", "origin": [8, 4.25, 3.25]},
			"faces": {
				"north": {"uv": [0, 0, 1, 7], "texture": "#0"},
				"east": {"uv": [0, 0, 0.25, 7], "texture": "#0"},
				"south": {"uv": [0, 0, 1, 7], "texture": "#0"},
				"west": {"uv": [0, 0, 0.25, 7], "texture": "#0"},
				"up": {"uv": [0, 0, 1, 0.25], "texture": "#0"},
				"down": {"uv": [0, 0, 1, 0.25], "texture": "#0"}
			}
		},
		{
			"from": [7.5, 15, 11],
			"to": [8.5, 15.25, 16],
			"rotation": {"angle": -22.5, "axis": "x", "origin": [8, 4.25, 3.25]},
			"faces": {
				"north": {"uv": [0, 0, 1, 0.25], "rotation": 180, "texture": "#0"},
				"east": {"uv": [0, 0, 0.25, 5], "rotation": 270, "texture": "#0"},
				"south": {"uv": [0, 0, 1, 0.25], "texture": "#0"},
				"west": {"uv": [0, 0, 0.25, 5], "rotation": 90, "texture": "#0"},
				"up": {"uv": [0, 0, 1, 5], "rotation": 180, "texture": "#0"},
				"down": {"uv": [0, 0, 1, 5], "texture": "#0"}
			}
		},
		{
			"from": [7.5, 3, -3],
			"to": [8.5, 10, -2.75],
			"rotation": {"angle": -45, "axis": "x", "origin": [8, 12.5, 4.25]},
			"faces": {
				"north": {"uv": [0, 0, 1, 7], "texture": "#0"},
				"east": {"uv": [0, 0, 0.25, 7], "texture": "#0"},
				"south": {"uv": [0, 0, 1, 7], "texture": "#0"},
				"west": {"uv": [0, 0, 0.25, 7], "texture": "#0"},
				"up": {"uv": [0, 0, 1, 0.25], "texture": "#0"},
				"down": {"uv": [0, 0, 1, 0.25], "texture": "#0"}
			}
		},
		{
			"from": [7.5, 2.25, 10.25],
			"to": [8.5, 2.5, 15.25],
			"rotation": {"angle": 22.5, "axis": "x", "origin": [8, 12.5, 4.25]},
			"faces": {
				"north": {"uv": [0, 0, 1, 0.25], "rotation": 180, "texture": "#0"},
				"east": {"uv": [0, 0, 0.25, 5], "rotation": 90, "texture": "#0"},
				"south": {"uv": [0, 0, 1, 0.25], "texture": "#0"},
				"west": {"uv": [0, 0, 0.25, 5], "rotation": 270, "texture": "#0"},
				"up": {"uv": [0, 0, 1, 5], "texture": "#0"},
				"down": {"uv": [0, 0, 1, 5], "rotation": 180, "texture": "#0"}
			}
		},
		{
			"from": [7.5, 5.5, 0.5],
			"to": [8.5, 12.5, 1.5],
			"faces": {
				"north": {"uv": [4, 1, 5, 8], "texture": "#0"},
				"east": {"uv": [0, 0, 1, 7], "texture": "#0"},
				"south": {"uv": [0, 0, 1, 7], "texture": "#0"},
				"west": {"uv": [4, 1, 5, 8], "texture": "#0"},
				"up": {"uv": [0, 0, 1, 1], "texture": "#0"},
				"down": {"uv": [0, 0, 1, 1], "texture": "#0"}
			}
		},
		{
			"from": [4.5, 7.5, 0.75],
			"to": [10.5, 8.5, 1.25],
			"rotation": {"angle": -22.5, "axis": "z", "origin": [8, 8, 7.75]},
			"faces": {
				"north": {"uv": [0, 0, 1, 6], "rotation": 90, "texture": "#1"},
				"east": {"uv": [0, 0, 1, 0.5], "rotation": 270, "texture": "#1"},
				"south": {"uv": [0, 0, 1, 6], "rotation": 270, "texture": "#1"},
				"west": {"uv": [0, 0, 1, 0.5], "rotation": 270, "texture": "#1"},
				"up": {"uv": [0, 0, 0.5, 6], "rotation": 270, "texture": "#1"},
				"down": {"uv": [0, 0, 0.5, 6], "rotation": 270, "texture": "#1"}
			}
		},
		{
			"name": "Top1",
			"from": [5.5, 7.5, 0.75],
			"to": [11.5, 8.5, 1.25],
			"rotation": {"angle": 22.5, "axis": "z", "origin": [8, 8, 7.75]},
			"faces": {
				"north": {"uv": [0, 0, 1, 6], "rotation": 270, "texture": "#1"},
				"east": {"uv": [0, 0, 1, 0.5], "rotation": 90, "texture": "#1"},
				"south": {"uv": [0, 0, 1, 6], "rotation": 90, "texture": "#1"},
				"west": {"uv": [0, 0, 1, 0.5], "rotation": 90, "texture": "#1"},
				"up": {"uv": [0, 0, 0.5, 6], "rotation": 90, "texture": "#1"},
				"down": {"uv": [0, 0, 0.5, 6], "rotation": 90, "texture": "#1"}
			}
		},
		{
			"from": [7.75, 0.5, 16.75],
			"to": [8, 14, 17],
			"rotation": {"angle": -45, "axis": "x", "origin": [8, 8, 8]},
			"faces": {
				"north": {"uv": [0, 0, 0.25, 14.25], "texture": "#2"},
				"east": {"uv": [0, 0, 0.25, 14.25], "texture": "#2"},
				"south": {"uv": [0, 0, 0.25, 14.25], "texture": "#2"},
				"west": {"uv": [0, 0, 0.25, 14.25], "texture": "#2"},
				"up": {"uv": [0, 0, 0.25, 0.25], "texture": "#2"},
				"down": {"uv": [0, 0, 0.25, 0.25], "texture": "#2"}
			}
		},
		{
			"from": [7.75, 3.25, 15.5],
			"to": [8, 16.75, 15.75],
			"rotation": {"angle": 45, "axis": "x", "origin": [8, 8, 8]},
			"faces": {
				"north": {"uv": [0, 0, 0.25, 13.5], "texture": "#2"},
				"east": {"uv": [0, 0, 0.25, 13.5], "texture": "#2"},
				"south": {"uv": [0, 0, 0.25, 13.5], "texture": "#2"},
				"west": {"uv": [0, 0, 0.25, 13.5], "texture": "#2"},
				"up": {"uv": [0, 0, 0.25, 0.25], "texture": "#2"},
				"down": {"uv": [0, 0, 0.25, 0.25], "texture": "#2"}
			}
		},
		{
			"from": [8, 8.5, 0],
			"to": [8.25, 8.75, 19.5],
			"faces": {
				"north": {"uv": [0, 0, 0.25, 0.25], "texture": "#3"},
				"east": {"uv": [0, 0, 16, 0.25], "texture": "#3"},
				"south": {"uv": [0, 0, 0.25, 0.25], "texture": "#3"},
				"west": {"uv": [0, 0, 16, 0.25], "texture": "#3"},
				"up": {"uv": [0, 0, 0.25, 16], "texture": "#3"},
				"down": {"uv": [0, 0, 0.25, 16], "texture": "#3"}
			}
		}
	],
	"display": {
		"thirdperson_righthand": {
			"translation": [-1.5, 0, 6.25]
		},
		"thirdperson_lefthand": {
			"translation": [-1.5, 0, 6.75]
		},
		"firstperson_righthand": {
			"rotation": [13, 10, 0],
			"translation": [0.5, 0, 7.75]
		},
		"firstperson_lefthand": {
			"rotation": [20, 0, 0],
			"translation": [0, 0, 7.25]
		},
		"ground": {
			"rotation": [-45, 0, 0],
			"translation": [0, 4.25, 0],
			"scale": [0.53, 0.53, 0.53]
		},
		"gui": {
			"rotation": [0, -90, 0],
			"translation": [-1, -0.75, 0],
			"scale": [0.46, 0.46, 0.46]
		}
	},
	"groups": [
		{
			"name": "BowShaft",
			"origin": [8, 8, 8],
			"children": [
				{
					"name": "Upper",
					"origin": [8, 8, 8],
					"children": [0, 1]
				},
				{
					"name": "Lower",
					"origin": [8, 8, 8],
					"children": [2, 3]
				}, 4, 5, 6]
		},
		{
			"name": "String",
			"origin": [8, 8, 8],
			"children": [7, 8]
		},
		{
			"name": "Arrow",
			"origin": [8, 8, 8],
			"children": [9]
		}
	]
}