{
	"credit": "Made with Blockbench",
	"textures": {
		"0": "block/dark_oak_planks",
		"1": "block/light_blue_stained_glass",
		"2": "block/yellow_terracotta",
		"3": "block/light_blue_terracotta"
	},
	"elements": [
		{
			"name": "Handle",
			"from": [7.7, 0, 7.7],
			"to": [8.3, 9, 8.3],
			"faces": {
				"north": {"uv": [10, 1, 14.6, 16], "texture": "#0"},
				"east": {"uv": [3, 1, 7.6, 15], "texture": "#0"},
				"south": {"uv": [4, 0, 9.6, 14], "texture": "#0"},
				"west": {"uv": [0, 0, 3.6, 15], "texture": "#0"},
				"up": {"uv": [0, 0, 2.6, 2.6], "texture": "#0"},
				"down": {"uv": [7, 2, 10.6, 5.6], "texture": "#0"}
			}
		},
		{
			"name": "Pommel1",
			"from": [7.6, -0.5, 7.6],
			"to": [8.4, 0.3, 8.4],
			"faces": {
				"north": {"uv": [0, 0, 6.8, 5.8], "texture": "#1"},
				"east": {"uv": [0, 0, 6.8, 5.8], "texture": "#1"},
				"south": {"uv": [2, 4, 9.8, 10.8], "texture": "#1"},
				"west": {"uv": [10, 9, 15.8, 14.8], "texture": "#1"},
				"up": {"uv": [6, 1, 12.8, 9.8], "texture": "#1"},
				"down": {"uv": [2, 3, 8.8, 9.8], "texture": "#1"}
			}
		},
		{
			"name": "Pomel2",
			"from": [7.7, -0.5, 5],
			"to": [8.3, 0.3, 5.6],
			"rotation": {"angle": -22.5, "axis": "x", "origin": [8, 8, 8]},
			"faces": {
				"north": {"uv": [0, 0, 7.6, 6.8], "texture": "#2"},
				"east": {"uv": [0, 0, 7.6, 6.8], "texture": "#2"},
				"south": {"uv": [8, 5, 14.6, 11.8], "texture": "#2"},
				"west": {"uv": [4, 8, 11.6, 15.8], "texture": "#2"},
				"up": {"uv": [6, 2, 13.6, 10.6], "texture": "#2"},
				"down": {"uv": [6, 3, 13.6, 12.6], "texture": "#2"}
			}
		},
		{
			"name": "Pommel3",
			"from": [7.7, -0.5, 10.4],
			"to": [8.3, 0.3, 11],
			"rotation": {"angle": 22.5, "axis": "x", "origin": [8, 8, 8]},
			"faces": {
				"north": {"uv": [0, 0, 8.6, 8.8], "texture": "#2"},
				"east": {"uv": [3, 3, 11.6, 11.8], "texture": "#2"},
				"south": {"uv": [2, 6, 10.6, 13.8], "texture": "#2"},
				"west": {"uv": [4, 2, 12.6, 9.8], "texture": "#2"},
				"up": {"uv": [5, 2, 12.6, 10.6], "texture": "#2"},
				"down": {"uv": [6, 2, 15.6, 12.6], "texture": "#2"}
			}
		},
		{
			"name": "Guard1",
			"from": [7.5, 9, 6.5],
			"to": [8.5, 10.2, 9.5],
			"faces": {
				"north": {"uv": [0, 0, 5, 5.2], "texture": "#2"},
				"east": {"uv": [0, 0, 13, 6.2], "texture": "#2"},
				"south": {"uv": [0, 0, 10, 7.2], "texture": "#2"},
				"west": {"uv": [0, 0, 12, 7.2], "texture": "#2"},
				"up": {"uv": [0, 0, 5, 9], "texture": "#2"},
				"down": {"uv": [0, 0, 5, 10], "texture": "#2"}
			}
		},
		{
			"name": "Guard2",
			"from": [7.6, 8.5, 3.2],
			"to": [8.4, 9.3, 6.2],
			"rotation": {"angle": 22.5, "axis": "x", "origin": [8, 8, 8]},
			"faces": {
				"north": {"uv": [0, 0, 4.8, 3.8], "texture": "#2"},
				"east": {"uv": [0, 0, 11, 4.8], "texture": "#2"},
				"south": {"uv": [0, 0, 3.8, 3.8], "texture": "#2"},
				"west": {"uv": [3, 5, 12, 9.8], "texture": "#2"},
				"up": {"uv": [0, 0, 4.8, 8], "texture": "#2"},
				"down": {"uv": [0, 0, 6.8, 10], "texture": "#2"}
			}
		},
		{
			"name": "Guard3",
			"from": [7.6, 8.5, 9.7],
			"to": [8.4, 9.3, 12.7],
			"rotation": {"angle": -22.5, "axis": "x", "origin": [8, 8, 8]},
			"faces": {
				"north": {"uv": [0, 0, 4.8, 4.8], "texture": "#2"},
				"east": {"uv": [4, 5, 14, 10.8], "texture": "#2"},
				"south": {"uv": [0, 0, 3.8, 4.8], "texture": "#2"},
				"west": {"uv": [4, 6, 13, 12.8], "texture": "#2"},
				"up": {"uv": [0, 0, 4.8, 10], "texture": "#2"},
				"down": {"uv": [0, 0, 4.8, 11], "texture": "#2"}
			}
		},
		{
			"name": "Blade1",
			"from": [7.9, 9.3, 6.5],
			"to": [8.1, 15.9, 9.5],
			"faces": {
				"north": {"uv": [0, 0, 6.2, 12.8], "texture": "#3"},
				"east": {"uv": [6, 1, 13, 14.8], "texture": "#3"},
				"south": {"uv": [0, 0, 7.2, 12.8], "texture": "#3"},
				"west": {"uv": [6, 0, 15, 15.8], "texture": "#3"},
				"up": {"uv": [0, 0, 2.2, 6], "texture": "#3"},
				"down": {"uv": [0, 0, 3.2, 7], "texture": "#3"}
			}
		},
		{
			"name": "Blade2",
			"from": [7.9, 15.1, 7],
			"to": [8.1, 21.1, 9],
			"faces": {
				"north": {"uv": [0, 0, 4.2, 9.2], "texture": "#3"},
				"east": {"uv": [0, 0, 2, 6], "texture": "#3"},
				"south": {"uv": [0, 0, 4.2, 9.2], "texture": "#3"},
				"west": {"uv": [6, 3, 14, 15.2], "texture": "#3"},
				"up": {"uv": [7, 2, 13.2, 11], "texture": "#3"},
				"down": {"uv": [4, 2, 8.2, 10], "texture": "#3"}
			}
		},
		{
			"name": "Blade3",
			"from": [7.9, 21, 6.5],
			"to": [8.1, 26, 9.5],
			"faces": {
				"north": {"uv": [0, 0, 2.2, 9.2], "texture": "#3"},
				"east": {"uv": [7, 2, 14, 14.2], "texture": "#3"},
				"south": {"uv": [0, 0, 4.2, 11.2], "texture": "#3"},
				"west": {"uv": [2, 0, 9, 14.2], "texture": "#3"},
				"up": {"uv": [4, 1, 8.2, 10], "texture": "#3"},
				"down": {"uv": [6, 0, 11.2, 9], "texture": "#3"}
			}
		},
		{
			"name": "Blade4",
			"from": [7.9, 26, 6.8],
			"to": [8.1, 28.6, 9.2],
			"faces": {
				"north": {"uv": [0, 0, 1.2, 9], "texture": "#3"},
				"east": {"uv": [4, 0, 10.4, 11], "texture": "#3"},
				"south": {"uv": [0, 0, 1.2, 5], "texture": "#3"},
				"west": {"uv": [5, 0, 12.4, 13], "texture": "#3"},
				"up": {"uv": [0, 0, 2.2, 11.4], "texture": "#3"},
				"down": {"uv": [0, 0, 3.2, 10.4], "texture": "#3"}
			}
		},
		{
			"name": "Blade5",
			"from": [7.9, 28.5, 7.1],
			"to": [8.1, 30.3, 8.9],
			"faces": {
				"north": {"uv": [0, 0, 1.2, 8], "texture": "#3"},
				"east": {"uv": [4, 1, 8.8, 8], "texture": "#3"},
				"south": {"uv": [0, 0, 1.2, 6], "texture": "#3"},
				"west": {"uv": [7, 6, 11.8, 14], "texture": "#3"},
				"up": {"uv": [0, 0, 3.2, 8.8], "texture": "#3"},
				"down": {"uv": [0, 0, 3.2, 8.8], "texture": "#3"}
			}
		},
		{
			"name": "Blade6",
			"from": [7.9, 30, 7.5],
			"to": [8.1, 31.8, 8.5],
			"faces": {
				"north": {"uv": [0, 0, 2.2, 5], "texture": "#3"},
				"east": {"uv": [0, 0, 5, 7], "texture": "#3"},
				"south": {"uv": [0, 0, 1.2, 8], "texture": "#3"},
				"west": {"uv": [5, 2, 9, 9], "texture": "#3"},
				"up": {"uv": [0, 0, 2.2, 8], "texture": "#3"},
				"down": {"uv": [0, 0, 2.2, 9], "texture": "#3"}
			}
		},
		{
			"name": "Guard Gem",
			"from": [7.7, 9, 7.6],
			"to": [8.3, 31, 8.4],
			"faces": {
				"north": {"uv": [0, 0, 5, 5.2], "texture": "#1"},
				"east": {"uv": [0, 0, 13, 6.2], "texture": "#1"},
				"south": {"uv": [0, 0, 10, 7.2], "texture": "#1"},
				"west": {"uv": [0, 0, 12, 7.2], "texture": "#1"},
				"up": {"uv": [0, 0, 5, 9], "texture": "#1"},
				"down": {"uv": [0, 0, 5, 10], "texture": "#1"}
			}
		},
		{
			"name": "LowerGuard Edition",
			"from": [7.5, 8, 7],
			"to": [8.5, 9.2, 9],
			"faces": {
				"north": {"uv": [0, 0, 5, 5.2], "texture": "#2"},
				"east": {"uv": [0, 0, 13, 6.2], "texture": "#2"},
				"south": {"uv": [0, 0, 10, 7.2], "texture": "#2"},
				"west": {"uv": [0, 0, 12, 7.2], "texture": "#2"},
				"up": {"uv": [0, 0, 5, 9], "texture": "#2"},
				"down": {"uv": [0, 0, 5, 10], "texture": "#2"}
			}
		},
		{
			"name": "Cross2",
			"from": [7.6, 8.5, 3.2],
			"to": [8.4, 9.3, 6.2],
			"rotation": {"angle": 45, "axis": "x", "origin": [8, 8, 8]},
			"faces": {
				"north": {"uv": [0, 0, 4.8, 3.8], "texture": "#2"},
				"east": {"uv": [0, 0, 11, 4.8], "texture": "#2"},
				"south": {"uv": [0, 0, 3.8, 3.8], "texture": "#2"},
				"west": {"uv": [3, 5, 12, 9.8], "texture": "#2"},
				"up": {"uv": [0, 0, 4.8, 8], "texture": "#2"},
				"down": {"uv": [0, 0, 6.8, 10], "texture": "#2"}
			}
		},
		{
			"name": "Cross3",
			"from": [7.6, 8.5, 9.7],
			"to": [8.4, 9.3, 12.7],
			"rotation": {"angle": -45, "axis": "x", "origin": [8, 8, 8]},
			"faces": {
				"north": {"uv": [0, 0, 4.8, 4.8], "texture": "#2"},
				"east": {"uv": [4, 5, 14, 10.8], "texture": "#2"},
				"south": {"uv": [0, 0, 3.8, 4.8], "texture": "#2"},
				"west": {"uv": [4, 6, 13, 12.8], "texture": "#2"},
				"up": {"uv": [0, 0, 4.8, 10], "texture": "#2"},
				"down": {"uv": [0, 0, 4.8, 11], "texture": "#2"}
			}
		}
	],
	"display": {
		"thirdperson_righthand": {
			"translation": [0, 0, 1.25]
		},
		"thirdperson_lefthand": {
			"translation": [0, 0, 1.5]
		},
		"ground": {
			"rotation": [-45, 0, 0],
			"translation": [0, 6.5, 0]
		},
		"gui": {
			"rotation": [0, -90, 0],
			"translation": [0.25, -3.25, 0],
			"scale": [0.43, 0.43, 0.43]
		},
		"head": {
			"rotation": [-180, -90, 0],
			"translation": [0, -15.75, 0],
			"scale": [2, 2, 2]
		}
	}
}