{
	"credit": "Made with Blockbench",
	"textures": {
		"0": "block/spruce_log",
		"1": "block/black_terracotta",
		"2": "block/anvil_top"
	},
	"elements": [
		{
			"name": "Handle",
			"from": [7.5, 5, 8],
			"to": [8.5, 24, 9],
			"rotation": {"angle": 0, "axis": "y", "origin": [8, 13, 8]},
			"faces": {
				"north": {"uv": [7, 0, 9, 16], "texture": "#0"},
				"east": {"uv": [1, 0, 3, 16], "texture": "#0"},
				"south": {"uv": [9, 0, 7, 16], "texture": "#0"},
				"west": {"uv": [0, 0, 2, 16], "texture": "#0"},
				"up": {"uv": [8, 0, 12, 16], "texture": "#0"},
				"down": {"uv": [8, 0, 12, 16], "texture": "#0"}
			}
		},
		{
			"name": "HAndle Back",
			"from": [7.4, -4.2, 7.8],
			"to": [8.7, 5.1, 9.2],
			"faces": {
				"north": {"uv": [5, 8, 6.3, 9.4], "texture": "#1"},
				"east": {"uv": [5, 6, 7.3, 12.4], "texture": "#1"},
				"south": {"uv": [7, 8, 4.3, 11.4], "texture": "#1"},
				"west": {"uv": [5, 6, 8.3, 15.4], "texture": "#1"},
				"up": {"uv": [5, 6, 7.3, 15.3], "texture": "#1"},
				"down": {"uv": [7, 6, 9.3, 15.3], "texture": "#1"}
			}
		},
		{
			"name": "Blade1",
			"from": [7.9, 23, 5],
			"to": [8, 26, 10],
			"rotation": {"angle": 0, "axis": "y", "origin": [8, 13, 8]},
			"faces": {
				"north": {"uv": [7, 3, 7.1, 8], "texture": "#2"},
				"east": {"uv": [6, 2, 12, 14], "texture": "#2"},
				"south": {"uv": [6, 3, 6.1, 8], "texture": "#2"},
				"west": {"uv": [6, 2, 12, 14], "texture": "#2"},
				"up": {"uv": [7, 4, 7.1, 7], "texture": "#2"},
				"down": {"uv": [6, 2, 6.1, 5], "texture": "#2"}
			}
		},
		{
			"name": "Blade2",
			"from": [7.9, 23.4, 5.8],
			"to": [8, 25.4, 9.8],
			"rotation": {"angle": -22.5, "axis": "x", "origin": [8, 13, 8]},
			"faces": {
				"north": {"uv": [5, 3, 5.1, 6], "texture": "#2"},
				"east": {"uv": [5, 3, 10, 12], "texture": "#2"},
				"south": {"uv": [8, 7, 8.1, 10], "texture": "#2"},
				"west": {"uv": [6, 4, 12, 13], "texture": "#2"},
				"up": {"uv": [9, 7, 9.1, 9], "texture": "#2"},
				"down": {"uv": [9, 6, 9.1, 8], "texture": "#2"}
			}
		},
		{
			"name": "Blade3",
			"from": [7.9, 23.4, 6.6],
			"to": [8, 25, 10.6],
			"rotation": {"angle": -45, "axis": "x", "origin": [8, 13, 8]},
			"faces": {
				"north": {"uv": [4, 2, 4.1, 5], "texture": "#2"},
				"east": {"uv": [7, 5, 11, 13], "texture": "#2"},
				"south": {"uv": [7, 5, 7.1, 8], "texture": "#2"},
				"west": {"uv": [5, 1, 10, 12], "texture": "#2"},
				"up": {"uv": [9, 7, 8.1, 4], "texture": "#2"},
				"down": {"uv": [7, 6, 6.1, 6], "texture": "#2"}
			}
		},
		{
			"name": "Blade4",
			"from": [7.9, 14.4, -3.5],
			"to": [8, 16.4, -2.5],
			"rotation": {"angle": 22.5, "axis": "x", "origin": [8, 12, 7]},
			"faces": {
				"north": {"uv": [5, 4, 5.1, 4.5], "texture": "#2"},
				"east": {"uv": [7, 4, 9, 4.5], "texture": "#2"},
				"south": {"uv": [8, 6, 8.1, 6.5], "texture": "#2"},
				"west": {"uv": [7, 5, 10, 6.5], "texture": "#2"},
				"up": {"uv": [5, 4, 5.1, 6], "texture": "#2"},
				"down": {"uv": [7, 3, 7.1, 5], "texture": "#2"}
			}
		},
		{
			"name": "Back1",
			"from": [7.9, 23.4, 15.25],
			"to": [8, 24.4, 17.25],
			"rotation": {"angle": -22.5, "axis": "x", "origin": [8, 8, 8]},
			"faces": {
				"north": {"uv": [8, 4, 8.1, 7], "texture": "#2"},
				"east": {"uv": [7, 7, 10, 12], "texture": "#2"},
				"south": {"uv": [8, 2, 8.1, 5], "texture": "#2"},
				"west": {"uv": [5, 2, 9, 9], "texture": "#2"},
				"up": {"uv": [7, 6, 7.1, 7], "texture": "#2"},
				"down": {"uv": [6, 4, 6.1, 5], "texture": "#2"}
			}
		}
	],
	"display": {
		"thirdperson_righthand": {
			"translation": [0, 0, 1]
		},
		"thirdperson_lefthand": {
			"translation": [0, 0, 1]
		},
		"firstperson_righthand": {
			"translation": [0, -4.5, 0],
			"scale": [1, 2, 1]
		},
		"firstperson_lefthand": {
			"translation": [-1.89, 0, 0],
			"scale": [1, 2, 1]
		},
		"ground": {
			"rotation": [-45, 0, 0],
			"translation": [0, 9.75, 0]
		},
		"gui": {
			"rotation": [0, -90, 0],
			"translation": [0, -1.5, 0],
			"scale": [0.5, 0.5, 0.5]
		}
	}
}