{
	"credit": "Made with Blockbench",
	"textures": {
		"2": "block/green_stained_glass"
	},
	"elements": [
		{
			"from": [10, 0, 7.75],
			"to": [13.25, 9.25, 11],
			"rotation": {"angle": -22.5, "axis": "z", "origin": [8, 8, 8]},
			"faces": {
				"north": {"uv": [2, 1, 5.25, 10.25], "texture": "#2"},
				"east": {"uv": [0, 0, 3.25, 9.25], "texture": "#2"},
				"south": {"uv": [0, 0, 3.25, 9.25], "texture": "#2"},
				"west": {"uv": [0, 0, 3.25, 9.25], "texture": "#2"},
				"up": {"uv": [0, 0, 1.25, 1.25], "texture": "#2"},
				"down": {"uv": [0, 0, 3.25, 3.25], "texture": "#2"}
			}
		},
		{
			"from": [5.75, -0.75, 7.75],
			"to": [9.25, 10.5, 11.25],
			"faces": {
				"north": {"uv": [2, 1, 5.25, 10.25], "texture": "#2"},
				"east": {"uv": [0, 0, 3.5, 11.25], "texture": "#2"},
				"south": {"uv": [0, 0, 3.5, 11.25], "texture": "#2"},
				"west": {"uv": [0, 0, 3.5, 11.25], "texture": "#2"},
				"up": {"uv": [0, 0, 1.25, 1.25], "texture": "#2"},
				"down": {"uv": [0, 0, 3.5, 3.5], "texture": "#2"}
			}
		},
		{
			"from": [6, 0, 3.75],
			"to": [8.25, 7.25, 6],
			"rotation": {"angle": -22.5, "axis": "x", "origin": [8, 8, 8]},
			"faces": {
				"north": {"uv": [2, 1, 5.25, 10.25], "texture": "#2"},
				"east": {"uv": [0, 0, 2.25, 7.25], "texture": "#2"},
				"south": {"uv": [0, 0, 2.25, 7.25], "texture": "#2"},
				"west": {"uv": [0, 0, 2.25, 7.25], "texture": "#2"},
				"up": {"uv": [0, 0, 1.25, 1.25], "texture": "#2"},
				"down": {"uv": [0, 0, 2.25, 2.25], "texture": "#2"}
			}
		}
	],
	"display": {
		"thirdperson_righthand": {
			"translation": [0, 2.75, 1.5],
			"scale": [0.34, 0.34, 0.34]
		},
		"thirdperson_lefthand": {
			"translation": [0, 2, 1.25],
			"scale": [0.18, 0.18, 0.18]
		},
		"firstperson_righthand": {
			"translation": [0, 1.75, 0]
		},
		"ground": {
			"translation": [0, 7.25, 0]
		},
		"gui": {
			"rotation": [0, -139, 0],
			"translation": [1, 3.25, 0],
			"scale": [1.13, 1.13, 1.13]
		}
	},
	"groups": [
		{
			"name": "Crystal",
			"origin": [8, 8, 8],
			"children": [0, 1, 2]
		}
	]
}