{
	"credit": "Made with Blockbench",
	"textures": {
		"0": "block/dark_oak_door_top",
		"1": "block/anvil_top",
		"2": "block/cocoa_stage2"
	},
	"elements": [
		{
			"name": "Handle",
			"from": [7.5, 0, 8],
			"to": [8.3, 15, 8.8],
			"faces": {
				"north": {"uv": [6, 0, 4.8, 15], "texture": "#0"},
				"east": {"uv": [4.2, 0, 3, 15], "texture": "#0"},
				"south": {"uv": [6, 0, 4.8, 15], "texture": "#0"},
				"west": {"uv": [6, 0, 4.8, 15], "texture": "#0"},
				"up": {"uv": [0, 0, 1.8, 2.8], "texture": "#0"},
				"down": {"uv": [0, 0, 1.8, 1.8], "texture": "#0"}
			}
		},
		{
			"name": "Pommel1",
			"from": [7.6, -0.5, 8.1],
			"to": [8.2, 0.1, 8.7],
			"faces": {
				"north": {"uv": [7, 3, 9.6, 5.6], "texture": "#1"},
				"east": {"uv": [3, 3, 6.6, 6.6], "texture": "#1"},
				"south": {"uv": [6, 4, 9.6, 7.6], "texture": "#1"},
				"west": {"uv": [6, 1, 9.6, 4.6], "texture": "#1"},
				"up": {"uv": [6, 3, 9.6, 6.6], "texture": "#1"},
				"down": {"uv": [7, 7, 10.6, 10.6], "texture": "#1"}
			}
		},
		{
			"name": "Spike1",
			"from": [7.4, -1.5, 7.9],
			"to": [8.4, -0.5, 8.9],
			"faces": {
				"north": {"uv": [2, 1, 6, 6], "texture": "#2"},
				"east": {"uv": [1, 1, 5, 4], "texture": "#2"},
				"south": {"uv": [8, 7, 12, 11], "texture": "#2"},
				"west": {"uv": [11, 4, 7, 8], "texture": "#2"},
				"up": {"uv": [3, 0, 6, 3], "texture": "#2"},
				"down": {"uv": [2, 2, 5, 5], "texture": "#2"}
			}
		},
		{
			"name": "Mid",
			"from": [7, 14, 6.9],
			"to": [9, 17, 9.9],
			"faces": {
				"north": {"uv": [8, 3, 12, 8], "texture": "#1"},
				"east": {"uv": [3, 3, 7, 8], "texture": "#1"},
				"south": {"uv": [7, 3, 11, 9], "texture": "#1"},
				"west": {"uv": [5, 3, 10, 13], "texture": "#1"},
				"up": {"uv": [6, 3, 11, 10], "texture": "#1"},
				"down": {"uv": [4, 1, 9, 9], "texture": "#1"}
			}
		},
		{
			"name": "HammerHead1",
			"from": [6, 13.5, 4.9],
			"to": [10, 17.5, 6.9],
			"faces": {
				"north": {"uv": [5, 4, 9, 8], "texture": "#1"},
				"east": {"uv": [4, 0, 6, 13], "texture": "#1"},
				"south": {"uv": [7, 1, 9, 13], "texture": "#1"},
				"west": {"uv": [5, 0, 7, 14], "texture": "#1"},
				"up": {"uv": [4, 5, 12, 7], "texture": "#1"},
				"down": {"uv": [4, 3, 12, 8], "texture": "#1"}
			}
		},
		{
			"name": "HammerHead2",
			"from": [5.5, 13, 1.9],
			"to": [10.5, 18, 4.9],
			"faces": {
				"north": {"uv": [8, 5, 14, 11], "texture": "#2"},
				"east": {"uv": [0, 1, 5, 6], "texture": "#2"},
				"south": {"uv": [1, 1, 6, 6], "texture": "#2"},
				"west": {"uv": [8, 5, 12, 10], "texture": "#2"},
				"up": {"uv": [1, 1, 6, 6], "texture": "#2"},
				"down": {"uv": [8, 5, 13, 11], "texture": "#2"}
			}
		},
		{
			"name": "top",
			"from": [7.5, 17, 7.9],
			"to": [8.5, 19, 8.9],
			"faces": {
				"north": {"uv": [11, 4, 12, 8], "texture": "#2"},
				"east": {"uv": [14, 2, 15, 7], "texture": "#2"},
				"south": {"uv": [7, 4, 8, 9], "texture": "#2"},
				"west": {"uv": [0, 0, 1, 5], "texture": "#2"},
				"up": {"uv": [6, 4, 9, 7], "texture": "#2"},
				"down": {"uv": [0, 0, 5, 5], "texture": "#2"}
			}
		},
		{
			"name": "Back",
			"from": [7.5, 15, 9.9],
			"to": [8.5, 17, 12.9],
			"faces": {
				"north": {"uv": [3, 1, 6, 6], "texture": "#2"},
				"east": {"uv": [0, 0, 5, 4], "texture": "#2"},
				"south": {"uv": [7, 4, 11, 10], "texture": "#2"},
				"west": {"uv": [0, 0, 6, 4], "texture": "#2"},
				"up": {"uv": [0, 0, 4, 6], "texture": "#2"},
				"down": {"uv": [0, 0, 4, 5], "texture": "#2"}
			}
		},
		{
			"name": "Back2",
			"from": [7.6, 16, 13],
			"to": [8.4, 16.8, 15],
			"faces": {
				"north": {"uv": [2, 2, 4.8, 4.8], "texture": "#2"},
				"east": {"uv": [0, 3, 6, 5.8], "texture": "#2"},
				"south": {"uv": [2, 2, 4.8, 5.8], "texture": "#2"},
				"west": {"uv": [14, 11, 8, 6.8], "texture": "#2"},
				"up": {"uv": [1, 3, 4.8, 7], "texture": "#2"},
				"down": {"uv": [10, 7, 13.8, 12], "texture": "#2"}
			}
		}
	],
	"display": {
		"thirdperson_righthand": {
			"translation": [0, 0, 0.5],
			"scale": [1.1, 1.1, 1.1]
		},
		"thirdperson_lefthand": {
			"translation": [0, 0, 0.75],
			"scale": [1.1, 1.1, 1.1]
		},
		"firstperson_righthand": {
			"translation": [2.25, 0, 0],
			"scale": [1.1, 1.1, 1.1]
		},
		"firstperson_lefthand": {
			"translation": [1.86, 0, 0],
			"scale": [1.3, 1.3, 1.3]
		},
		"ground": {
			"rotation": [-45, 0, 0],
			"translation": [0, 5, 0],
			"scale": [1.1, 1.1, 1.1]
		},
		"gui": {
			"rotation": [0, 90, 0],
			"translation": [0, -0.5, 0],
			"scale": [0.7, 0.7, 0.7]
		},
		"fixed": {
			"scale": [1.1, 1.1, 1.1]
		}
	}
}