{
	"credit": "Made with Blockbench",
	"textures": {
		"0": "block/spruce_log",
		"1": "block/emerald_ore",
		"2": "block/anvil_top"
	},
	"elements": [
		{
			"name": "Handle1",
			"from": [7.5, 0, 8],
			"to": [8.5, 17, 9],
			"faces": {
				"north": {"uv": [0, 0, 1, 16], "texture": "#0"},
				"east": {"uv": [0, 0, 1, 16], "texture": "#0"},
				"south": {"uv": [0, 0, 1, 16], "texture": "#0"},
				"west": {"uv": [0, 0, 1, 16], "texture": "#0"},
				"up": {"uv": [0, 0, 2, 16], "texture": "#0"},
				"down": {"uv": [0, 0, 2, 16], "texture": "#0"}
			}
		},
		{
			"name": "Pommel",
			"from": [7.1, -1.8, 7.6],
			"to": [8.9, 0, 9.4],
			"faces": {
				"north": {"uv": [6, 5, 7.8, 6.8], "texture": "#1"},
				"east": {"uv": [10, 9, 11.8, 10.8], "texture": "#1"},
				"south": {"uv": [5, 4, 6.8, 5.8], "texture": "#1"},
				"west": {"uv": [6, 1, 7.8, 2.8], "texture": "#1"},
				"up": {"uv": [6, 8, 7.8, 9.8], "texture": "#1"},
				"down": {"uv": [5, 4, 6.8, 5.8], "texture": "#1"}
			}
		},
		{
			"name": "MidHammer",
			"from": [6.5, 17, 6.6],
			"to": [9.5, 20, 10.6],
			"faces": {
				"north": {"uv": [5, 1, 12, 11], "texture": "#2"},
				"east": {"uv": [3, 4, 9, 14], "texture": "#2"},
				"south": {"uv": [5, 5, 13, 15], "texture": "#2"},
				"west": {"uv": [4, 2, 12, 12], "texture": "#2"},
				"up": {"uv": [5, 1, 13, 12], "texture": "#2"},
				"down": {"uv": [4, 3, 11, 13], "texture": "#2"}
			}
		},
		{
			"name": "Connecter1",
			"from": [7, 17.5, 10.5],
			"to": [9, 19.5, 11.5],
			"faces": {
				"north": {"uv": [6, 3, 8, 4], "texture": "#2"},
				"east": {"uv": [7, 4, 9, 5], "texture": "#2"},
				"south": {"uv": [6, 7, 8, 8], "texture": "#2"},
				"west": {"uv": [8, 4, 10, 5], "texture": "#2"},
				"up": {"uv": [7, 5, 9, 7], "texture": "#2"},
				"down": {"uv": [8, 5, 10, 7], "texture": "#2"}
			}
		},
		{
			"name": "Head1",
			"from": [5.5, 16, 11.5],
			"to": [10.5, 21, 15.5],
			"faces": {
				"north": {"uv": [2, 3, 12, 14], "texture": "#1"},
				"east": {"uv": [6, 0, 16, 11], "texture": "#1"},
				"south": {"uv": [1, 5, 11, 16], "texture": "#1"},
				"west": {"uv": [4, 1, 13, 12], "texture": "#1"},
				"up": {"uv": [0, 0, 12, 9], "texture": "#1"},
				"down": {"uv": [0, 0, 5, 5], "texture": "#1"}
			}
		},
		{
			"name": "Connecter2",
			"from": [7, 17.5, 5.6],
			"to": [9, 19.5, 6.6],
			"faces": {
				"north": {"uv": [6, 3, 8, 4], "texture": "#2"},
				"east": {"uv": [7, 4, 9, 5], "texture": "#2"},
				"south": {"uv": [6, 7, 8, 8], "texture": "#2"},
				"west": {"uv": [8, 4, 10, 5], "texture": "#2"},
				"up": {"uv": [7, 5, 9, 7], "texture": "#2"},
				"down": {"uv": [8, 5, 10, 7], "texture": "#2"}
			}
		},
		{
			"name": "Head2",
			"from": [5.5, 16, 1.6],
			"to": [10.5, 21, 5.6],
			"faces": {
				"north": {"uv": [2, 3, 12, 14], "texture": "#1"},
				"east": {"uv": [6, 0, 16, 11], "texture": "#1"},
				"south": {"uv": [1, 5, 11, 16], "texture": "#1"},
				"west": {"uv": [4, 1, 13, 12], "texture": "#1"},
				"up": {"uv": [0, 0, 12, 9], "texture": "#1"},
				"down": {"uv": [0, 0, 5, 5], "texture": "#1"}
			}
		}
	],
	"display": {
		"thirdperson_righthand": {
			"translation": [0, 0, 0.75],
			"scale": [1.1, 1.1, 1.1]
		},
		"thirdperson_lefthand": {
			"translation": [0, 0, 1.25],
			"scale": [1.1, 1.1, 1.1]
		},
		"firstperson_righthand": {
			"translation": [0, -4.5, 0],
			"scale": [1.1, 1.1, 1.1]
		},
		"firstperson_lefthand": {
			"translation": [-1.89, -4, 0],
			"scale": [1.3, 1.3, 1.3]
		},
		"ground": {
			"rotation": [-45, 0, 0],
			"translation": [0, 7.25, 0],
			"scale": [1.1, 1.1, 1.1]
		},
		"gui": {
			"rotation": [0, 90, 0],
			"translation": [-0.25, -1.5, 0],
			"scale": [0.6, 0.6, 0.6]
		},
		"fixed": {
			"scale": [1.1, 1.1, 1.1]
		}
	}
}