{
	"credit": "Made with Blockbench",
	"textures": {
		"0": "block/bedrock",
		"1": "block/white_terracotta",
		"2": "block/clay"
	},
	"elements": [
		{
			"name": "Handle",
			"from": [7.7, 4.5, 8],
			"to": [8.3, 8.5, 9],
			"faces": {
				"north": {"uv": [0, 0, 2.6, 9], "texture": "#0"},
				"east": {"uv": [3, 1, 5, 10], "texture": "#0"},
				"south": {"uv": [0, 0, 2.6, 8], "texture": "#0"},
				"west": {"uv": [3, 2, 7, 13], "texture": "#0"},
				"up": {"uv": [2, 2, 3.6, 5], "texture": "#0"},
				"down": {"uv": [3, 2, 3.6, 4], "texture": "#0"}
			}
		},
		{
			"name": "Guard1",
			"from": [7.7, 8.5, 7],
			"to": [8.3, 8.9, 10],
			"faces": {
				"north": {"uv": [0, 0, 2.6, 2.4], "texture": "#1"},
				"east": {"uv": [0, 0, 5, 4.4], "texture": "#1"},
				"south": {"uv": [0, 0, 3.6, 6.4], "texture": "#1"},
				"west": {"uv": [0, 0, 8, 3.4], "texture": "#1"},
				"up": {"uv": [0, 0, 3.6, 9], "texture": "#1"},
				"down": {"uv": [0, 0, 3.6, 8], "texture": "#1"}
			}
		},
		{
			"name": "Guard2",
			"from": [7.6, 8.2, 9.2],
			"to": [8.4, 8.6, 11.2],
			"rotation": {"angle": -22.5, "axis": "x", "origin": [8, 8, 8]},
			"faces": {
				"north": {"uv": [0, 0, 4.8, 4.4], "texture": "#1"},
				"east": {"uv": [0, 0, 7, 4.4], "texture": "#1"},
				"south": {"uv": [0, 0, 5.8, 8.4], "texture": "#1"},
				"west": {"uv": [0, 0, 10, 7.4], "texture": "#1"},
				"up": {"uv": [0, 0, 12.8, 7], "texture": "#1"},
				"down": {"uv": [0, 0, 7.8, 6], "texture": "#1"}
			}
		},
		{
			"name": "Guard3",
			"from": [7.6, 8.6, 5.9],
			"to": [8.4, 9, 7.9],
			"rotation": {"angle": 22.5, "axis": "x", "origin": [8, 8, 8]},
			"faces": {
				"north": {"uv": [0, 0, 7.8, 10.4], "texture": "#1"},
				"east": {"uv": [0, 0, 8, 5.4], "texture": "#1"},
				"south": {"uv": [0, 0, 6.8, 9.4], "texture": "#1"},
				"west": {"uv": [0, 0, 9, 7.4], "texture": "#1"},
				"up": {"uv": [0, 0, 4.8, 8], "texture": "#1"},
				"down": {"uv": [0, 0, 6.8, 12], "texture": "#1"}
			}
		},
		{
			"name": "Pommel1",
			"from": [7.7, 4.5, 5.6],
			"to": [8.3, 5.1, 7.2],
			"rotation": {"angle": -22.5, "axis": "x", "origin": [8, 8, 8]},
			"faces": {
				"north": {"uv": [0, 0, 5.6, 7.6], "texture": "#1"},
				"east": {"uv": [0, 0, 8.6, 4.6], "texture": "#1"},
				"south": {"uv": [0, 0, 3.6, 5.6], "texture": "#1"},
				"west": {"uv": [0, 0, 6.6, 5.6], "texture": "#1"},
				"up": {"uv": [0, 0, 4.6, 9.6], "texture": "#1"},
				"down": {"uv": [0, 0, 4.6, 10.6], "texture": "#1"}
			}
		},
		{
			"name": "Pommel2",
			"from": [7.7, 4.9, 9.8],
			"to": [8.3, 5.5, 11.4],
			"rotation": {"angle": 22.5, "axis": "x", "origin": [8, 8, 8]},
			"faces": {
				"north": {"uv": [0, 0, 4.6, 5.6], "texture": "#1"},
				"east": {"uv": [0, 0, 9.6, 6.6], "texture": "#1"},
				"south": {"uv": [0, 0, 2.6, 3.6], "texture": "#1"},
				"west": {"uv": [0, 0, 5.6, 6.6], "texture": "#1"},
				"up": {"uv": [0, 0, 2.6, 9.6], "texture": "#1"},
				"down": {"uv": [0, 0, 4.6, 6.6], "texture": "#1"}
			}
		},
		{
			"name": "Blade1",
			"from": [7.9, 8.5, 7.5],
			"to": [8.1, 19.9, 9.5],
			"faces": {
				"north": {"uv": [3, 0, 3.2, 11.4], "texture": "#2"},
				"east": {"uv": [5, 0, 8, 11.4], "texture": "#2"},
				"south": {"uv": [11, 1, 11.2, 12.4], "texture": "#2"},
				"west": {"uv": [4, 0, 7, 11.4], "texture": "#2"},
				"up": {"uv": [3, 2, 3.2, 4], "texture": "#2"},
				"down": {"uv": [5, 4, 5.2, 6], "texture": "#2"}
			}
		},
		{
			"name": "Blade2",
			"from": [7.9, 19.9, 7.7],
			"to": [8.1, 21.3, 9.3],
			"faces": {
				"north": {"uv": [3, 2, 3.2, 3.4], "texture": "#2"},
				"east": {"uv": [4, 4, 6, 7.4], "texture": "#2"},
				"south": {"uv": [9, 5, 9.2, 6.4], "texture": "#2"},
				"west": {"uv": [1, 1, 3, 3.4], "texture": "#2"},
				"up": {"uv": [5, 3, 5.2, 4.6], "texture": "#2"},
				"down": {"uv": [3, 2, 3.2, 3.6], "texture": "#2"}
			}
		},
		{
			"name": "Blade3",
			"from": [7.9, 21.2, 7.9],
			"to": [8.1, 22.6, 9.1],
			"faces": {
				"north": {"uv": [3, 2, 3.2, 3.4], "texture": "#2"},
				"east": {"uv": [7, 3, 9, 6.4], "texture": "#2"},
				"south": {"uv": [9, 5, 9.2, 6.4], "texture": "#2"},
				"west": {"uv": [5, 3, 7, 5.4], "texture": "#2"},
				"up": {"uv": [5, 3, 5.2, 4.2], "texture": "#2"},
				"down": {"uv": [3, 2, 3.2, 3.2], "texture": "#2"}
			}
		},
		{
			"name": "Blade4",
			"from": [7.9, 22.6, 8.1],
			"to": [8.1, 24, 8.9],
			"faces": {
				"north": {"uv": [3, 2, 3.2, 3.4], "texture": "#2"},
				"east": {"uv": [7, 3, 9, 6.4], "texture": "#2"},
				"south": {"uv": [9, 5, 9.2, 6.4], "texture": "#2"},
				"west": {"uv": [5, 3, 7, 5.4], "texture": "#2"},
				"up": {"uv": [5, 3, 5.2, 3.8], "texture": "#2"},
				"down": {"uv": [3, 2, 3.2, 2.8], "texture": "#2"}
			}
		}
	],
	"display": {
		"thirdperson_righthand": {
			"translation": [0, -0.5, 1],
			"scale": [1.1, 1.1, 1.1]
		},
		"thirdperson_lefthand": {
			"scale": [1.1, 1.1, 1.1]
		},
		"firstperson_righthand": {
			"scale": [1.1, 1.1, 1.1]
		},
		"firstperson_lefthand": {
			"translation": [-1.89, 0, 0],
			"scale": [1.3, 1.3, 1.3]
		},
		"ground": {
			"rotation": [-45, 0, 0],
			"translation": [0, 1.75, 0],
			"scale": [1.1, 1.1, 1.1]
		},
		"gui": {
			"rotation": [0, 90, 0],
			"translation": [0, -4, 0],
			"scale": [0.7, 0.7, 0.7]
		},
		"fixed": {
			"scale": [1.1, 1.1, 1.1]
		}
	}
}