{
	"credit": "Made with Blockbench",
	"textures": {
		"0": "block/iron_ore",
		"1": "block/anvil_top"
	},
	"elements": [
		{
			"name": "Knuckle1",
			"from": [9.9, 4, 8],
			"to": [10.7, 8.2, 9],
			"faces": {
				"north": {"uv": [0, 0, 6.2, 14.8], "texture": "#0"},
				"east": {"uv": [0, 0, 8, 13.8], "texture": "#0"},
				"south": {"uv": [1, 2, 8.2, 15.8], "texture": "#0"},
				"west": {"uv": [0, 0, 9, 12.8], "texture": "#0"},
				"up": {"uv": [0, 0, 6.2, 6], "texture": "#0"},
				"down": {"uv": [2, 0, 7.2, 7], "texture": "#0"}
			}
		},
		{
			"name": "Knuckle2",
			"from": [10, 5, 9],
			"to": [10.8, 7, 12],
			"faces": {
				"north": {"uv": [0, 6, 16, 9.8], "texture": "#0"},
				"east": {"uv": [3, 3, 16, 8.8], "texture": "#0"},
				"south": {"uv": [0, 6, 16, 12.8], "texture": "#0"},
				"west": {"uv": [0, 6, 15, 12.8], "texture": "#0"},
				"up": {"uv": [0, 0, 5, 6], "texture": "#0"},
				"down": {"uv": [0, 0, 4, 7], "texture": "#0"}
			}
		},
		{
			"name": "Knuckle3",
			"from": [10.8, 5.5, 9],
			"to": [11.4, 6.5, 12],
			"faces": {
				"north": {"uv": [4, 2, 9, 5.6], "texture": "#1"},
				"east": {"uv": [5, 5, 11, 8.6], "texture": "#1"},
				"south": {"uv": [4, 4, 8, 5.6], "texture": "#1"},
				"west": {"uv": [6, 7, 13, 10.6], "texture": "#1"},
				"up": {"uv": [4, 4, 9, 12], "texture": "#1"},
				"down": {"uv": [8, 5, 12, 12], "texture": "#1"}
			}
		},
		{
			"name": "Finger1",
			"from": [8.5, 5.4, 7.5],
			"to": [10.5, 6.2, 8.1],
			"faces": {
				"north": {"uv": [5, 2, 8.8, 13], "texture": "#1"},
				"east": {"uv": [7, 2, 11.6, 13], "texture": "#1"},
				"south": {"uv": [4, 2, 7.8, 13], "texture": "#1"},
				"west": {"uv": [8, 1, 11.6, 11], "texture": "#1"},
				"up": {"uv": [7, 2, 11.8, 6.6], "texture": "#1"},
				"down": {"uv": [4, 2, 6.8, 5.6], "texture": "#1"}
			}
		},
		{
			"name": "Finger2",
			"from": [8.5, 4.4, 7.7],
			"to": [10.5, 5.2, 8.1],
			"faces": {
				"north": {"uv": [5, 1, 8.8, 10], "texture": "#1"},
				"east": {"uv": [4, 0, 7.4, 7], "texture": "#1"},
				"south": {"uv": [5, 1, 8.8, 11], "texture": "#1"},
				"west": {"uv": [4, 1, 8.4, 10], "texture": "#1"},
				"up": {"uv": [4, 2, 7.8, 5.4], "texture": "#1"},
				"down": {"uv": [5, 3, 8.8, 7.4], "texture": "#1"}
			}
		},
		{
			"name": "Finger3",
			"from": [8.5, 6.4, 7.3],
			"to": [10.5, 7.2, 8.1],
			"faces": {
				"north": {"uv": [4, 1, 7.8, 9], "texture": "#1"},
				"east": {"uv": [4, 0, 5.8, 8], "texture": "#1"},
				"south": {"uv": [4, 1, 7.8, 9], "texture": "#1"},
				"west": {"uv": [5, 2, 7.8, 10], "texture": "#1"},
				"up": {"uv": [5, 1, 10.8, 7.8], "texture": "#1"},
				"down": {"uv": [5, 1, 8.8, 5.8], "texture": "#1"}
			}
		},
		{
			"name": "Finger4",
			"from": [8.5, 7.4, 7.3],
			"to": [10.5, 8.2, 8.1],
			"faces": {
				"north": {"uv": [3, 1, 7.8, 10], "texture": "#1"},
				"east": {"uv": [4, 3, 7.8, 13], "texture": "#1"},
				"south": {"uv": [4, 0, 8.8, 11], "texture": "#1"},
				"west": {"uv": [5, 1, 7.8, 12], "texture": "#1"},
				"up": {"uv": [9, 2, 10.8, 9.8], "texture": "#1"},
				"down": {"uv": [7, 3, 9.8, 11.8], "texture": "#1"}
			}
		}
	],
	"display": {
		"thirdperson_righthand": {
			"translation": [-1, 0.75, 0],
			"scale": [1.4, 1.4, 1.4]
		},
		"thirdperson_lefthand": {
			"rotation": [-180, -180, 0],
			"translation": [-1, -4.75, 0],
			"scale": [1.4, 1.4, 1.4]
		},
		"firstperson_righthand": {
			"translation": [0, 2, 0],
			"scale": [1.49, 1.49, 1.49]
		},
		"firstperson_lefthand": {
			"rotation": [0, 0, -180],
			"translation": [0, -3.25, 0],
			"scale": [1.4, 1.4, 1.4]
		},
		"gui": {
			"rotation": [-90, 180, -90],
			"translation": [-3.25, 2.5, 0],
			"scale": [1.9, 1.9, 1.9]
		}
	}
}