{
	"credit": "Made with Blockbench",
	"textures": {
		"0": "block/furnace_side",
		"1": "block/anvil",
		"2": "block/lava_still"
	},
	"elements": [
		{
			"name": "Handle",
			"from": [7.7, 3, 8],
			"to": [8.3, 8, 8.6],
			"faces": {
				"north": {"uv": [4, 2, 4.6, 11.6], "texture": "#0"},
				"east": {"uv": [8, 0, 9, 12.6], "texture": "#0"},
				"south": {"uv": [6, 1, 7, 12.6], "texture": "#0"},
				"west": {"uv": [7, 1, 8, 12.6], "texture": "#0"},
				"up": {"uv": [5, 0, 9.6, 12], "texture": "#0"},
				"down": {"uv": [4, 4, 8.6, 16], "texture": "#0"}
			}
		},
		{
			"name": "Pomel",
			"from": [7.5, 2, 7.7],
			"to": [8.5, 3.2, 8.9],
			"faces": {
				"north": {"uv": [0, 0, 5.2, 5.2], "texture": "#1"},
				"east": {"uv": [3, 2, 8, 7.2], "texture": "#1"},
				"south": {"uv": [5, 4, 10.2, 9.2], "texture": "#1"},
				"west": {"uv": [1, 8, 7, 13.2], "texture": "#1"},
				"up": {"uv": [7, 3, 12.2, 9], "texture": "#1"},
				"down": {"uv": [0, 0, 6.2, 6], "texture": "#1"}
			}
		},
		{
			"name": "Guard",
			"from": [7.5, 8, 6.8],
			"to": [8.5, 9, 9.8],
			"faces": {
				"north": {"uv": [5, 5, 8, 7], "texture": "#1"},
				"east": {"uv": [4, 2, 7, 4], "texture": "#1"},
				"south": {"uv": [7, 0, 11, 3], "texture": "#1"},
				"west": {"uv": [7, 12, 11, 15], "texture": "#1"},
				"up": {"uv": [5, 1, 13, 15], "texture": "#1"},
				"down": {"uv": [3, 4, 6, 6], "texture": "#1"}
			}
		},
		{
			"name": "Blade1",
			"from": [7.9, 8.25, 7.3],
			"to": [8.1, 19, 9.3],
			"faces": {
				"north": {"uv": [0, 0, 1, 12], "texture": "#1"},
				"east": {"uv": [0, 0, 3, 15], "texture": "#1"},
				"south": {"uv": [14, 0, 15, 15], "texture": "#1"},
				"west": {"uv": [7, 2, 10, 15], "texture": "#1"},
				"up": {"uv": [5, 1, 13, 15], "texture": "#1"},
				"down": {"uv": [0, 0, 9, 12], "texture": "#1"}
			}
		},
		{
			"name": "Blade2",
			"from": [7.9, 19, 7.6],
			"to": [8.1, 21, 9],
			"faces": {
				"north": {"uv": [0, 0, 13, 12], "texture": "#1"},
				"east": {"uv": [5, 0, 8, 4], "texture": "#1"},
				"south": {"uv": [7, 0, 15, 15], "texture": "#1"},
				"west": {"uv": [10, 4, 13, 8], "texture": "#1"},
				"up": {"uv": [5, 1, 13, 15], "texture": "#1"},
				"down": {"uv": [0, 0, 9, 12], "texture": "#1"}
			}
		},
		{
			"name": "Lava1",
			"from": [7.9, 9, 9.5],
			"to": [8.1, 20, 9.7],
			"faces": {
				"north": {"uv": [15, 0, 16, 15], "texture": "#2"},
				"east": {"uv": [5, 0, 6, 15], "texture": "#2"},
				"south": {"uv": [14, 0, 15, 16], "texture": "#2"},
				"west": {"uv": [10, 2, 11, 16], "texture": "#2"},
				"up": {"uv": [5, 1, 6, 2], "texture": "#2"},
				"down": {"uv": [6, 7, 7, 8], "texture": "#2"}
			}
		},
		{
			"name": "Lava2",
			"from": [7.9, 9, 6.9],
			"to": [8.1, 20, 7.1],
			"faces": {
				"north": {"uv": [2, 0, 3, 15], "texture": "#2"},
				"east": {"uv": [5, 0, 6, 15], "texture": "#2"},
				"south": {"uv": [7, 0, 8, 16], "texture": "#2"},
				"west": {"uv": [7, 2, 8, 16], "texture": "#2"},
				"up": {"uv": [5, 1, 6, 2], "texture": "#2"},
				"down": {"uv": [0, 0, 1, 1], "texture": "#2"}
			}
		},
		{
			"name": "Lava3",
			"from": [7.9, 18.6, 2.4],
			"to": [8.1, 22.1, 2.6],
			"rotation": {"angle": 22.5, "axis": "x", "origin": [8, 8, 8]},
			"faces": {
				"north": {"uv": [4, 0, 5, 15], "texture": "#2"},
				"east": {"uv": [1, 0, 2, 15], "texture": "#2"},
				"south": {"uv": [5, 0, 6, 16], "texture": "#2"},
				"west": {"uv": [10, 2, 11, 16], "texture": "#2"},
				"up": {"uv": [5, 1, 6, 2], "texture": "#2"},
				"down": {"uv": [9, 8, 10, 9], "texture": "#2"}
			}
		},
		{
			"name": "Lava4",
			"from": [7.9, 18.4, 14],
			"to": [8.1, 21.9, 14.2],
			"rotation": {"angle": -22.5, "axis": "x", "origin": [8, 8, 8]},
			"faces": {
				"north": {"uv": [1, 0, 2, 15], "texture": "#2"},
				"east": {"uv": [6, 0, 7, 15], "texture": "#2"},
				"south": {"uv": [7, 0, 8, 16], "texture": "#2"},
				"west": {"uv": [7, 2, 8, 16], "texture": "#2"},
				"up": {"uv": [5, 1, 6, 2], "texture": "#2"},
				"down": {"uv": [0, 0, 1, 1], "texture": "#2"}
			}
		},
		{
			"name": "Blade3",
			"from": [7.9, 21, 7.9],
			"to": [8.1, 21.8, 8.7],
			"faces": {
				"north": {"uv": [0, 0, 13, 12], "texture": "#1"},
				"east": {"uv": [2, 0, 4, 2], "texture": "#1"},
				"south": {"uv": [7, 0, 15, 15], "texture": "#1"},
				"west": {"uv": [7, 2, 9, 4], "texture": "#1"},
				"up": {"uv": [5, 1, 13, 15], "texture": "#1"},
				"down": {"uv": [0, 0, 9, 12], "texture": "#1"}
			}
		}
	],
	"display": {
		"thirdperson_righthand": {
			"translation": [0, 0.25, 1.25],
			"scale": [1.1, 1.1, 1.1]
		},
		"thirdperson_lefthand": {
			"translation": [0, 0.25, 1.25],
			"scale": [1.1, 1.1, 1.1]
		},
		"firstperson_righthand": {
			"translation": [1.25, -1.5, 0],
			"scale": [1.1, 1.1, 1.1]
		},
		"firstperson_lefthand": {
			"translation": [0.61, -1.5, 0],
			"scale": [1.3, 1.3, 1.3]
		},
		"ground": {
			"rotation": [-45, 0, 0],
			"translation": [0, 2.25, 0],
			"scale": [1.1, 1.1, 1.1]
		},
		"gui": {
			"rotation": [0, 90, 0],
			"translation": [0, -3.25, 0],
			"scale": [0.7, 0.7, 0.7]
		},
		"fixed": {
			"scale": [1.1, 1.1, 1.1]
		}
	}
}