{
	"credit": "Made with Blockbench",
	"textures": {
		"0": "item/ender_eye",
		"1": "block/farmland_moist",
		"2": "block/bone_block_side"
	},
	"elements": [
		{
			"name": "Eye",
			"from": [7, 6, 7],
			"to": [9, 7, 9],
			"faces": {
				"north": {"uv": [8, 4, 10, 5], "texture": "#0"},
				"east": {"uv": [9, 4, 11, 5], "texture": "#0"},
				"south": {"uv": [8, 11, 10, 12], "texture": "#0"},
				"west": {"uv": [5, 4, 7, 5], "texture": "#0"},
				"up": {"uv": [5, 4, 12, 12], "texture": "#0"},
				"down": {"uv": [6, 6, 8, 8], "texture": "#0"}
			}
		},
		{
			"name": "MainBody",
			"from": [6, 1, 6],
			"to": [10, 6.6, 10],
			"faces": {
				"north": {"uv": [2, 2, 6, 7.6], "texture": "#1"},
				"east": {"uv": [4, 4, 8, 9.6], "texture": "#1"},
				"south": {"uv": [6, 5, 10, 10.6], "texture": "#1"},
				"west": {"uv": [2, 3, 6, 8.6], "texture": "#1"},
				"up": {"uv": [4, 4, 8, 8], "texture": "#1"},
				"down": {"uv": [0, 0, 4, 4], "texture": "#1"}
			}
		},
		{
			"name": "Teeth1",
			"from": [6.1, 6, 6.1],
			"to": [6.9, 7, 6.9],
			"faces": {
				"north": {"uv": [0, 0, 0.8, 1], "texture": "#2"},
				"east": {"uv": [0, 0, 0.8, 1], "texture": "#2"},
				"south": {"uv": [0, 0, 0.8, 1], "texture": "#2"},
				"west": {"uv": [0, 0, 0.8, 1], "texture": "#2"},
				"up": {"uv": [0, 0, 0.8, 0.8], "texture": "#2"},
				"down": {"uv": [0, 0, 0.8, 0.8], "texture": "#2"}
			}
		},
		{
			"name": "Tail",
			"from": [9.8, -3, 6.6],
			"to": [11.8, 2.6, 9.6],
			"rotation": {"angle": -22.5, "axis": "z", "origin": [8, 8, 8]},
			"faces": {
				"north": {"uv": [2, 2, 4, 7.6], "texture": "#1"},
				"east": {"uv": [4, 4, 7, 9.6], "texture": "#1"},
				"south": {"uv": [6, 5, 8, 10.6], "texture": "#1"},
				"west": {"uv": [2, 3, 5, 8.6], "texture": "#1"},
				"up": {"uv": [4, 4, 6, 7], "texture": "#1"},
				"down": {"uv": [0, 0, 2, 3], "texture": "#1"}
			}
		},
		{
			"name": "Tail2",
			"from": [14.2, -6, 7.1],
			"to": [15.2, -0.4, 9.1],
			"rotation": {"angle": -45, "axis": "z", "origin": [8, 8, 8]},
			"faces": {
				"north": {"uv": [2, 2, 3, 7.6], "texture": "#1"},
				"east": {"uv": [4, 4, 6, 9.6], "texture": "#1"},
				"south": {"uv": [6, 5, 7, 10.6], "texture": "#1"},
				"west": {"uv": [2, 3, 4, 8.6], "texture": "#1"},
				"up": {"uv": [4, 4, 5, 6], "texture": "#1"},
				"down": {"uv": [0, 0, 1, 2], "texture": "#1"}
			}
		},
		{
			"name": "Teeth2",
			"from": [9.1, 6, 6.1],
			"to": [9.9, 7, 6.9],
			"faces": {
				"north": {"uv": [0, 0, 0.8, 1], "texture": "#2"},
				"east": {"uv": [0, 0, 0.8, 1], "texture": "#2"},
				"south": {"uv": [0, 0, 0.8, 1], "texture": "#2"},
				"west": {"uv": [0, 0, 0.8, 1], "texture": "#2"},
				"up": {"uv": [0, 0, 0.8, 0.8], "texture": "#2"},
				"down": {"uv": [0, 0, 0.8, 0.8], "texture": "#2"}
			}
		},
		{
			"name": "Teeth3",
			"from": [9.1, 6, 9.1],
			"to": [9.9, 7, 9.9],
			"faces": {
				"north": {"uv": [0, 0, 0.8, 1], "texture": "#2"},
				"east": {"uv": [0, 0, 0.8, 1], "texture": "#2"},
				"south": {"uv": [0, 0, 0.8, 1], "texture": "#2"},
				"west": {"uv": [0, 0, 0.8, 1], "texture": "#2"},
				"up": {"uv": [0, 0, 0.8, 0.8], "texture": "#2"},
				"down": {"uv": [0, 0, 0.8, 0.8], "texture": "#2"}
			}
		},
		{
			"name": "Teeth4",
			"from": [6.1, 6, 9.1],
			"to": [6.9, 7, 9.9],
			"faces": {
				"north": {"uv": [0, 0, 0.8, 1], "texture": "#2"},
				"east": {"uv": [0, 0, 0.8, 1], "texture": "#2"},
				"south": {"uv": [0, 0, 0.8, 1], "texture": "#2"},
				"west": {"uv": [0, 0, 0.8, 1], "texture": "#2"},
				"up": {"uv": [0, 0, 0.8, 0.8], "texture": "#2"},
				"down": {"uv": [0, 0, 0.8, 0.8], "texture": "#2"}
			}
		},
		{
			"name": "Tooth1",
			"from": [6.4, 6, 8.5],
			"to": [6.8, 7, 8.9],
			"rotation": {"angle": -22.5, "axis": "x", "origin": [8, 8, 8]},
			"faces": {
				"north": {"uv": [0, 0, 0.4, 1], "texture": "#2"},
				"east": {"uv": [0, 0, 0.4, 1], "texture": "#2"},
				"south": {"uv": [0, 0, 0.4, 1], "texture": "#2"},
				"west": {"uv": [0, 0, 0.4, 1], "texture": "#2"},
				"up": {"uv": [0, 0, 0.4, 0.4], "texture": "#2"},
				"down": {"uv": [0, 0, 0.4, 0.4], "texture": "#2"}
			}
		},
		{
			"name": "Tooth2",
			"from": [9.2, 6, 8.5],
			"to": [9.6, 7, 8.9],
			"rotation": {"angle": -22.5, "axis": "x", "origin": [8, 8, 8]},
			"faces": {
				"north": {"uv": [0, 0, 0.4, 1], "texture": "#2"},
				"east": {"uv": [0, 0, 0.4, 1], "texture": "#2"},
				"south": {"uv": [0, 0, 0.4, 1], "texture": "#2"},
				"west": {"uv": [0, 0, 0.4, 1], "texture": "#2"},
				"up": {"uv": [0, 0, 0.4, 0.4], "texture": "#2"},
				"down": {"uv": [0, 0, 0.4, 0.4], "texture": "#2"}
			}
		},
		{
			"name": "Tooth3",
			"from": [9.2, 6, 7.2],
			"to": [9.6, 7, 7.6],
			"rotation": {"angle": 22.5, "axis": "x", "origin": [8, 8, 8]},
			"faces": {
				"north": {"uv": [0, 0, 0.4, 1], "texture": "#2"},
				"east": {"uv": [0, 0, 0.4, 1], "texture": "#2"},
				"south": {"uv": [0, 0, 0.4, 1], "texture": "#2"},
				"west": {"uv": [0, 0, 0.4, 1], "texture": "#2"},
				"up": {"uv": [0, 0, 0.4, 0.4], "texture": "#2"},
				"down": {"uv": [0, 0, 0.4, 0.4], "texture": "#2"}
			}
		},
		{
			"name": "Tooth4",
			"from": [6.4, 6, 7.2],
			"to": [6.8, 7, 7.6],
			"rotation": {"angle": 22.5, "axis": "x", "origin": [8, 8, 8]},
			"faces": {
				"north": {"uv": [0, 0, 0.4, 1], "texture": "#2"},
				"east": {"uv": [0, 0, 0.4, 1], "texture": "#2"},
				"south": {"uv": [0, 0, 0.4, 1], "texture": "#2"},
				"west": {"uv": [0, 0, 0.4, 1], "texture": "#2"},
				"up": {"uv": [0, 0, 0.4, 0.4], "texture": "#2"},
				"down": {"uv": [0, 0, 0.4, 0.4], "texture": "#2"}
			}
		}
	],
	"display": {
		"thirdperson_righthand": {
			"scale": [3, 3, 3]
		},
		"thirdperson_lefthand": {
			"scale": [3, 3, 3]
		},
		"firstperson_righthand": {
			"scale": [3, 3, 3]
		},
		"firstperson_lefthand": {
			"translation": [-1.89, 0, 0],
			"scale": [3, 3, 3]
		},
		"ground": {
			"scale": [3, 3, 3]
		},
		"gui": {
			"translation": [0, -2, 0],
			"scale": [3, 3, 3]
		},
		"head": {
			"rotation": [-90, 0, 0],
			"translation": [0, -20, -21.5],
			"scale": [4, 4, 4]
		},
		"fixed": {
			"scale": [3, 3, 3]
		}
	}
}