{
	"credit": "Made with Blockbench",
	"textures": {
		"0": "block/yellow_glazed_terracotta",
		"1": "block/anvil",
		"2": "block/cyan_glazed_terracotta",
		"particle": "block/yellow_glazed_terracotta"
	},
	"elements": [
		{
			"name": "Handle",
			"from": [7.5, -2.5, 8.5],
			"to": [8.5, 3.5, 9.5],
			"rotation": {"angle": 0, "axis": "y", "origin": [8, 2, 8]},
			"faces": {
				"north": {"uv": [0, 0, 3, 9], "texture": "#1"},
				"east": {"uv": [3, 4, 4, 16], "texture": "#1"},
				"south": {"uv": [4, 1, 8, 11], "texture": "#1"},
				"west": {"uv": [6, 5, 7, 15], "texture": "#1"},
				"up": {"uv": [8, 5, 11, 9], "texture": "#1"},
				"down": {"uv": [3, 4, 9, 9], "texture": "#1"}
			}
		},
		{
			"name": "Pommel",
			"from": [7.3, -3.5, 8.3],
			"to": [8.7, -2.3, 9.7],
			"rotation": {"angle": 0, "axis": "y", "origin": [8, 2, 8]},
			"faces": {
				"north": {"uv": [0, 0, 1.4, 1.2], "texture": "#2"},
				"east": {"uv": [0, 0, 1.4, 1.2], "texture": "#2"},
				"south": {"uv": [0, 0, 1.4, 1.2], "texture": "#2"},
				"west": {"uv": [0, 0, 1.4, 1.2], "texture": "#2"},
				"up": {"uv": [0, 0, 1.4, 1.4], "texture": "#2"},
				"down": {"uv": [0, 0, 1.4, 1.4], "texture": "#2"}
			}
		},
		{
			"name": "Guard",
			"from": [7.3, 3.5, 7.3],
			"to": [8.7, 4.7, 10.7],
			"rotation": {"angle": 0, "axis": "y", "origin": [8, 2, 8]},
			"faces": {
				"north": {"uv": [0, 0, 1.4, 1.2], "texture": "#2"},
				"east": {"uv": [0, 0, 3.4, 1.2], "texture": "#2"},
				"south": {"uv": [0, 0, 1.4, 1.2], "texture": "#2"},
				"west": {"uv": [0, 0, 3.4, 1.2], "texture": "#2"},
				"up": {"uv": [0, 0, 1.4, 3.4], "texture": "#2"},
				"down": {"uv": [0, 0, 1.4, 3.4], "texture": "#2"}
			}
		},
		{
			"name": "Guard2",
			"from": [7.5, 1, 10.9],
			"to": [8.4, 2.2, 14.1],
			"rotation": {"angle": -45, "axis": "x", "origin": [8, 2, 8]},
			"faces": {
				"north": {"uv": [0, 0, 1.2, 1.2], "texture": "#2"},
				"east": {"uv": [0, 0, 3.2, 1.2], "texture": "#2"},
				"south": {"uv": [0, 0, 1.2, 1.2], "texture": "#2"},
				"west": {"uv": [0, 0, 3.2, 1.2], "texture": "#2"},
				"up": {"uv": [0, 0, 1.2, 3.2], "texture": "#2"},
				"down": {"uv": [0, 0, 1.2, 3.2], "texture": "#2"}
			}
		},
		{
			"name": "Guard3",
			"from": [7.5, 2.4, 3.2],
			"to": [8.5, 3.6, 6.4],
			"rotation": {"angle": 45, "axis": "x", "origin": [8, 2, 8]},
			"faces": {
				"north": {"uv": [0, 0, 1.2, 1.2], "texture": "#2"},
				"east": {"uv": [0, 0, 3.2, 1.2], "texture": "#2"},
				"south": {"uv": [0, 0, 1.2, 1.2], "texture": "#2"},
				"west": {"uv": [0, 0, 3.2, 1.2], "texture": "#2"},
				"up": {"uv": [0, 0, 1.2, 3.2], "texture": "#2"},
				"down": {"uv": [0, 0, 1.2, 3.2], "texture": "#2"}
			}
		},
		{
			"name": "Blade1",
			"from": [7.9, 4.25, 7.3],
			"to": [8.1, 17.7, 10.7],
			"rotation": {"angle": 0, "axis": "y", "origin": [8, 2, 8]},
			"faces": {
				"north": {"uv": [3, 0, 6.2, 6.2], "texture": "#0"},
				"east": {"uv": [9, 5, 11.4, 12.2], "texture": "#0"},
				"south": {"uv": [9, 7, 12.2, 13.2], "texture": "#0"},
				"west": {"uv": [10, 5, 12.4, 12.2], "texture": "#0"},
				"up": {"uv": [3, 1, 4.2, 4.4], "texture": "#0"},
				"down": {"uv": [3, 2, 4.2, 5.4], "texture": "#0"}
			}
		},
		{
			"name": "Blade2",
			"from": [7.9, 17.7, 6.9],
			"to": [8.1, 20.9, 11.3],
			"rotation": {"angle": 0, "axis": "y", "origin": [8, 2, 8]},
			"faces": {
				"north": {"uv": [3, 0, 6.2, 6.2], "texture": "#0"},
				"east": {"uv": [9, 5, 11.4, 12.2], "texture": "#0"},
				"south": {"uv": [9, 7, 12.2, 13.2], "texture": "#0"},
				"west": {"uv": [10, 5, 12.4, 12.2], "texture": "#0"},
				"up": {"uv": [3, 1, 4.2, 4.4], "texture": "#0"},
				"down": {"uv": [3, 2, 4.2, 5.4], "texture": "#0"}
			}
		},
		{
			"name": "Blade3",
			"from": [7.9, 20.8, 6],
			"to": [8.1, 23, 12.4],
			"rotation": {"angle": 0, "axis": "y", "origin": [8, 2, 8]},
			"faces": {
				"north": {"uv": [3, 0, 6.2, 6.2], "texture": "#0"},
				"east": {"uv": [9, 5, 11.4, 12.2], "texture": "#0"},
				"south": {"uv": [9, 7, 12.2, 13.2], "texture": "#0"},
				"west": {"uv": [10, 5, 12.4, 12.2], "texture": "#0"},
				"up": {"uv": [3, 1, 4.2, 4.4], "texture": "#0"},
				"down": {"uv": [3, 2, 4.2, 5.4], "texture": "#0"}
			}
		}
	]
}