{
	"credit": "Made with Blockbench",
	"textures": {
		"0": "block/jungle_log_top",
		"1": "block/anvil",
		"2": "block/magenta_stained_glass_pane_top"
	},
	"elements": [
		{
			"name": "Handle",
			"from": [7.5, 0, 8],
			"to": [8.5, 13, 9],
			"faces": {
				"north": {"uv": [0, 0, 1, 13], "texture": "#0"},
				"east": {"uv": [0, 0, 1, 13], "texture": "#0"},
				"south": {"uv": [0, 0, 1, 13], "texture": "#0"},
				"west": {"uv": [0, 0, 1, 13], "texture": "#0"},
				"up": {"uv": [0, 0, 1, 1], "texture": "#-1"},
				"down": {"uv": [0, 0, 15, 1], "texture": "#0"}
			}
		},
		{
			"name": "Head",
			"from": [6.9, 13, 6.8],
			"to": [8.9, 18, 10.2],
			"faces": {
				"north": {"uv": [0, 0, 2, 5], "texture": "#1"},
				"east": {"uv": [0, 0, 3.4, 5], "texture": "#1"},
				"south": {"uv": [0, 0, 2, 5], "texture": "#1"},
				"west": {"uv": [0, 0, 3.4, 5], "texture": "#1"},
				"up": {"uv": [0, 0, 2, 3.4], "texture": "#1"},
				"down": {"uv": [0, 0, 2, 3.4], "texture": "#1"}
			}
		},
		{
			"name": "TopHandle",
			"from": [7.3, 12, 7.8],
			"to": [8.6, 13, 9.1],
			"faces": {
				"north": {"uv": [7, 4, 8.3, 5], "texture": "#2"},
				"east": {"uv": [7, 8, 8.3, 9], "texture": "#2"},
				"south": {"uv": [7, 5, 8.3, 6], "texture": "#2"},
				"west": {"uv": [7, 7, 8.3, 8], "texture": "#2"},
				"up": {"uv": [7, 7, 8.3, 8.3], "texture": "#2"},
				"down": {"uv": [7, 5, 8.3, 6.3], "texture": "#2"}
			}
		},
		{
			"name": "Spike3",
			"from": [7.8, 13, 13.8],
			"to": [8.2, 19, 15.1],
			"faces": {
				"north": {"uv": [7, 1, 7.4, 7], "texture": "#2"},
				"east": {"uv": [7, 3, 8.3, 9], "texture": "#2"},
				"south": {"uv": [7, 4, 7.4, 10], "texture": "#2"},
				"west": {"uv": [7, 4, 8.3, 10], "texture": "#2"},
				"up": {"uv": [7, 4, 7.4, 5.3], "texture": "#2"},
				"down": {"uv": [7, 7, 7.4, 8.3], "texture": "#2"}
			}
		},
		{
			"name": "Blade2",
			"from": [7.6, 13, 1.8],
			"to": [8, 19, 3.1],
			"faces": {
				"north": {"uv": [7, 1, 7.4, 7], "texture": "#2"},
				"east": {"uv": [7, 3, 8.3, 9], "texture": "#2"},
				"south": {"uv": [7, 4, 7.4, 10], "texture": "#2"},
				"west": {"uv": [7, 4, 8.3, 10], "texture": "#2"},
				"up": {"uv": [7, 4, 7.4, 5.3], "texture": "#2"},
				"down": {"uv": [7, 7, 7.4, 8.3], "texture": "#2"}
			}
		},
		{
			"name": "Top Magic",
			"from": [7.5, 18, 8.1],
			"to": [8.3, 21, 8.9],
			"faces": {
				"north": {"uv": [7, 4, 7.8, 7], "texture": "#2"},
				"east": {"uv": [7, 8, 7.8, 11], "texture": "#2"},
				"south": {"uv": [7, 5, 7.8, 8], "texture": "#2"},
				"west": {"uv": [7, 7, 7.8, 10], "texture": "#2"},
				"up": {"uv": [7, 7, 7.8, 7.8], "texture": "#2"},
				"down": {"uv": [7, 5, 7.8, 5.8], "texture": "#2"}
			}
		},
		{
			"name": "Blade3",
			"from": [7.8, 10.8, 19.7],
			"to": [8.2, 13.8, 20.8],
			"rotation": {"angle": -45, "axis": "x", "origin": [8, 8, 8]},
			"faces": {
				"north": {"uv": [7, 4, 7.4, 7], "texture": "#2"},
				"east": {"uv": [7, 8, 8.1, 11], "texture": "#2"},
				"south": {"uv": [7, 5, 7.4, 8], "texture": "#2"},
				"west": {"uv": [7, 7, 8.1, 10], "texture": "#2"},
				"up": {"uv": [7, 7, 7.4, 8.1], "texture": "#2"},
				"down": {"uv": [7, 5, 7.4, 6.1], "texture": "#2"}
			}
		},
		{
			"name": "Blade4",
			"from": [7.8, 13.5, 8.5],
			"to": [8.2, 16.5, 9.6],
			"rotation": {"angle": 45, "axis": "x", "origin": [8, 8, 8]},
			"faces": {
				"north": {"uv": [7, 4, 7.4, 7], "texture": "#2"},
				"east": {"uv": [7, 8, 8.1, 11], "texture": "#2"},
				"south": {"uv": [7, 5, 7.4, 8], "texture": "#2"},
				"west": {"uv": [7, 7, 8.1, 10], "texture": "#2"},
				"up": {"uv": [7, 7, 7.4, 8.1], "texture": "#2"},
				"down": {"uv": [7, 5, 7.4, 6.1], "texture": "#2"}
			}
		},
		{
			"name": "Blade5",
			"from": [7.6, 11.4, -4.2],
			"to": [8, 14.4, -3.1],
			"rotation": {"angle": 45, "axis": "x", "origin": [8, 8, 8]},
			"faces": {
				"north": {"uv": [7, 4, 7.4, 7], "texture": "#2"},
				"east": {"uv": [7, 8, 8.1, 11], "texture": "#2"},
				"south": {"uv": [7, 5, 7.4, 8], "texture": "#2"},
				"west": {"uv": [7, 7, 8.1, 10], "texture": "#2"},
				"up": {"uv": [7, 7, 7.4, 8.1], "texture": "#2"},
				"down": {"uv": [7, 5, 7.4, 6.1], "texture": "#2"}
			}
		},
		{
			"name": "Blade6",
			"from": [7.6, 13, 7.1],
			"to": [8, 16, 8.2],
			"rotation": {"angle": -45, "axis": "x", "origin": [8, 8, 8]},
			"faces": {
				"north": {"uv": [7, 4, 7.4, 7], "texture": "#2"},
				"east": {"uv": [7, 8, 8.1, 11], "texture": "#2"},
				"south": {"uv": [7, 5, 7.4, 8], "texture": "#2"},
				"west": {"uv": [7, 7, 8.1, 10], "texture": "#2"},
				"up": {"uv": [7, 7, 7.4, 8.1], "texture": "#2"},
				"down": {"uv": [7, 5, 7.4, 6.1], "texture": "#2"}
			}
		},
		{
			"name": "TopHandle",
			"from": [7.3, -1, 7.8],
			"to": [8.6, 0, 9.1],
			"faces": {
				"north": {"uv": [7, 4, 8.3, 5], "texture": "#2"},
				"east": {"uv": [7, 8, 8.3, 9], "texture": "#2"},
				"south": {"uv": [7, 5, 8.3, 6], "texture": "#2"},
				"west": {"uv": [7, 7, 8.3, 8], "texture": "#2"},
				"up": {"uv": [7, 7, 8.3, 8.3], "texture": "#2"},
				"down": {"uv": [7, 5, 8.3, 6.3], "texture": "#2"}
			}
		}
	],
	"display": {
		"thirdperson_righthand": {
			"translation": [0, -1, 1]
		},
		"thirdperson_lefthand": {
			"translation": [0, 0, 1]
		},
		"ground": {
			"rotation": [-45, 0, 0],
			"translation": [0, 8.25, 0]
		},
		"gui": {
			"rotation": [0, -90, 0],
			"translation": [0.25, -1.25, 0],
			"scale": [0.56, 0.56, 0.56]
		}
	}
}