{
	"credit": "Made with Blockbench",
	"textures": {
		"0": "block/spruce_log",
		"2": "block/anvil_top",
		"3": "block/bell_side",
		"particle": "block/bell_side"
	},
	"elements": [
		{
			"name": "Handle1",
			"from": [7.5, 1, 8],
			"to": [8.5, 15, 9],
			"faces": {
				"north": {"uv": [0, 0, 2, 16], "texture": "#0"},
				"east": {"uv": [3, 0, 5, 16], "texture": "#0"},
				"south": {"uv": [8, 0, 10, 16], "texture": "#0"},
				"west": {"uv": [4, 0, 6, 16], "texture": "#0"},
				"up": {"uv": [0, 0, 2, 16], "texture": "#0"},
				"down": {"uv": [0, 0, 2, 16], "texture": "#0"}
			}
		},
		{
			"name": "Pommel",
			"from": [7.1, -0.8, 7.6],
			"to": [8.9, 1, 9.4],
			"faces": {
				"north": {"uv": [5, 0, 6.8, 1.8], "texture": "#3"},
				"east": {"uv": [2, 7, 3.8, 8.8], "texture": "#3"},
				"south": {"uv": [5, 7, 6.8, 8.8], "texture": "#3"},
				"west": {"uv": [5, 5, 6.8, 6.8], "texture": "#3"},
				"up": {"uv": [1, 5, 2.8, 6.8], "texture": "#3"},
				"down": {"uv": [1, 0, 2.8, 1.8], "texture": "#3"}
			}
		},
		{
			"name": "MidHammer",
			"from": [6.5, 15, 6.6],
			"to": [9.5, 18, 10.6],
			"faces": {
				"north": {"uv": [5, 1, 12, 11], "texture": "#2"},
				"east": {"uv": [3, 4, 8, 8], "texture": "#2"},
				"south": {"uv": [5, 5, 13, 15], "texture": "#2"},
				"west": {"uv": [7, 11, 13, 16], "texture": "#2"},
				"up": {"uv": [7, 11, 12, 16], "texture": "#2"},
				"down": {"uv": [9, 0, 13, 5], "texture": "#2"}
			}
		},
		{
			"name": "Connecter1",
			"from": [7, 15.5, 10.5],
			"to": [9, 17.5, 11.5],
			"faces": {
				"north": {"uv": [6, 3, 8, 4], "texture": "#2"},
				"east": {"uv": [7, 4, 9, 5], "texture": "#2"},
				"south": {"uv": [6, 7, 8, 8], "texture": "#2"},
				"west": {"uv": [8, 4, 10, 5], "texture": "#2"},
				"up": {"uv": [7, 5, 9, 7], "texture": "#2"},
				"down": {"uv": [8, 5, 10, 7], "texture": "#2"}
			}
		},
		{
			"name": "Connecter2",
			"from": [6, 14.5, 5.6],
			"to": [10, 18.5, 6.6],
			"faces": {
				"north": {"uv": [6, 3, 8, 4], "texture": "#2"},
				"east": {"uv": [7, 4, 9, 5], "texture": "#2"},
				"south": {"uv": [6, 7, 8, 8], "texture": "#2"},
				"west": {"uv": [8, 4, 10, 5], "texture": "#2"},
				"up": {"uv": [7, 5, 9, 7], "texture": "#2"},
				"down": {"uv": [8, 5, 10, 7], "texture": "#2"}
			}
		}
	],
	"display": {
		"thirdperson_righthand": {
			"translation": [0, -0.75, 0.75]
		},
		"thirdperson_lefthand": {
			"translation": [0, -1.25, 0.75]
		},
		"firstperson_righthand": {
			"translation": [0, -2.5, 0]
		},
		"firstperson_lefthand": {
			"translation": [0, -2, 0]
		},
		"ground": {
			"rotation": [-45, 0, 0],
			"translation": [0, 3.25, 0]
		},
		"gui": {
			"rotation": [0, -90, 0],
			"translation": [0.5, -0.75, 0],
			"scale": [0.68, 0.68, 0.68]
		}
	}
}