{
	"credit": "Made with Blockbench",
	"textures": {
		"0": "block/stripped_spruce_log",
		"1": "block/brown_glazed_terracotta",
		"particle": "block/stripped_spruce_log"
	},
	"elements": [
		{
			"from": [7.5, 4, 7.5],
			"to": [8.5, 27, 8.5],
			"rotation": {"angle": 0, "axis": "y", "origin": [15.5, 7, 15.5]},
			"faces": {
				"north": {"uv": [4, 0, 5, 16], "texture": "#0"},
				"east": {"uv": [12, 0, 13, 16], "texture": "#0"},
				"south": {"uv": [6, 0, 7, 16], "texture": "#0"},
				"west": {"uv": [9, 0, 10, 16], "texture": "#0"},
				"up": {"uv": [0, 0, 1, 1], "texture": "#0"},
				"down": {"uv": [0, 0, 1, 1], "texture": "#0"}
			}
		},
		{
			"from": [6.5, 10, 6.5],
			"to": [9.5, 10.5, 9.5],
			"rotation": {"angle": 0, "axis": "y", "origin": [15.5, 10, 15.5]},
			"faces": {
				"north": {"uv": [9, 13, 12, 13.5], "texture": "#1"},
				"east": {"uv": [3, 12, 6, 12.5], "texture": "#1"},
				"south": {"uv": [13, 12, 16, 12.5], "texture": "#1"},
				"west": {"uv": [12, 0, 15, 0.5], "texture": "#1"},
				"up": {"uv": [13, 0, 16, 3], "texture": "#1"},
				"down": {"uv": [12, 13, 15, 16], "texture": "#1"}
			}
		},
		{
			"from": [7.75, 15, 9],
			"to": [8.25, 18, 9.5],
			"rotation": {"angle": 22.5, "axis": "x", "origin": [15.5, 16, 1.5]},
			"faces": {
				"north": {"uv": [0, 0, 0.5, 3], "rotation": 180, "texture": "#0"},
				"east": {"uv": [14, 8, 14.5, 11], "rotation": 180, "texture": "#0"},
				"south": {"uv": [0, 0, 0.5, 3], "rotation": 180, "texture": "#0"},
				"west": {"uv": [5, 2, 5.5, 5], "rotation": 180, "texture": "#0"},
				"up": {"uv": [0, 0, 0.5, 0.5], "texture": "#0"},
				"down": {"uv": [0, 0, 0.5, 0.5], "texture": "#0"}
			}
		}
	],
	"display": {
		"thirdperson_righthand": {
			"translation": [0, -1.75, 0.75]
		},
		"thirdperson_lefthand": {
			"translation": [0, -1.75, 1.25]
		},
		"firstperson_righthand": {
			"translation": [0, -2.75, 0]
		},
		"firstperson_lefthand": {
			"translation": [0, -4.5, 0]
		},
		"ground": {
			"rotation": [-45, 0, 0],
			"translation": [0, 5, 0]
		},
		"gui": {
			"rotation": [0, 25, -45],
			"translation": [-3.25, -4.5, 0],
			"scale": [0.74, 0.74, 0.74]
		}
	}
}