{
	"credit": "Made with Blockbench",
	"textures": {
		"0": "block/oak_log",
		"2": "block/composter_side",
		"3": "block/brown_glazed_terracotta",
		"particle": "block/oak_log"
	},
	"elements": [
		{
			"name": "handle",
			"from": [7.5, -5.25, 7.75],
			"to": [8.5, 5.75, 8.75],
			"rotation": {"angle": 0, "axis": "y", "origin": [15.5, 2.75, 15.75]},
			"faces": {
				"north": {"uv": [0, 0, 1, 11], "texture": "#0"},
				"east": {"uv": [0, 0, 1, 11], "texture": "#0"},
				"south": {"uv": [0, 0, 1, 11], "texture": "#0"},
				"west": {"uv": [0, 0, 1, 11], "texture": "#0"},
				"up": {"uv": [0, 0, 1, 1], "texture": "#0"},
				"down": {"uv": [0, 0, 1, 1], "texture": "#0"}
			}
		},
		{
			"name": "handle",
			"from": [7.75, 5.75, 8],
			"to": [8.25, 30.75, 8.5],
			"rotation": {"angle": 0, "axis": "y", "origin": [15.5, 13.75, 15.75]},
			"faces": {
				"north": {"uv": [0, 0, 0.5, 16], "texture": "#2"},
				"east": {"uv": [0, 0, 0.5, 16], "texture": "#2"},
				"south": {"uv": [0, 0, 0.5, 16], "texture": "#2"},
				"west": {"uv": [0, 0, 0.5, 16], "texture": "#2"},
				"up": {"uv": [0, 0, 0.5, 0.5], "texture": "#2"},
				"down": {"uv": [0, 0, 0.5, 0.5], "texture": "#2"}
			}
		},
		{
			"name": "reel",
			"from": [7.5, 0.75, 3.75],
			"to": [8.5, 4.75, 7.75],
			"rotation": {"angle": 0, "axis": "y", "origin": [15.5, 5.75, 14.75]},
			"faces": {
				"north": {"uv": [0, 0, 1, 4], "texture": "#2"},
				"east": {"uv": [5, 0, 9, 1], "texture": "#2"},
				"south": {"uv": [0, 0, 1, 4], "texture": "#2"},
				"west": {"uv": [0, 0, 4, 4], "texture": "#2"},
				"up": {"uv": [0, 0, 1, 4], "texture": "#2"},
				"down": {"uv": [0, 0, 1, 4], "texture": "#2"}
			}
		},
		{
			"name": "reel",
			"from": [8.5, 0.5, 3.5],
			"to": [9.5, 5, 8],
			"rotation": {"angle": 0, "axis": "y", "origin": [16.5, 5.75, 14.75]},
			"faces": {
				"north": {"uv": [0, 0, 1, 4.5], "texture": "#3"},
				"east": {"uv": [1, 9, 5.5, 13.5], "texture": "#3"},
				"south": {"uv": [0, 0, 1, 4.5], "texture": "#3"},
				"west": {"uv": [0, 0, 4.5, 4.5], "texture": "#3"},
				"up": {"uv": [0, 0, 1, 4.5], "texture": "#3"},
				"down": {"uv": [0, 0, 1, 4.5], "texture": "#3"}
			}
		},
		{
			"name": "reel",
			"from": [6.5, 0.5, 3.5],
			"to": [7.5, 5, 8],
			"rotation": {"angle": 0, "axis": "y", "origin": [14.5, 5.75, 14.75]},
			"faces": {
				"north": {"uv": [0, 0, 1, 4.5], "texture": "#3"},
				"east": {"uv": [10, 11, 14.5, 15.5], "texture": "#3"},
				"south": {"uv": [0, 0, 1, 4.5], "texture": "#3"},
				"west": {"uv": [10, 10, 14.5, 14.5], "texture": "#3"},
				"up": {"uv": [0, 0, 1, 4.5], "texture": "#3"},
				"down": {"uv": [0, 0, 1, 4.5], "texture": "#3"}
			}
		}
	],
	"display": {
		"thirdperson_righthand": {
			"translation": [0, 5.5, 1.5],
			"scale": [0.67, 0.67, 0.67]
		},
		"thirdperson_lefthand": {
			"translation": [0, 5.5, 1.25],
			"scale": [0.67, 0.67, 0.67]
		},
		"ground": {
			"rotation": [-45, 0, 0],
			"translation": [0, 10.75, 0],
			"scale": [0.79, 0.79, 0.79]
		},
		"gui": {
			"rotation": [5, -131, 15],
			"translation": [-0.5, -1.75, 0],
			"scale": [0.35, 0.35, 0.35]
		}
	}
}