{
	"credit": "Made with Blockbench",
	"textures": {
		"0": "block/clay",
		"1": "block/redstone_ore"
	},
	"elements": [
		{
			"name": "Handle1",
			"from": [7.6, 7.8, 8.4],
			"to": [8.4, 8.6, 9.2],
			"faces": {
				"north": {"uv": [0, 0, 4.8, 12.8], "texture": "#0"},
				"east": {"uv": [0, 0, 4.8, 8.8], "texture": "#0"},
				"south": {"uv": [0, 0, 8.8, 6.8], "texture": "#0"},
				"west": {"uv": [0, 0, 5.8, 10.8], "texture": "#0"},
				"up": {"uv": [0, 0, 4.8, 7.8], "texture": "#0"},
				"down": {"uv": [0, 0, 9.8, 6.8], "texture": "#0"}
			}
		},
		{
			"name": "Handle2",
			"from": [7.7, 7.4, 8.5],
			"to": [8.3, 8.2, 9.1],
			"rotation": {"angle": 22.5, "axis": "x", "origin": [8, 8, 8]},
			"faces": {
				"north": {"uv": [0, 0, 4.6, 7.8], "texture": "#0"},
				"east": {"uv": [0, 0, 6.6, 9.8], "texture": "#0"},
				"south": {"uv": [0, 0, 7.6, 12.8], "texture": "#0"},
				"west": {"uv": [0, 0, 6.6, 7.8], "texture": "#0"},
				"up": {"uv": [0, 0, 7.6, 12.6], "texture": "#0"},
				"down": {"uv": [0, 0, 9.6, 12.6], "texture": "#0"}
			}
		},
		{
			"name": "Handle3",
			"from": [7.8, 6.3, 8.3],
			"to": [8.2, 7.3, 8.7],
			"faces": {
				"north": {"uv": [0, 0, 1.4, 3], "texture": "#0"},
				"east": {"uv": [0, 0, 2.4, 4], "texture": "#0"},
				"south": {"uv": [0, 0, 2.4, 6], "texture": "#0"},
				"west": {"uv": [0, 0, 1.4, 6], "texture": "#0"},
				"up": {"uv": [0, 0, 1.4, 3.4], "texture": "#0"},
				"down": {"uv": [0, 0, 1.4, 2.4], "texture": "#0"}
			}
		},
		{
			"name": "Handle4",
			"from": [7.7, 5.5, 7.5],
			"to": [8.3, 6.3, 8.1],
			"rotation": {"angle": -22.5, "axis": "x", "origin": [8, 8, 8]},
			"faces": {
				"north": {"uv": [0, 0, 12.6, 11.8], "texture": "#0"},
				"east": {"uv": [0, 0, 11.6, 12.8], "texture": "#0"},
				"south": {"uv": [0, 0, 5.6, 5.8], "texture": "#0"},
				"west": {"uv": [0, 0, 8.6, 6.8], "texture": "#0"},
				"up": {"uv": [15, 3, 15.6, 5.6], "texture": "#0"},
				"down": {"uv": [0, 0, 5.6, 8.6], "texture": "#0"}
			}
		},
		{
			"name": "Blade1",
			"from": [7.5, 8.5, 8.5],
			"to": [8.5, 9.3, 9.3],
			"rotation": {"angle": 22.5, "axis": "x", "origin": [8, 8, 8]},
			"faces": {
				"north": {"uv": [5, 5, 8, 7.8], "texture": "#1"},
				"east": {"uv": [7, 8, 10.8, 9.8], "texture": "#1"},
				"south": {"uv": [7, 9, 10, 12.8], "texture": "#1"},
				"west": {"uv": [5, 5, 7.8, 7.8], "texture": "#1"},
				"up": {"uv": [5, 4, 7, 6.8], "texture": "#1"},
				"down": {"uv": [4, 3, 7, 5.8], "texture": "#1"}
			}
		},
		{
			"name": "Blade2",
			"from": [7.7, 8.8, 9],
			"to": [8.3, 9.6, 9.6],
			"faces": {
				"north": {"uv": [5, 5, 7.6, 7.8], "texture": "#1"},
				"east": {"uv": [4, 5, 6.6, 6.8], "texture": "#1"},
				"south": {"uv": [6, 5, 7.6, 7.8], "texture": "#1"},
				"west": {"uv": [8, 8, 9.6, 10.8], "texture": "#1"},
				"up": {"uv": [10, 5, 12.6, 9.6], "texture": "#1"},
				"down": {"uv": [5, 5, 7.6, 7.6], "texture": "#1"}
			}
		},
		{
			"name": "Blade3",
			"from": [7.8, 8.9, 9.5],
			"to": [8.2, 9.5, 9.9],
			"rotation": {"angle": -22.5, "axis": "x", "origin": [8, 8, 8]},
			"faces": {
				"north": {"uv": [5, 5, 6.4, 6.6], "texture": "#1"},
				"east": {"uv": [8, 8, 9.4, 10.6], "texture": "#1"},
				"south": {"uv": [6, 5, 7.4, 7.6], "texture": "#1"},
				"west": {"uv": [5, 5, 6.4, 7.6], "texture": "#1"},
				"up": {"uv": [5, 5, 6.4, 7.4], "texture": "#1"},
				"down": {"uv": [10, 5, 11.4, 6.4], "texture": "#1"}
			}
		},
		{
			"name": "Blade4",
			"from": [7.9, 8.7, 10],
			"to": [8.1, 9.3, 10.2],
			"rotation": {"angle": -45, "axis": "x", "origin": [8, 8, 8]},
			"faces": {
				"north": {"uv": [6, 6, 6.2, 6.6], "texture": "#1"},
				"east": {"uv": [6, 5, 6.2, 5.6], "texture": "#1"},
				"south": {"uv": [6, 6, 6.2, 6.6], "texture": "#1"},
				"west": {"uv": [6, 6, 7.2, 6.6], "texture": "#1"},
				"up": {"uv": [5, 5, 6.2, 6.2], "texture": "#1"},
				"down": {"uv": [5, 6, 6.2, 5.2], "texture": "#1"}
			}
		}
	],
	"display": {
		"thirdperson_righthand": {
			"rotation": [-66, 0, 0],
			"translation": [0, -1.5, 0],
			"scale": [1.51, 1.51, 1.51]
		},
		"firstperson_righthand": {
			"rotation": [-58, 0, 0],
			"translation": [0.25, 2.5, 3],
			"scale": [1.24, 1.24, 1.24]
		},
		"firstperson_lefthand": {
			"rotation": [-54, 0, 0],
			"translation": [0, 3.25, 4],
			"scale": [1.26, 1.26, 1.26]
		},
		"ground": {
			"rotation": [-45, 0, 0],
			"scale": [1.65, 1.65, 1.65]
		},
		"gui": {
			"rotation": [0, 90, 0],
			"translation": [-1.5, 0, 0],
			"scale": [2.21, 2.21, 2.21]
		}
	}
}