{
	"credit": "Made with Blockbench",
	"textures": {
		"0": "block/dark_oak_log",
		"1": "block/redstone_ore",
		"2": "block/red_stained_glass"
	},
	"elements": [
		{
			"name": "Handle1",
			"from": [7.6, -3, 8],
			"to": [8.4, 21, 8.8],
			"faces": {
				"north": {"uv": [6, 0, 6.8, 11], "texture": "#0"},
				"east": {"uv": [12.8, 4, 13.8, 16], "texture": "#0"},
				"south": {"uv": [5.8, 0, 6.8, 11], "texture": "#0"},
				"west": {"uv": [0, 0, 0.8, 15], "texture": "#0"},
				"up": {"uv": [0, 0, 3.8, 3.8], "texture": "#0"},
				"down": {"uv": [0, 0, 3.8, 3.8], "texture": "#0"}
			}
		},
		{
			"name": "Handle2",
			"from": [7.6, 20.4, 8.8],
			"to": [8.4, 26.4, 9.6],
			"faces": {
				"north": {"uv": [1, 0, 1.8, 11], "texture": "#0"},
				"east": {"uv": [2, 3, 2.8, 14], "texture": "#0"},
				"south": {"uv": [13.8, 0, 14.8, 14], "texture": "#0"},
				"west": {"uv": [3, 2, 3.8, 14], "texture": "#0"},
				"up": {"uv": [0, 0, 3.8, 3.8], "texture": "#0"},
				"down": {"uv": [8, 4, 12.8, 8.8], "texture": "#0"}
			}
		},
		{
			"name": "Blade Guard",
			"from": [7.6, 26.4, 7],
			"to": [8.4, 29.4, 10],
			"faces": {
				"north": {"uv": [0, 0, 6.8, 12], "texture": "#1"},
				"east": {"uv": [5, 4, 8, 7], "texture": "#1"},
				"south": {"uv": [9, 8, 9.8, 10], "texture": "#1"},
				"west": {"uv": [10, 10, 13, 13], "texture": "#1"},
				"up": {"uv": [0, 0, 4.8, 13], "texture": "#1"},
				"down": {"uv": [6, 1, 10.8, 12], "texture": "#1"}
			}
		},
		{
			"name": "Blade1",
			"from": [7.9, 26.4, 2],
			"to": [8, 29.2, 7],
			"faces": {
				"north": {"uv": [0, 0, 6.1, 10.8], "texture": "#2"},
				"east": {"uv": [0, 0, 1, 0.8], "texture": "#2"},
				"south": {"uv": [0, 0, 7.1, 10.8], "texture": "#2"},
				"west": {"uv": [0, 0, 1, 0.8], "texture": "#2"},
				"up": {"uv": [0, 0, 8.1, 11], "texture": "#2"},
				"down": {"uv": [0, 0, 9.1, 11], "texture": "#2"}
			}
		},
		{
			"name": "Blade2",
			"from": [7.9, 27.4, 5.5],
			"to": [8, 29.8, 10.5],
			"rotation": {"angle": -22.5, "axis": "x", "origin": [8, 8, 8]},
			"faces": {
				"north": {"uv": [0, 0, 6.1, 9.4], "texture": "#2"},
				"east": {"uv": [0, 0, 1, 1.4], "texture": "#2"},
				"south": {"uv": [0, 0, 11.1, 12.4], "texture": "#2"},
				"west": {"uv": [0, 0, 1, 0.8], "texture": "#2"},
				"up": {"uv": [0, 0, 9.1, 12], "texture": "#2"},
				"down": {"uv": [0, 0, 8.1, 11], "texture": "#2"}
			}
		},
		{
			"name": "Blade3",
			"from": [7.9, 26.6, 8.9],
			"to": [8, 28.4, 13.9],
			"rotation": {"angle": -45, "axis": "x", "origin": [8, 8, 8]},
			"faces": {
				"north": {"uv": [0, 0, 8.1, 8.8], "texture": "#2"},
				"east": {"uv": [0, 0, 1, 0.8], "texture": "#2"},
				"south": {"uv": [0, 0, 9.1, 8.8], "texture": "#2"},
				"west": {"uv": [0, 0, 1, 0.8], "texture": "#2"},
				"up": {"uv": [0, 0, 5.1, 13], "texture": "#2"},
				"down": {"uv": [0, 0, 7.1, 13], "texture": "#2"}
			}
		},
		{
			"name": "Blade4",
			"from": [7.9, 13.9, -10.1],
			"to": [8, 16.7, -8.9],
			"rotation": {"angle": 22.5, "axis": "x", "origin": [8, 8, 8]},
			"faces": {
				"north": {"uv": [0, 0, 7.1, 10.8], "texture": "#2"},
				"east": {"uv": [0, 8, 1.2, 8.8], "texture": "#2"},
				"south": {"uv": [0, 0, 4.1, 7.8], "texture": "#2"},
				"west": {"uv": [0, 0, 1, 0.8], "texture": "#2"},
				"up": {"uv": [0, 0, 7.1, 6.2], "texture": "#2"},
				"down": {"uv": [0, 0, 8.1, 12.2], "texture": "#2"}
			}
		},
		{
			"name": "Blade5",
			"from": [7.9, 18.5, -6.1],
			"to": [8, 20.6, -5.3],
			"faces": {
				"north": {"uv": [0, 0, 4.1, 8.1], "texture": "#2"},
				"east": {"uv": [0, 0, 0.8, 1.1], "texture": "#2"},
				"south": {"uv": [0, 0, 8.1, 12.1], "texture": "#2"},
				"west": {"uv": [0, 0, 1, 0.8], "texture": "#2"},
				"up": {"uv": [0, 0, 7.1, 11.8], "texture": "#2"},
				"down": {"uv": [0, 0, 8.1, 10.8], "texture": "#2"}
			}
		}
	],
	"display": {
		"thirdperson_righthand": {
			"translation": [0, -4.75, 1],
			"scale": [1.1, 1.1, 1.1]
		},
		"thirdperson_lefthand": {
			"translation": [0, 0, 1],
			"scale": [1.1, 1.1, 1.1]
		},
		"firstperson_righthand": {
			"translation": [3, -6, 0],
			"scale": [1.1, 1.1, 1.1]
		},
		"firstperson_lefthand": {
			"translation": [1, -18, 0],
			"scale": [1.3, 1.3, 1.3]
		},
		"ground": {
			"rotation": [-45, 0, 0],
			"translation": [0, 4, 0],
			"scale": [0.88, 0.88, 0.88]
		},
		"gui": {
			"rotation": [0, 90, 0],
			"translation": [0.75, -2.75, 0],
			"scale": [0.43, 0.43, 0.43]
		},
		"fixed": {
			"scale": [1.1, 1.1, 1.1]
		}
	}
}