{
	"credit": "Made with Blockbench",
	"textures": {
		"0": "block/lapis_block",
		"1": "block/lapis_ore",
		"2": "block/diamond_block"
	},
	"elements": [
		{
			"name": "Spear1",
			"from": [7.7, -6, 8.4],
			"to": [8.3, 20, 9],
			"faces": {
				"north": {"uv": [0, 0, 1.6, 15], "texture": "#0"},
				"east": {"uv": [9, 0, 12.6, 16], "texture": "#0"},
				"south": {"uv": [2, 0, 4.6, 16], "texture": "#0"},
				"west": {"uv": [8, 0, 11.6, 16], "texture": "#0"},
				"up": {"uv": [0, 0, 4.6, 5.6], "texture": "#0"},
				"down": {"uv": [0, 0, 4.6, 4.6], "texture": "#0"}
			}
		},
		{
			"name": "Spear 2",
			"from": [7.6, -3, 8.3],
			"to": [8.4, 0, 9.1],
			"faces": {
				"north": {"uv": [9, 9, 10, 11], "texture": "#1"},
				"east": {"uv": [14, 9, 14.8, 12], "texture": "#1"},
				"south": {"uv": [5, 13, 6.8, 15], "texture": "#1"},
				"west": {"uv": [13, 9, 14.8, 11], "texture": "#1"},
				"up": {"uv": [9, 10, 13.8, 14.8], "texture": "#1"},
				"down": {"uv": [0, 0, 4.8, 4.8], "texture": "#1"}
			}
		},
		{
			"name": "Spear3",
			"from": [7.6, 18, 8.3],
			"to": [8.4, 19, 9.1],
			"faces": {
				"north": {"uv": [8, 12, 10.8, 14], "texture": "#1"},
				"east": {"uv": [8, 8, 10.8, 11], "texture": "#1"},
				"south": {"uv": [9, 8, 10.8, 10], "texture": "#1"},
				"west": {"uv": [8, 9, 10.8, 11], "texture": "#1"},
				"up": {"uv": [5, 5, 11.8, 13.8], "texture": "#1"},
				"down": {"uv": [3, 4, 11.8, 12.8], "texture": "#1"}
			}
		},
		{
			"name": "Blade1",
			"from": [7.9, 20, 8.2],
			"to": [8.1, 23, 9.2],
			"faces": {
				"north": {"uv": [0, 0, 0.2, 3], "texture": "#2"},
				"east": {"uv": [10, 7, 15, 16], "texture": "#2"},
				"south": {"uv": [7, 4, 12.2, 14], "texture": "#2"},
				"west": {"uv": [7, 3, 15, 15], "texture": "#2"},
				"up": {"uv": [0, 0, 3.2, 8], "texture": "#2"},
				"down": {"uv": [0, 0, 2.2, 9], "texture": "#2"}
			}
		},
		{
			"name": "Blade2",
			"from": [7.9, 17.5, 3.5],
			"to": [8.1, 19.5, 4.1],
			"rotation": {"angle": 22.5, "axis": "x", "origin": [8, 8, 8]},
			"faces": {
				"north": {"uv": [0, 0, 1.2, 10], "texture": "#2"},
				"east": {"uv": [0, 0, 5.6, 14], "texture": "#2"},
				"south": {"uv": [0, 0, 2.2, 12], "texture": "#2"},
				"west": {"uv": [13, 3, 15.6, 11], "texture": "#2"},
				"up": {"uv": [1, 2, 3.2, 6.6], "texture": "#2"},
				"down": {"uv": [4, 6, 9.2, 12.6], "texture": "#2"}
			}
		},
		{
			"name": "Blade3",
			"from": [7.9, 17, 13.2],
			"to": [8.1, 19, 13.8],
			"rotation": {"angle": -22.5, "axis": "x", "origin": [8, 8, 8]},
			"faces": {
				"north": {"uv": [3, 5, 6.2, 14], "texture": "#2"},
				"east": {"uv": [7, 4, 10.6, 13], "texture": "#2"},
				"south": {"uv": [5, 5, 8.2, 14], "texture": "#2"},
				"west": {"uv": [0, 1, 3.6, 8], "texture": "#2"},
				"up": {"uv": [4, 3, 7.2, 10.6], "texture": "#2"},
				"down": {"uv": [4, 1, 6.2, 8.6], "texture": "#2"}
			}
		},
		{
			"name": "4",
			"from": [7.9, 23, 8.4],
			"to": [8.1, 24, 9],
			"faces": {
				"north": {"uv": [3, 3, 7.2, 11], "texture": "#2"},
				"east": {"uv": [10, 1, 14.6, 7], "texture": "#2"},
				"south": {"uv": [7, 1, 10.2, 10], "texture": "#2"},
				"west": {"uv": [10, 2, 13.6, 9], "texture": "#2"},
				"up": {"uv": [3, 4, 8.2, 10.6], "texture": "#2"},
				"down": {"uv": [4, 3, 9.2, 8.6], "texture": "#2"}
			}
		},
		{
			"name": "Blade5",
			"from": [7.9, 24, 8.5],
			"to": [8.1, 24.8, 8.9],
			"faces": {
				"north": {"uv": [5, 8, 8.2, 13.8], "texture": "#2"},
				"east": {"uv": [6, 9, 10.4, 13.8], "texture": "#2"},
				"south": {"uv": [6, 4, 10.2, 12.8], "texture": "#2"},
				"west": {"uv": [5, 8, 10.4, 11.8], "texture": "#2"},
				"up": {"uv": [4, 5, 10.2, 11.4], "texture": "#2"},
				"down": {"uv": [3, 5, 11.2, 11.4], "texture": "#2"}
			}
		}
	],
	"display": {
		"thirdperson_righthand": {
			"scale": [1.1, 1.1, 1.1]
		},
		"firstperson_righthand": {
			"translation": [3.11, 0, 0]
		},
		"firstperson_lefthand": {
			"translation": [3.61, 0, 0]
		},
		"ground": {
			"rotation": [-45, 0, 0],
			"translation": [0, 9.25, 0]
		},
		"gui": {
			"rotation": [0, 90, 0],
			"translation": [-0.25, -0.75, 0],
			"scale": [0.5, 0.5, 0.5]
		}
	}
}