{
	"credit": "Made with Blockbench",
	"textures": {
		"0": "block/coal_block",
		"1": "block/iron_bars",
		"2": "block/anvil"
	},
	"elements": [
		{
			"name": "Handle",
			"from": [7.5, 2.4, 8.5],
			"to": [8.5, 8.4, 9.5],
			"faces": {
				"north": {"uv": [0, 0, 5, 13], "texture": "#0"},
				"east": {"uv": [4, 1, 11, 14], "texture": "#0"},
				"south": {"uv": [7, 3, 12, 13], "texture": "#0"},
				"west": {"uv": [6, 4, 13, 15], "texture": "#0"},
				"up": {"uv": [0, 0, 4, 3], "texture": "#0"},
				"down": {"uv": [0, 0, 7, 7], "texture": "#0"}
			}
		},
		{
			"name": "Guard1",
			"from": [7.2, 8.3, 7.5],
			"to": [8.8, 8.5, 10.5],
			"faces": {
				"north": {"uv": [3, 2, 8.6, 3.2], "texture": "#1"},
				"east": {"uv": [3, 2, 8, 3.2], "texture": "#1"},
				"south": {"uv": [3, 2, 8.6, 3.2], "texture": "#1"},
				"west": {"uv": [3, 2, 9, 3.2], "texture": "#1"},
				"up": {"uv": [2, 1, 3.6, 7], "texture": "#1"},
				"down": {"uv": [2, 2, 3.6, 7], "texture": "#1"}
			}
		},
		{
			"name": "Blade1",
			"from": [7.9, 8.4, 8.3],
			"to": [8.1, 14.4, 9.7],
			"faces": {
				"north": {"uv": [0, 0, 3.2, 9], "texture": "#2"},
				"east": {"uv": [0, 0, 7.4, 13], "texture": "#2"},
				"south": {"uv": [0, 0, 4.2, 12], "texture": "#2"},
				"west": {"uv": [0, 0, 8.4, 12], "texture": "#2"},
				"up": {"uv": [0, 0, 4.2, 6.4], "texture": "#2"},
				"down": {"uv": [0, 0, 6.2, 10.4], "texture": "#2"}
			}
		},
		{
			"name": "Blade2",
			"from": [7.9, 14.4, 8.7],
			"to": [8.1, 15.4, 9.7],
			"faces": {
				"north": {"uv": [0, 0, 3.2, 9], "texture": "#2"},
				"east": {"uv": [0, 0, 7.4, 13], "texture": "#2"},
				"south": {"uv": [0, 0, 4.2, 12], "texture": "#2"},
				"west": {"uv": [0, 0, 8.4, 12], "texture": "#2"},
				"up": {"uv": [0, 0, 4.2, 6.4], "texture": "#2"},
				"down": {"uv": [0, 0, 6.2, 10.4], "texture": "#2"}
			}
		},
		{
			"name": "Blade3",
			"from": [7.9, 15.4, 9.1],
			"to": [8.1, 16.3, 9.7],
			"faces": {
				"north": {"uv": [0, 0, 3.2, 9], "texture": "#2"},
				"east": {"uv": [0, 0, 7.4, 13], "texture": "#2"},
				"south": {"uv": [0, 0, 4.2, 12], "texture": "#2"},
				"west": {"uv": [0, 0, 8.4, 12], "texture": "#2"},
				"up": {"uv": [0, 0, 4.2, 6.4], "texture": "#2"},
				"down": {"uv": [0, 0, 6.2, 10.4], "texture": "#2"}
			}
		},
		{
			"name": "Blade4",
			"from": [7.9, 14, 5.8],
			"to": [8.1, 16.6, 6.2],
			"rotation": {"angle": 22.5, "axis": "x", "origin": [8, 8, 8]},
			"faces": {
				"north": {"uv": [0, 0, 3.2, 9], "texture": "#2"},
				"east": {"uv": [0, 0, 7.4, 13], "texture": "#2"},
				"south": {"uv": [0, 0, 4.2, 12], "texture": "#2"},
				"west": {"uv": [0, 0, 8.4, 12], "texture": "#2"},
				"up": {"uv": [0, 0, 4.2, 6.4], "texture": "#2"},
				"down": {"uv": [0, 0, 6.2, 10.4], "texture": "#2"}
			}
		},
		{
			"name": "Blade5",
			"from": [7.9, 16.2, 9.3],
			"to": [8.1, 16.8, 9.7],
			"faces": {
				"north": {"uv": [0, 0, 3.2, 9], "texture": "#2"},
				"east": {"uv": [0, 0, 7.4, 13], "texture": "#2"},
				"south": {"uv": [0, 0, 4.2, 12], "texture": "#2"},
				"west": {"uv": [0, 0, 8.4, 12], "texture": "#2"},
				"up": {"uv": [0, 0, 4.2, 6.4], "texture": "#2"},
				"down": {"uv": [0, 0, 6.2, 10.4], "texture": "#2"}
			}
		}
	],
	"display": {
		"ground": {
			"rotation": [-45, 0, 0]
		},
		"gui": {
			"rotation": [0, -90, 0],
			"translation": [1, -2, 0]
		}
	}
}