{
	"credit": "Made with Blockbench",
	"textures": {
		"0": "block/cobblestone",
		"1": "block/green_terracotta",
		"2": "block/iron_door_bottom"
	},
	"elements": [
		{
			"name": "Handle",
			"from": [7.8, 3, 7.8],
			"to": [8.2, 9, 8.2],
			"faces": {
				"north": {"uv": [0, 0, 0.4, 10], "texture": "#0"},
				"east": {"uv": [2, 0, 3, 12], "texture": "#0"},
				"south": {"uv": [3, 1, 3.4, 12], "texture": "#0"},
				"west": {"uv": [9, 1, 10, 13], "texture": "#0"},
				"up": {"uv": [6, 4, 10.4, 8.4], "texture": "#0"},
				"down": {"uv": [3, 2, 7.4, 7.4], "texture": "#0"}
			}
		},
		{
			"name": "Guard1",
			"from": [7, 9, 7],
			"to": [9, 9.4, 9],
			"faces": {
				"north": {"uv": [0, 0, 6, 3.4], "texture": "#1"},
				"east": {"uv": [7, 8, 13, 11.4], "texture": "#1"},
				"south": {"uv": [5, 4, 14, 8.4], "texture": "#1"},
				"west": {"uv": [1, 6, 10, 9.4], "texture": "#1"},
				"up": {"uv": [0, 0, 6, 6], "texture": "#1"},
				"down": {"uv": [5, 5, 12, 12], "texture": "#1"}
			}
		},
		{
			"name": "Guard2",
			"from": [7.2, 9.4, 6.6],
			"to": [8.8, 9.6, 8.2],
			"rotation": {"angle": -45, "axis": "x", "origin": [8, 8, 8]},
			"faces": {
				"north": {"uv": [2, 3, 8.6, 5.2], "texture": "#1"},
				"east": {"uv": [2, 3, 11.6, 6.2], "texture": "#1"},
				"south": {"uv": [1, 4, 8.6, 7.2], "texture": "#1"},
				"west": {"uv": [5, 8, 11.6, 11.2], "texture": "#1"},
				"up": {"uv": [0, 0, 5.6, 5.6], "texture": "#1"},
				"down": {"uv": [0, 0, 5.6, 5.6], "texture": "#1"}
			}
		},
		{
			"name": "Guard3",
			"from": [7.2, 9.4, 7.8],
			"to": [8.8, 9.6, 9.4],
			"rotation": {"angle": 45, "axis": "x", "origin": [8, 8, 8]},
			"faces": {
				"north": {"uv": [4, 3, 10.6, 6.2], "texture": "#1"},
				"east": {"uv": [4, 5, 11.6, 9.2], "texture": "#1"},
				"south": {"uv": [0, 9, 8.6, 13.2], "texture": "#1"},
				"west": {"uv": [6, 6, 14.6, 9.2], "texture": "#1"},
				"up": {"uv": [0, 0, 4.6, 4.6], "texture": "#1"},
				"down": {"uv": [0, 0, 5.6, 5.6], "texture": "#1"}
			}
		},
		{
			"name": "Blade1",
			"from": [7.9, 9, 7.9],
			"to": [8.1, 26, 8.1],
			"faces": {
				"north": {"uv": [5, 0, 7.2, 15], "texture": "#2"},
				"east": {"uv": [6, 0, 9.2, 15], "texture": "#2"},
				"south": {"uv": [0, 0, 0.2, 11], "texture": "#2"},
				"west": {"uv": [3, 0, 6.2, 15], "texture": "#2"},
				"up": {"uv": [7, 1, 8.2, 2.2], "texture": "#2"},
				"down": {"uv": [3, 2, 9.2, 7.2], "texture": "#2"}
			}
		}
	],
	"display": {
		"thirdperson_righthand": {
			"translation": [0, 0, 1.5],
			"scale": [1.1, 1.1, 1.1]
		},
		"thirdperson_lefthand": {
			"translation": [0, 0, 1.75],
			"scale": [1.1, 1.1, 1.1]
		},
		"firstperson_righthand": {
			"scale": [1.1, 1.1, 1.1]
		},
		"firstperson_lefthand": {
			"translation": [-1.89, 0, 0],
			"scale": [1.3, 1.3, 1.3]
		},
		"ground": {
			"rotation": [45, 0, 0],
			"translation": [0, 2.75, 0],
			"scale": [1.1, 1.1, 1.1]
		},
		"gui": {
			"rotation": [0, 90, 0],
			"translation": [0, -4, 0],
			"scale": [0.7, 0.7, 0.7]
		},
		"fixed": {
			"scale": [1.1, 1.1, 1.1]
		}
	}
}