{
	"credit": "Made with Blockbench",
	"textures": {
		"0": "block/anvil",
		"2": "block/lime_stained_glass",
		"4": "block/black_glazed_terracotta",
		"particle": "block/anvil"
	},
	"elements": [
		{
			"name": "base",
			"from": [0, 0, 7.5],
			"to": [16, 16, 8.5],
			"rotation": {"angle": 0, "axis": "y", "origin": [23, 8, 15.5]},
			"faces": {
				"north": {"uv": [10, 10, 16, 16], "texture": "#4"},
				"east": {"uv": [15, 8, 16, 16], "texture": "#4"},
				"south": {"uv": [10, 10, 16, 16], "texture": "#4"},
				"west": {"uv": [15, 0, 16, 5], "texture": "#4"},
				"up": {"uv": [7, 15, 16, 16], "texture": "#4"},
				"down": {"uv": [0, 15, 16, 16], "texture": "#4"}
			}
		},
		{
			"name": "main_vertical",
			"from": [7, -0.75, 6.75],
			"to": [9, 17.25, 7.75],
			"rotation": {"angle": 0, "axis": "y", "origin": [30, 7.25, 14.75]},
			"faces": {
				"north": {"uv": [0, 0, 2, 16], "texture": "#0"},
				"east": {"uv": [0, 0, 1, 16], "texture": "#0"},
				"south": {"uv": [0, 0, 2, 16], "texture": "#0"},
				"west": {"uv": [0, 0, 1, 16], "texture": "#0"},
				"up": {"uv": [0, 0, 2, 1], "texture": "#0"},
				"down": {"uv": [0, 0, 2, 1], "texture": "#0"}
			}
		},
		{
			"name": "spike_top",
			"from": [7.5, 17.25, 7],
			"to": [8.5, 20.25, 7.75],
			"rotation": {"angle": 0, "axis": "y", "origin": [30.5, 25.25, 14.75]},
			"faces": {
				"north": {"uv": [0, 0, 1, 3], "texture": "#2"},
				"east": {"uv": [0, 0, 0.75, 3], "texture": "#2"},
				"south": {"uv": [0, 0, 1, 3], "texture": "#2"},
				"west": {"uv": [0, 0, 0.75, 3], "texture": "#2"},
				"up": {"uv": [0, 0, 1, 0.75], "texture": "#2"},
				"down": {"uv": [0, 0, 1, 0.75], "texture": "#2"}
			}
		},
		{
			"name": "spike_bottom",
			"from": [7.5, -3.75, 7],
			"to": [8.5, -0.75, 7.75],
			"rotation": {"angle": 0, "axis": "y", "origin": [30.5, 4.25, 14.75]},
			"faces": {
				"north": {"uv": [0, 0, 1, 3], "texture": "#2"},
				"east": {"uv": [0, 0, 0.75, 3], "texture": "#2"},
				"south": {"uv": [0, 0, 1, 3], "texture": "#2"},
				"west": {"uv": [0, 0, 0.75, 3], "texture": "#2"},
				"up": {"uv": [0, 0, 1, 0.75], "texture": "#2"},
				"down": {"uv": [0, 0, 1, 0.75], "texture": "#2"}
			}
		},
		{
			"name": "spike_side1",
			"from": [17, 8, 7],
			"to": [19.25, 9, 7.75],
			"rotation": {"angle": 0, "axis": "y", "origin": [40, 16, 14.75]},
			"faces": {
				"north": {"uv": [0, 0, 2.25, 1], "texture": "#2"},
				"east": {"uv": [0, 0, 0.75, 1], "texture": "#2"},
				"south": {"uv": [0, 0, 2.25, 1], "texture": "#2"},
				"west": {"uv": [0, 0, 0.75, 1], "texture": "#2"},
				"up": {"uv": [0, 0, 2.25, 0.75], "texture": "#2"},
				"down": {"uv": [0, 0, 2.25, 0.75], "texture": "#2"}
			}
		},
		{
			"name": "spike_side2",
			"from": [-3.25, 8, 7],
			"to": [-1, 9, 7.75],
			"rotation": {"angle": 0, "axis": "y", "origin": [19.75, 16, 14.75]},
			"faces": {
				"north": {"uv": [0, 0, 2.25, 1], "texture": "#2"},
				"east": {"uv": [0, 0, 0.75, 1], "texture": "#2"},
				"south": {"uv": [0, 0, 2.25, 1], "texture": "#2"},
				"west": {"uv": [0, 0, 0.75, 1], "texture": "#2"},
				"up": {"uv": [0, 0, 2.25, 0.75], "texture": "#2"},
				"down": {"uv": [0, 0, 2.25, 0.75], "texture": "#2"}
			}
		},
		{
			"name": "spike_side3",
			"from": [7, 8, 5],
			"to": [8.25, 9, 6.75],
			"rotation": {"angle": 0, "axis": "y", "origin": [30, 16, 13.75]},
			"faces": {
				"north": {"uv": [0, 0, 1.25, 1], "texture": "#2"},
				"east": {"uv": [0, 0, 1.75, 1], "texture": "#2"},
				"south": {"uv": [0, 0, 1.25, 1], "texture": "#2"},
				"west": {"uv": [0, 0, 1.75, 1], "texture": "#2"},
				"up": {"uv": [0, 0, 1.25, 1.75], "texture": "#2"},
				"down": {"uv": [0, 0, 1.25, 1.75], "texture": "#2"}
			}
		},
		{
			"name": "main_horizantal",
			"from": [-1, 7.5, 7],
			"to": [17, 9.5, 8],
			"rotation": {"angle": 0, "axis": "z", "origin": [38, 15.5, 15]},
			"faces": {
				"north": {"uv": [0, 0, 16, 2], "texture": "#0"},
				"east": {"uv": [0, 0, 1, 2], "texture": "#0"},
				"south": {"uv": [0, 0, 16, 2], "texture": "#0"},
				"west": {"uv": [0, 0, 1, 2], "texture": "#0"},
				"up": {"uv": [0, 0, 16, 1], "texture": "#0"},
				"down": {"uv": [0, 0, 16, 1], "texture": "#0"}
			}
		}
	],
	"display": {
		"thirdperson_righthand": {
			"rotation": [51, -61, 0],
			"translation": [2.5, -0.25, 0.25]
		},
		"thirdperson_lefthand": {
			"rotation": [45, -62, 0],
			"translation": [2.5, -2.5, 0]
		},
		"firstperson_righthand": {
			"rotation": [90, -9, -13],
			"translation": [6.25, 0, 0]
		},
		"firstperson_lefthand": {
			"rotation": [90, -19, -9],
			"translation": [5.25, 0, 0]
		},
		"ground": {
			"rotation": [45, 2, 0]
		},
		"gui": {
			"rotation": [0, -180, 0],
			"scale": [0.63, 0.63, 0.63]
		}
	}
}