{
	"credit": "Made with Blockbench",
	"textures": {
		"0": "block/cauldron_side",
		"1": "block/clay",
		"2": "block/glowstone"
	},
	"elements": [
		{
			"name": "Handle",
			"from": [7.5, -6, 8],
			"to": [8.5, 22, 9],
			"faces": {
				"north": {"uv": [1, 0, 4, 16], "texture": "#0"},
				"east": {"uv": [12, 0, 15, 16], "texture": "#0"},
				"south": {"uv": [2, 0, 5, 16], "texture": "#0"},
				"west": {"uv": [11, 0, 15, 15], "texture": "#0"},
				"up": {"uv": [8, 4, 12, 8], "texture": "#0"},
				"down": {"uv": [2, 4, 7, 9], "texture": "#0"}
			}
		},
		{
			"name": "SideBlade",
			"from": [7.9, 22, 7],
			"to": [8.1, 23, 10],
			"faces": {
				"north": {"uv": [0, 0, 3.2, 8], "texture": "#1"},
				"east": {"uv": [3, 6, 12, 9], "texture": "#1"},
				"south": {"uv": [3, 1, 7.2, 9], "texture": "#1"},
				"west": {"uv": [0, 0, 13, 5], "texture": "#1"},
				"up": {"uv": [0, 0, 4.2, 7], "texture": "#1"},
				"down": {"uv": [9, 1, 12.2, 9], "texture": "#1"}
			}
		},
		{
			"name": "Connecter",
			"from": [7.6, 22, 8.1],
			"to": [8.4, 22.7, 8.9],
			"faces": {
				"north": {"uv": [3, 4, 6.8, 7.8], "texture": "#2"},
				"east": {"uv": [2, 13, 4.8, 15.8], "texture": "#2"},
				"south": {"uv": [3, 3, 6.8, 7.8], "texture": "#2"},
				"west": {"uv": [9, 8, 12.8, 11.8], "texture": "#2"},
				"up": {"uv": [3, 3, 9.8, 8.8], "texture": "#2"},
				"down": {"uv": [0, 0, 0.8, 0.8], "texture": "#-1"}
			}
		},
		{
			"name": "Sideblade2",
			"from": [8, 17, -5],
			"to": [8.1, 18, -2],
			"rotation": {"angle": 45, "axis": "x", "origin": [8, 8, 8]},
			"faces": {
				"north": {"uv": [0, 0, 4.1, 8], "texture": "#1"},
				"east": {"uv": [0, 0, 10, 5], "texture": "#1"},
				"south": {"uv": [0, 0, 5.1, 11], "texture": "#1"},
				"west": {"uv": [0, 0, 10, 3], "texture": "#1"},
				"up": {"uv": [0, 0, 3.1, 9], "texture": "#1"},
				"down": {"uv": [0, 0, 3.1, 9], "texture": "#1"}
			}
		},
		{
			"name": "SideBlade3",
			"from": [7.9, 16.4, 18.8],
			"to": [8, 17.4, 21.8],
			"rotation": {"angle": -45, "axis": "x", "origin": [8, 8, 8]},
			"faces": {
				"north": {"uv": [0, 0, 3.1, 8], "texture": "#1"},
				"east": {"uv": [0, 0, 9, 3], "texture": "#1"},
				"south": {"uv": [0, 0, 3.1, 9], "texture": "#1"},
				"west": {"uv": [0, 0, 9, 4], "texture": "#1"},
				"up": {"uv": [0, 0, 3.1, 8], "texture": "#1"},
				"down": {"uv": [2, 0, 6.1, 8], "texture": "#1"}
			}
		},
		{
			"name": "MainBlade1",
			"from": [7.9, 22, 8],
			"to": [8.1, 27.8, 9],
			"faces": {
				"north": {"uv": [0, 0, 4.2, 10.8], "texture": "#1"},
				"east": {"uv": [0, 0, -3, 3.8], "texture": "#1"},
				"south": {"uv": [0, 0, 4.2, 10.8], "texture": "#1"},
				"west": {"uv": [0, 0, 5, 10.8], "texture": "#1"},
				"up": {"uv": [0, 0, 3.2, 11], "texture": "#1"},
				"down": {"uv": [0, 0, 5.2, 12], "texture": "#1"}
			}
		},
		{
			"name": "MainBlade2",
			"from": [7.9, 27.8, 8.1],
			"to": [8.1, 28.8, 8.9],
			"faces": {
				"north": {"uv": [0, 0, 4.2, 10], "texture": "#1"},
				"east": {"uv": [0, 0, 3.8, 10], "texture": "#1"},
				"south": {"uv": [0, 0, 4.2, 12], "texture": "#1"},
				"west": {"uv": [0, 0, 3.8, 7], "texture": "#1"},
				"up": {"uv": [0, 0, 4.2, 9.8], "texture": "#1"},
				"down": {"uv": [0, 0, 4.2, 12.8], "texture": "#1"}
			}
		},
		{
			"name": "MainBlade3",
			"from": [7.9, 28.8, 8.2],
			"to": [8.1, 29.6, 8.8],
			"faces": {
				"north": {"uv": [3, 5, 6.2, 11.8], "texture": "#1"},
				"east": {"uv": [4, 5, 7.6, 10.8], "texture": "#1"},
				"south": {"uv": [8, 3, 11.2, 7.8], "texture": "#1"},
				"west": {"uv": [1, 5, 4.6, 10.8], "texture": "#1"},
				"up": {"uv": [3, 3, 6.2, 7.6], "texture": "#1"},
				"down": {"uv": [6, 5, 10.2, 11.6], "texture": "#1"}
			}
		}
	],
	"display": {
		"thirdperson_righthand": {
			"translation": [0, -1.5, 0.5],
			"scale": [1.1, 1.1, 1.1]
		},
		"firstperson_righthand": {
			"translation": [3.36, 0, 0]
		},
		"firstperson_lefthand": {
			"translation": [-1.89, 0, 0]
		},
		"ground": {
			"rotation": [-45, 0, 0],
			"translation": [0, 5.75, 0],
			"scale": [0.72, 0.72, 0.72]
		},
		"gui": {
			"rotation": [0, 90, 0],
			"translation": [0, -1.75, 0],
			"scale": [0.39, 0.39, 0.39]
		}
	}
}