{
	"credit": "Made with Blockbench",
	"textures": {
		"0": "block/andesite",
		"1": "block/clay",
		"2": "item/broken_elytra",
		"3": "item/bone_meal",
		"4": "block/cobblestone",
		"particle": "item/broken_elytra"
	},
	"elements": [
		{
			"name": "Guard1",
			"from": [7.6, 8, 8.5],
			"to": [8.4, 9, 11.5],
			"faces": {
				"north": {"uv": [0, 0, 7.8, 5], "texture": "#0"},
				"east": {"uv": [0, 0, 10, 5], "texture": "#0"},
				"south": {"uv": [0, 0, 3.8, 4], "texture": "#0"},
				"west": {"uv": [0, 0, 9, 6], "texture": "#0"},
				"up": {"uv": [0, 0, 2.8, 5], "texture": "#0"},
				"down": {"uv": [0, 0, 3.8, 8], "texture": "#0"}
			}
		},
		{
			"name": "Guard2",
			"from": [7.7, 10, 8],
			"to": [8.3, 11, 9.8],
			"rotation": {"angle": 45, "axis": "x", "origin": [8, 8, 8]},
			"faces": {
				"north": {"uv": [0, 0, 4.6, 10], "texture": "#1"},
				"east": {"uv": [0, 0, 9.8, 6], "texture": "#1"},
				"south": {"uv": [0, 0, 3.6, 8], "texture": "#1"},
				"west": {"uv": [0, 0, 9.8, 7], "texture": "#1"},
				"up": {"uv": [0, 0, 5.6, 7.8], "texture": "#1"},
				"down": {"uv": [0, 0, 6.6, 8.8], "texture": "#1"}
			}
		},
		{
			"name": "Guard3",
			"from": [7.7, 7.2, 9],
			"to": [8.3, 8.2, 10.8],
			"rotation": {"angle": -45, "axis": "x", "origin": [8, 8, 8]},
			"faces": {
				"north": {"uv": [0, 0, 4.6, 7], "texture": "#1"},
				"east": {"uv": [0, 0, 10.8, 9], "texture": "#1"},
				"south": {"uv": [0, 0, 4.6, 8], "texture": "#1"},
				"west": {"uv": [0, 0, 9.8, 11], "texture": "#1"},
				"up": {"uv": [0, 0, 6.6, 8.8], "texture": "#1"},
				"down": {"uv": [0, 0, 7.6, 8.8], "texture": "#1"}
			}
		},
		{
			"name": "Guard4",
			"from": [7.6, 9, 9.6],
			"to": [8.4, 10, 10.4],
			"faces": {
				"north": {"uv": [0, 0, 3.8, 6], "texture": "#0"},
				"east": {"uv": [0, 0, 5.8, 9], "texture": "#0"},
				"south": {"uv": [0, 0, 6.8, 6], "texture": "#0"},
				"west": {"uv": [0, 0, 4.8, 7], "texture": "#0"},
				"up": {"uv": [0, 0, 5.8, 6.8], "texture": "#0"},
				"down": {"uv": [0, 0, 0.8, 0.8], "texture": "#missing"}
			}
		},
		{
			"name": "Blade1",
			"from": [7.9, 7.8, 9.2],
			"to": [8.1, 11.8, 11.2],
			"rotation": {"angle": -22.5, "axis": "x", "origin": [8, 8, 8]},
			"faces": {
				"north": {"uv": [4, 5, 6.2, 12], "texture": "#2"},
				"east": {"uv": [4, 4, 6, 10], "texture": "#2"},
				"south": {"uv": [6, 5, 5.2, 12], "texture": "#2"},
				"west": {"uv": [4, 3, 6, 10], "texture": "#2"},
				"up": {"uv": [4, 4, 5.2, 10], "texture": "#2"},
				"down": {"uv": [0, 0, 0.2, 2], "texture": "#missing"}
			}
		},
		{
			"name": "Blade2",
			"from": [7.9, 12, 7.6],
			"to": [8.1, 15, 9.2],
			"faces": {
				"north": {"uv": [6, 5, 5.2, 8], "texture": "#2"},
				"east": {"uv": [6, 3, 4.6, 11], "texture": "#2"},
				"south": {"uv": [5, 4, 6, 9], "texture": "#2"},
				"west": {"uv": [4, 3, 5.6, 11], "texture": "#2"},
				"up": {"uv": [5, 5, 5.2, 6.6], "texture": "#2"},
				"down": {"uv": [0, 0, 0.2, 1.6], "texture": "#missing"}
			}
		},
		{
			"name": "Blade3",
			"from": [7.9, 14.2, 5],
			"to": [8.1, 16.2, 6.2],
			"rotation": {"angle": 22.5, "axis": "x", "origin": [8, 8, 8]},
			"faces": {
				"north": {"uv": [5, 4, 5.2, 6], "texture": "#2"},
				"east": {"uv": [5, 3, 5.2, 9], "texture": "#2"},
				"south": {"uv": [3, 4, 5.2, 6], "texture": "#2"},
				"west": {"uv": [4, 5, 5.2, 7], "texture": "#2"},
				"up": {"uv": [5, 5, 5.2, 6.2], "texture": "#2"},
				"down": {"uv": [0, 0, 0.2, 1.2], "texture": "#missing"}
			}
		},
		{
			"name": "Blade4",
			"from": [7.9, 16.2, 5],
			"to": [8.1, 17.2, 5.8],
			"rotation": {"angle": 22.5, "axis": "x", "origin": [8, 8, 8]},
			"faces": {
				"north": {"uv": [5, 5, 5.2, 6], "texture": "#2"},
				"east": {"uv": [4, 4, 5.8, 7], "texture": "#2"},
				"south": {"uv": [5, 5, 5.2, 8], "texture": "#2"},
				"west": {"uv": [4, 5, 5.8, 8], "texture": "#2"},
				"up": {"uv": [4, 5, 5.2, 7.8], "texture": "#2"},
				"down": {"uv": [0, 0, 0.2, 0.8], "texture": "#missing"}
			}
		},
		{
			"name": "BLade5",
			"from": [7.9, 17.2, 5],
			"to": [8.1, 18.2, 5.4],
			"rotation": {"angle": 22.5, "axis": "x", "origin": [8, 8, 8]},
			"faces": {
				"north": {"uv": [4, 5, 4.2, 6], "texture": "#2"},
				"east": {"uv": [4, 4, 5.4, 7], "texture": "#2"},
				"south": {"uv": [4, 4, 5.2, 6], "texture": "#2"},
				"west": {"uv": [4, 5, 5.4, 8], "texture": "#2"},
				"up": {"uv": [5, 6, 5.2, 6.4], "texture": "#2"},
				"down": {"uv": [0, 0, 0.2, 0.4], "texture": "#missing"}
			}
		},
		{
			"name": "Patch1",
			"from": [7.9, 17.2, 9.1],
			"to": [8.1, 18.4, 9.5],
			"faces": {
				"north": {"uv": [5, 5, 5.2, 6.2], "texture": "#2"},
				"east": {"uv": [5, 5, 5.4, 6.2], "texture": "#2"},
				"south": {"uv": [5, 5, 5.2, 6.2], "texture": "#2"},
				"west": {"uv": [5, 4, 5.4, 5.2], "texture": "#2"},
				"up": {"uv": [5, 6, 5.2, 6.4], "texture": "#2"},
				"down": {"uv": [4, 5, 4.2, 5.4], "texture": "#2"}
			}
		},
		{
			"name": "Patch2",
			"from": [7.9, 16.2, 9.1],
			"to": [8.1, 17.2, 9.5],
			"faces": {
				"north": {"uv": [5, 5, 5.2, 6], "texture": "#2"},
				"east": {"uv": [5, 4, 5.4, 5], "texture": "#2"},
				"south": {"uv": [5, 5, 5.2, 6], "texture": "#2"},
				"west": {"uv": [5, 6, 5.4, 7], "texture": "#2"},
				"up": {"uv": [5, 6, 5.2, 6.4], "texture": "#2"},
				"down": {"uv": [5, 6, 5.2, 6.4], "texture": "#3"}
			}
		},
		{
			"name": "Patch3",
			"from": [7.9, 14.7, 8.8],
			"to": [8.1, 15.5, 9.2],
			"faces": {
				"north": {"uv": [5, 5, 5.2, 5.8], "texture": "#2"},
				"east": {"uv": [5, 5, 5.4, 5.8], "texture": "#2"},
				"south": {"uv": [5, 6, 5.2, 6.8], "texture": "#2"},
				"west": {"uv": [5, 5, 5.4, 5.8], "texture": "#2"},
				"up": {"uv": [5, 7, 5.2, 7.4], "texture": "#2"},
				"down": {"uv": [5, 5, 5.2, 5.4], "texture": "#2"}
			}
		},
		{
			"name": "Patch4",
			"from": [7.9, 11.7, 10.8],
			"to": [8.1, 12.5, 11.2],
			"rotation": {"angle": -22.5, "axis": "x", "origin": [8, 8, 8]},
			"faces": {
				"north": {"uv": [5, 5, 5.2, 5.8], "texture": "#2"},
				"east": {"uv": [5, 6, 5.4, 6.8], "texture": "#2"},
				"south": {"uv": [5, 5, 5.2, 5.8], "texture": "#2"},
				"west": {"uv": [5, 7, 5.4, 7.8], "texture": "#2"},
				"up": {"uv": [5, 5, 5.2, 5.4], "texture": "#2"},
				"down": {"uv": [5, 6, 5.2, 6.4], "texture": "#2"}
			}
		},
		{
			"name": "Handle",
			"from": [7.6, 4, 9.6],
			"to": [8.4, 8, 10.4],
			"faces": {
				"north": {"uv": [0, 0, 1.8, 12], "texture": "#4"},
				"east": {"uv": [0, 0, 1.8, 10], "texture": "#4"},
				"south": {"uv": [0, 0, 2.8, 11], "texture": "#4"},
				"west": {"uv": [0, 0, 1.8, 12], "texture": "#4"},
				"up": {"uv": [0, 0, 5.8, 2.8], "texture": "#4"},
				"down": {"uv": [0, 0, 1.8, 5.8], "texture": "#4"}
			}
		}
	],
	"display": {
		"thirdperson_righthand": {
			"translation": [0, 0, -1.25]
		},
		"thirdperson_lefthand": {
			"translation": [0, 0.25, -1.25]
		},
		"firstperson_righthand": {
			"translation": [0, 0.75, 0]
		},
		"firstperson_lefthand": {
			"translation": [0, 0.75, 0]
		},
		"ground": {
			"rotation": [-45, 0, 0]
		},
		"gui": {
			"rotation": [0, 90, 0],
			"translation": [-1, -3.5, 0]
		},
		"fixed": {
			"rotation": [0, 90, 0],
			"translation": [-1.25, -2.75, 0]
		}
	}
}