{
	"credit": "Made with Blockbench",
	"textures": {
		"1": "block/blast_furnace_front_on",
		"2": "block/barrel_side",
		"4": "block/light_gray_concrete_powder"
	},
	"elements": [
		{
			"from": [2, 7.75, 7.5],
			"to": [14, 18.75, 8.5],
			"faces": {
				"north": {"uv": [4, 6, 13, 14], "texture": "#1"},
				"east": {"uv": [0, 0, 1, 11], "texture": "#1"},
				"south": {"uv": [1, 4, 3, 6], "texture": "#1"},
				"west": {"uv": [0, 0, 1, 11], "texture": "#1"},
				"up": {"uv": [0, 0, 12, 1], "texture": "#1"},
				"down": {"uv": [0, 0, 12, 1], "texture": "#1"}
			}
		},
		{
			"name": "Strap",
			"from": [6, 10, 8.25],
			"to": [10, 11, 9.75],
			"faces": {
				"north": {"uv": [0, 0, 4, 1], "texture": "#2"},
				"east": {"uv": [0, 0, 1.5, 1], "texture": "#2"},
				"south": {"uv": [0, 0, 4, 1], "texture": "#2"},
				"west": {"uv": [0, 0, 1.5, 1], "texture": "#2"},
				"up": {"uv": [0, 0, 4, 1.5], "texture": "#2"},
				"down": {"uv": [0, 0, 4, 1.5], "texture": "#2"}
			}
		},
		{
			"from": [3, -0.25, 7.5],
			"to": [13, 7.75, 8.5],
			"faces": {
				"north": {"uv": [4, 0, 12, 6], "texture": "#1"},
				"east": {"uv": [0, 0, 1, 8], "texture": "#1"},
				"south": {"uv": [4, 1, 6, 3], "texture": "#1"},
				"west": {"uv": [0, 0, 1, 8], "texture": "#1"},
				"up": {"uv": [0, 0, 10, 1], "texture": "#1"},
				"down": {"uv": [0, 0, 10, 1], "texture": "#1"}
			}
		},
		{
			"name": "Border1",
			"from": [2, 18.75, 7.25],
			"to": [14, 19.75, 8.75],
			"faces": {
				"north": {"uv": [0, 0, 12, 1], "texture": "#4"},
				"east": {"uv": [0, 0, 1.5, 1], "texture": "#4"},
				"south": {"uv": [0, 0, 12, 1], "texture": "#4"},
				"west": {"uv": [0, 0, 1.5, 1], "texture": "#4"},
				"up": {"uv": [0, 0, 12, 1.5], "texture": "#4"},
				"down": {"uv": [0, 0, 12, 1.5], "texture": "#4"}
			}
		},
		{
			"name": "Border2",
			"from": [1, 7.75, 7.25],
			"to": [2, 19.75, 8.75],
			"faces": {
				"north": {"uv": [0, 0, 1, 12], "texture": "#4"},
				"east": {"uv": [0, 0, 1.5, 12], "texture": "#4"},
				"south": {"uv": [0, 0, 1, 12], "texture": "#4"},
				"west": {"uv": [0, 0, 1.5, 12], "texture": "#4"},
				"up": {"uv": [0, 0, 1, 1.5], "texture": "#4"},
				"down": {"uv": [0, 0, 1, 1.5], "texture": "#4"}
			}
		},
		{
			"name": "Border3",
			"from": [14, 7.75, 7.25],
			"to": [15, 19.75, 8.75],
			"faces": {
				"north": {"uv": [0, 0, 1, 12], "texture": "#4"},
				"east": {"uv": [0, 0, 1.5, 12], "texture": "#4"},
				"south": {"uv": [0, 0, 1, 12], "texture": "#4"},
				"west": {"uv": [0, 0, 1.5, 12], "texture": "#4"},
				"up": {"uv": [0, 0, 1, 1.5], "texture": "#4"},
				"down": {"uv": [0, 0, 1, 1.5], "texture": "#4"}
			}
		},
		{
			"name": "Border4",
			"from": [13, -0.25, 7.25],
			"to": [14, 7.75, 8.75],
			"faces": {
				"north": {"uv": [0, 0, 1, 8], "texture": "#4"},
				"east": {"uv": [0, 0, 1.5, 8], "texture": "#4"},
				"south": {"uv": [0, 0, 1, 8], "texture": "#4"},
				"west": {"uv": [0, 0, 1.5, 8], "texture": "#4"},
				"up": {"uv": [0, 0, 1, 1.5], "texture": "#4"},
				"down": {"uv": [0, 0, 1, 1.5], "texture": "#4"}
			}
		},
		{
			"name": "Border5",
			"from": [2, -0.25, 7.25],
			"to": [3, 7.75, 8.75],
			"faces": {
				"north": {"uv": [0, 0, 1, 8], "texture": "#4"},
				"east": {"uv": [0, 0, 1.5, 8], "texture": "#4"},
				"south": {"uv": [0, 0, 1, 8], "texture": "#4"},
				"west": {"uv": [0, 0, 1.5, 8], "texture": "#4"},
				"up": {"uv": [0, 0, 1, 1.5], "texture": "#4"},
				"down": {"uv": [0, 0, 1, 1.5], "texture": "#4"}
			}
		},
		{
			"name": "BorderBottom",
			"from": [2, -1.25, 7.25],
			"to": [14, -0.25, 8.75],
			"faces": {
				"north": {"uv": [0, 0, 12, 1], "texture": "#4"},
				"east": {"uv": [0, 0, 1.5, 1], "texture": "#4"},
				"south": {"uv": [0, 0, 12, 1], "texture": "#4"},
				"west": {"uv": [0, 0, 1.5, 1], "texture": "#4"},
				"up": {"uv": [0, 0, 12, 1.5], "texture": "#4"},
				"down": {"uv": [0, 0, 12, 1.5], "texture": "#4"}
			}
		}
	],
	"display": {
		"thirdperson_righthand": {
			"rotation": [49, -41, 0],
			"translation": [2.25, -0.75, 0]
		},
		"thirdperson_lefthand": {
			"rotation": [52, -38, 0],
			"translation": [1.5, -0.75, -2.5]
		},
		"firstperson_righthand": {
			"rotation": [90, -15, 0],
			"translation": [3.75, 2, 0]
		},
		"firstperson_lefthand": {
			"rotation": [90, -12, -7],
			"translation": [0, 1.75, 0]
		},
		"ground": {
			"rotation": [45, 0, 0],
			"translation": [0, 4, 0]
		},
		"gui": {
			"rotation": [0, -180, 0],
			"translation": [0.25, -1.25, 0],
			"scale": [0.62, 0.62, 0.62]
		}
	},
	"groups": [0, 1, 2,
		{
			"name": "Border",
			"origin": [8, 8, 8],
			"children": [3, 4, 5, 6, 7, 8]
		}
	]
}