{
    "parent": "item/generated",
    "textures": {
        "layer0": "item/brick"
    },
    "overrides": [
        {
          "predicate": {
            "custom_model_data": 1
          },
          "model": "custom:item/green_dust"
      },
      {
        "predicate": {
          "custom_model_data": 2
        },
        "model": "custom:item/blue_dust"
    },
    {
      "predicate": {
        "custom_model_data": 3
      },
      "model": "custom:item/arachnea1"
  },
  {
    "predicate": {
      "custom_model_data": 4
    },
    "model": "custom:item/arachnea2"
},
{
  "predicate": {
    "custom_model_data": 5
  },
  "model": "custom:item/arachnea3"
},
{
  "predicate": {
    "custom_model_data": 6
  },
  "model": "custom:item/leech_1"
},
{
  "predicate": {
    "custom_model_data": 7
  },
  "model": "custom:item/leech_2"
},
{
  "predicate": {
    "custom_model_data": 8
  },
  "model": "custom:item/leech_3"
},
{
  "predicate": {
    "custom_model_data": 9
  },
  "model": "custom:item/black_beast_0"
},
{
  "predicate": {
    "custom_model_data": 10
  },
  "model": "custom:item/black_beast_1"
},
{
  "predicate": {
    "custom_model_data": 11
  },
  "model": "custom:item/black_beast_2"
},
{
  "predicate": {
    "custom_model_data": 12
  },
  "model": "custom:item/black_beast_3"
},
{
  "predicate": {
    "custom_model_data": 13
  },
  "model": "custom:item/black_beast_4"
},
{
"predicate": {
  "custom_model_data": 64
},
"model": "custom:item/broach_1"
},
{
"predicate": {
  "custom_model_data": 65
},
"model": "custom:item/deedum"
},{
"predicate": {
  "custom_model_data": 66
},
"model": "custom:item/turtle"
},
{
"predicate": {
  "custom_model_data": 67
},
"model": "custom:item/skill"
},
      {
        "predicate": {
          "custom_model_data": 369
        },
        "model": "custom:item/bronze"
    },
    {
      "predicate": {
        "custom_model_data": 693
      },
      "model": "custom:item/silver"
    },
    {
    "predicate": {
      "custom_model_data": 936
    },
    "model": "custom:item/gold_coin"
    }

  ]

}
