{
    "parent": "item/handheld_rod",
    "textures": {
        "layer0": "item/carrot_on_stick"
    },
    "overrides": [
        {
          "predicate": {
            "custom_model_data": 1
          },
          "model": "custom:item/red_crystal"
        },
        {
          "predicate": {
            "custom_model_data": 2
          },
          "model": "custom:item/purple_crystal"
      },
      {
        "predicate": {
          "custom_model_data": 3
        },
        "model": "custom:item/green_crystal"
    }
    ]
}
