{
    "parent": "item/handheld_rod",
    "textures": {
        "layer0": "item/fishing_rod"
    },
    "overrides": [
        {
            "predicate": {
                "cast": 1
            },
            "model": "item/fishing_rod_cast"
        },
        {
          "predicate": {
            "custom_model_data": 1
          },
          "model": "custom:item/claw_shot"
      },
      {
        "predicate": {
          "custom_model_data": 1,
          "cast":1
        },
        "model": "custom:item/claw_shot_fired"
    },
    {
      "predicate": {
        "custom_model_data": 2
      },
      "model": "custom:item/painted_rod"
  },
  {
    "predicate": {
      "custom_model_data": 2,
      "cast":1
    },
    "model": "custom:item/painted_rod"
}
    ]
}
