{
    "parent": "item/handheld",
    "textures": {
        "layer0": "item/iron_sword"
    },
    "overrides": [
        {
          "predicate": {
            "custom_model_data": 3691001
          },
          "model": "amr.mists:items/blade.twisted"
        },
        {
          "predicate": {
            "custom_model_data": 3691001,
            "trim_type": 0.4
          },
          "model": "amr.mists:items/blade.twisted.evil"
        },
        {
          "predicate": {
            "custom_model_data": 3691001,
            "trim_type": 0.5
          },
          "model": "amr.mists:items/blade.twisted.water"
        },
        {
          "predicate": {
            "custom_model_data": 3691001,
            "trim_type": 0.6
          },
          "model": "amr.mists:items/blade.twisted.fire"
        },
        {
          "predicate": {
            "custom_model_data": 3691001,
            "trim_type": 0.7
          },
          "model": "amr.mists:items/blade.twisted.earth"
        },
        {
          "predicate": {
            "custom_model_data": 3691001,
            "trim_type": 0.8
          },
          "model": "amr.mists:items/blade.twisted.air"
        },
        {
          "predicate": {
            "custom_model_data": 3691001,
            "trim_type": 0.9
          },
          "model": "amr.mists:items/blade.twisted.holy"
        },
        {
          "predicate": {
            "custom_model_data": 3691002
          },
          "model": "amr.mists:items/knife.birch"
        },
        {
          "predicate": {
            "custom_model_data": 3691002
          },
          "model": "amr.mists:items/knife.birch.evil",
          "trim_type": 0.4
        },
        {
          "predicate": {
            "custom_model_data": 3691002,
            "trim_type": 0.5
          },
          "model": "amr.mists:items/knife.birch.water"
        },
        {
          "predicate": {
            "custom_model_data": 3691002,
            "trim_type": 0.6
          },
          "model": "amr.mists:items/knife.birch.fire"
        },
        {
          "predicate": {
            "custom_model_data": 3691002,
            "trim_type": 0.7
          },
          "model": "amr.mists:items/knife.birch.earth"
        },
        {
          "predicate": {
            "custom_model_data": 3691002,
            "trim_type": 0.8
          },
          "model": "amr.mists:items/knife.birch.air"
        },
        {
          "predicate": {
            "custom_model_data": 3691002,
            "trim_type": 0.9
          },
          "model": "amr.mists:items/knife.birch.holy"
        }
    ]
}
