{
    "parent": "item/generated",
    "textures": {
        "layer0": "item/trident"
    },
	"overrides": [
        {"predicate": {"custom_model_data": 1},"model": "custom:item/birch_spear"},
        {"predicate": {"custom_model_data": 2},"model": "custom:item/birch_spear"},
        {"predicate": {"custom_model_data": 3},"model": "custom:item/birch_spear"},
        {"predicate": {"custom_model_data": 4},"model": "custom:item/tri_spear"},
        {"predicate": {"custom_model_data": 5},"model": "custom:item/tri_spear"},
        {"predicate": {"custom_model_data": 6},"model": "custom:item/spear-blue"},
        {"predicate": {"custom_model_data": 7},"model": "custom:item/spear-blue"}
    ]
}
