{
    "parent": "item/handheld",
    "textures": {
        "layer0": "item/wooden_sword"
    },
    "overrides": [
        {
          "predicate": {
            "custom_model_data": 1
          },
          "model": "custom:item/twisted_blade"
        },
        {
          "predicate": {
            "custom_model_data": 2
          },
          "model": "custom:item/beginner_knife"
      },
      {
        "predicate": {
          "custom_model_data": 3
        },
        "model": "custom:item/birch_axe"
    },
    {
      "predicate": {
        "custom_model_data": 4
      },
      "model": "custom:item/farm_scythe"
  },
  {
    "predicate": {
      "custom_model_data": 5
    },
    "model": "custom:item/iron_knuckles"
},
{
  "predicate": {
    "custom_model_data": 6
  },
  "model": "custom:item/mallet"
},
{
  "predicate": {
    "custom_model_data": 7
  },
  "model": "custom:item/thief_knife"
},
{
  "predicate": {
    "custom_model_data": 8
  },
  "model": "custom:item/lava_blade"
},
{
  "predicate": {
    "custom_model_data": 9
  },
  "model": "custom:item/dark_sword"
},
{
  "predicate": {
    "custom_model_data": 10
  },
  "model": "custom:item/rabbit_blade"
},
{
  "predicate": {
    "custom_model_data": 11
  },
  "model": "custom:item/red_scythe"
},
{
  "predicate": {
    "custom_model_data": 12
  },
  "model": "custom:item/hrunting"
},
{
  "predicate": {
    "custom_model_data": 13
  },
  "model": "custom:item/thorn_rapier"
},
{
  "predicate": {
    "custom_model_data": 14
  },
  "model": "custom:item/hammer_green"
},
{
  "predicate": {
    "custom_model_data": 15
  },
  "model": "custom:item/knuckles_green"
},
{
  "predicate": {
    "custom_model_data": 16
  },
  "model": "custom:item/beast_jaw"
},
{
  "predicate": {
    "custom_model_data": 17
  },
  "model": "custom:item/magic_axe"
},
{
  "predicate": {
    "custom_model_data": 69
  },
  "model": "custom:item/painted_sword"
}
    ]
}
