{
    "__comment": "Model generated using MrCrayfish's Model Creator (http://mrcrayfish.com/modelcreator/)",
    "textures": {
        "0": "blocks/leaves_spruce",
        "1": "blocks/grass_top",
        "2": "blocks/grass_side",
        "3": "blocks/hardened_clay_stained_green"
    },
    "elements": [
        {
            "name": "Base",
            "from": [ 0.0, 0.0, 0.0 ], 
            "to": [ 16.0, 0.2, 16.0 ], 
            "faces": {
                "north": { "texture": "#0", "uv": [ 0.0, 0.0, 13.0, 2.2 ] },
                "east": { "texture": "#0", "uv": [ 0.0, 0.0, 11.0, 1.2000000000000002 ] },
                "south": { "texture": "#0", "uv": [ 0.0, 0.0, 15.0, 2.2 ] },
                "west": { "texture": "#0", "uv": [ 0.0, 6.0, 6.0, 7.199999999999999 ] },
                "up": { "texture": "#1", "uv": [ 3.0, 0.0, 16.0, 15.0 ] },
                "down": { "texture": "#2", "uv": [ 0.0, 3.0, 13.0, 16.0 ] }
            }
        },
        {
            "name": "Bump",
            "from": [ 9.0, 0.0, 7.0 ], 
            "to": [ 9.4, 0.4, 7.4 ], 
            "faces": {
                "north": { "texture": "#3", "uv": [ 0.0, 0.0, 0.4, 0.4 ] },
                "east": { "texture": "#3", "uv": [ 0.0, 0.0, 0.4, 0.4 ] },
                "south": { "texture": "#3", "uv": [ 0.0, 0.0, 0.4, 0.4 ] },
                "west": { "texture": "#3", "uv": [ 0.0, 0.0, 0.4, 0.4 ] },
                "up": { "texture": "#3", "uv": [ 0.0, 0.0, 0.4, 0.4 ] },
                "down": { "texture": "#3", "uv": [ 0.0, 0.0, 0.4, 0.4 ] }
            }
        },
        {
            "name": "Bump2",
            "from": [ 3.0, 0.0, 3.0 ], 
            "to": [ 3.5, 0.4, 3.5 ], 
            "faces": {
                "north": { "texture": "#3", "uv": [ 0.0, 0.0, 0.5, 0.4 ] },
                "east": { "texture": "#3", "uv": [ 0.0, 0.0, 0.5, 0.4 ] },
                "south": { "texture": "#3", "uv": [ 0.0, 0.0, 0.5, 0.4 ] },
                "west": { "texture": "#3", "uv": [ 0.0, 0.0, 0.5, 0.4 ] },
                "up": { "texture": "#3", "uv": [ 0.0, 0.0, 0.5, 0.5 ] },
                "down": { "texture": "#3", "uv": [ 0.0, 0.0, 0.5, 0.5 ] }
            }
        },
        {
            "name": "Side1.1",
            "from": [ -0.1, -1.0, 0.0 ], 
            "to": [ 0.1, 0.0, 3.0 ], 
            "faces": {
                "north": { "texture": "#0", "uv": [ 0.0, 0.0, 13.0, 2.2 ] },
                "east": { "texture": "#0", "uv": [ 0.0, 0.0, 11.0, 1.2000000000000002 ] },
                "south": { "texture": "#0", "uv": [ 0.0, 0.0, 15.0, 2.2 ] },
                "west": { "texture": "#0", "uv": [ 0.0, 6.0, 6.0, 7.199999999999999 ] },
                "up": { "texture": "#0", "uv": [ 6.0, 4.0, 16.0, 16.0 ] },
                "down": { "texture": "#0", "uv": [ 3.0, 1.0, 14.0, 12.0 ] }
            }
        },
        {
            "name": "side1.2",
            "from": [ -0.1, -1.2, 3.0 ], 
            "to": [ 0.1, 0.0, 5.0 ], 
            "faces": {
                "north": { "texture": "#0", "uv": [ 0.0, 0.0, 13.0, 2.2 ] },
                "east": { "texture": "#0", "uv": [ 0.0, 0.0, 11.0, 1.2000000000000002 ] },
                "south": { "texture": "#0", "uv": [ 0.0, 0.0, 15.0, 2.2 ] },
                "west": { "texture": "#0", "uv": [ 0.0, 6.0, 6.0, 7.199999999999999 ] },
                "up": { "texture": "#0", "uv": [ 6.0, 4.0, 16.0, 16.0 ] },
                "down": { "texture": "#0", "uv": [ 3.0, 1.0, 14.0, 12.0 ] }
            }
        },
        {
            "name": "Side1.3",
            "from": [ -0.1, -2.2, 5.0 ], 
            "to": [ 0.1, 0.0, 6.0 ], 
            "faces": {
                "north": { "texture": "#0", "uv": [ 0.0, 0.0, 13.0, 2.2 ] },
                "east": { "texture": "#0", "uv": [ 0.0, 0.0, 11.0, 1.2000000000000002 ] },
                "south": { "texture": "#0", "uv": [ 0.0, 0.0, 15.0, 2.2 ] },
                "west": { "texture": "#0", "uv": [ 0.0, 6.0, 6.0, 7.199999999999999 ] },
                "up": { "texture": "#0", "uv": [ 6.0, 4.0, 16.0, 16.0 ] },
                "down": { "texture": "#0", "uv": [ 3.0, 1.0, 14.0, 12.0 ] }
            }
        },
        {
            "name": "Side1.4",
            "from": [ -0.1, -1.2000000000000002, 6.0 ], 
            "to": [ 0.1, 0.0, 7.0 ], 
            "faces": {
                "north": { "texture": "#0", "uv": [ 0.0, 0.0, 13.0, 2.2 ] },
                "east": { "texture": "#0", "uv": [ 0.0, 0.0, 11.0, 1.2000000000000002 ] },
                "south": { "texture": "#0", "uv": [ 0.0, 0.0, 15.0, 2.2 ] },
                "west": { "texture": "#0", "uv": [ 0.0, 6.0, 6.0, 7.199999999999999 ] },
                "up": { "texture": "#0", "uv": [ 6.0, 4.0, 16.0, 16.0 ] },
                "down": { "texture": "#0", "uv": [ 3.0, 1.0, 14.0, 12.0 ] }
            }
        },
        {
            "name": "Side1.5",
            "from": [ -0.1, -2.2, 7.0 ], 
            "to": [ 0.1, 0.0, 8.0 ], 
            "faces": {
                "north": { "texture": "#0", "uv": [ 0.0, 0.0, 13.0, 2.2 ] },
                "east": { "texture": "#0", "uv": [ 0.0, 0.0, 11.0, 1.2000000000000002 ] },
                "south": { "texture": "#0", "uv": [ 0.0, 0.0, 15.0, 2.2 ] },
                "west": { "texture": "#0", "uv": [ 0.0, 6.0, 6.0, 7.199999999999999 ] },
                "up": { "texture": "#0", "uv": [ 6.0, 4.0, 16.0, 16.0 ] },
                "down": { "texture": "#0", "uv": [ 3.0, 1.0, 14.0, 12.0 ] }
            }
        },
        {
            "name": "Side1.6",
            "from": [ -0.1, -1.8, 8.0 ], 
            "to": [ 0.1, 0.0, 10.0 ], 
            "faces": {
                "north": { "texture": "#0", "uv": [ 0.0, 0.0, 13.0, 2.2 ] },
                "east": { "texture": "#0", "uv": [ 0.0, 0.0, 11.0, 1.2000000000000002 ] },
                "south": { "texture": "#0", "uv": [ 0.0, 0.0, 15.0, 2.2 ] },
                "west": { "texture": "#0", "uv": [ 0.0, 6.0, 6.0, 7.199999999999999 ] },
                "up": { "texture": "#0", "uv": [ 6.0, 4.0, 16.0, 16.0 ] },
                "down": { "texture": "#0", "uv": [ 3.0, 1.0, 14.0, 12.0 ] }
            }
        },
        {
            "name": "Side1.7",
            "from": [ -0.1, -0.8, 10.0 ], 
            "to": [ 0.1, 0.0, 12.0 ], 
            "faces": {
                "north": { "texture": "#0", "uv": [ 0.0, 0.0, 13.0, 2.2 ] },
                "east": { "texture": "#0", "uv": [ 0.0, 0.0, 11.0, 1.2000000000000002 ] },
                "south": { "texture": "#0", "uv": [ 0.0, 0.0, 15.0, 2.2 ] },
                "west": { "texture": "#0", "uv": [ 0.0, 6.0, 6.0, 7.199999999999999 ] },
                "up": { "texture": "#0", "uv": [ 6.0, 4.0, 16.0, 16.0 ] },
                "down": { "texture": "#0", "uv": [ 3.0, 1.0, 14.0, 12.0 ] }
            }
        },
        {
            "name": "Side1.8",
            "from": [ -0.1, -2.8, 12.0 ], 
            "to": [ 0.1, 0.0, 13.0 ], 
            "faces": {
                "north": { "texture": "#0", "uv": [ 0.0, 0.0, 13.0, 2.2 ] },
                "east": { "texture": "#0", "uv": [ 0.0, 0.0, 11.0, 1.2000000000000002 ] },
                "south": { "texture": "#0", "uv": [ 0.0, 0.0, 15.0, 2.2 ] },
                "west": { "texture": "#0", "uv": [ 0.0, 6.0, 6.0, 7.199999999999999 ] },
                "up": { "texture": "#0", "uv": [ 6.0, 4.0, 16.0, 16.0 ] },
                "down": { "texture": "#0", "uv": [ 3.0, 1.0, 14.0, 12.0 ] }
            }
        },
        {
            "name": "Side1.9",
            "from": [ -0.1, -0.7999999999999998, 13.0 ], 
            "to": [ 0.1, 0.0, 16.0 ], 
            "faces": {
                "north": { "texture": "#0", "uv": [ 0.0, 0.0, 13.0, 2.2 ] },
                "east": { "texture": "#0", "uv": [ 0.0, 0.0, 11.0, 1.2000000000000002 ] },
                "south": { "texture": "#0", "uv": [ 0.0, 0.0, 15.0, 2.2 ] },
                "west": { "texture": "#0", "uv": [ 0.0, 6.0, 6.0, 7.199999999999999 ] },
                "up": { "texture": "#0", "uv": [ 6.0, 4.0, 16.0, 16.0 ] },
                "down": { "texture": "#0", "uv": [ 3.0, 1.0, 14.0, 12.0 ] }
            }
        }
    ]
}