{
    "__comment": "Model generated using MrCrayfish's Model Creator (http://mrcrayfish.com/modelcreator/)",
    "textures": {
        "0": "block/furnace_top",
        "1": "block/hopper_top",
        "2": "item/fire_charge",
        "3": "item/blaze_powder"
    },
    "elements": [
        {
            "name": "Base1",
            "from": [ 0.0, 0.0, 0.0 ],
            "to": [ 16.0, 2.0, 16.0 ],
            "faces": {
                "north": { "texture": "#0", "uv": [ 0.0, 0.0, 14.0, 2.0 ] },
                "east": { "texture": "#0", "uv": [ 0.0, 3.0, 15.0, 0.0 ] },
                "south": { "texture": "#0", "uv": [ 2.0, 3.0, 14.0, 0.0 ] },
                "west": { "texture": "#0", "uv": [ 1.0, 0.0, 16.0, 3.0 ] },
                "up": { "texture": "#1", "uv": [ 0.0, 0.0, 16.0, 16.0 ] },
                "down": { "texture": "#0", "uv": [ 1.0, 1.0, 15.0, 15.0 ] }
            }
        },
        {
            "name": "wall1",
            "from": [ 4.0, 2.0, 3.0 ],
            "to": [ 5.0, 10.0, 4.0 ],
            "faces": {
                "north": { "texture": "#2", "uv": [ 7.0, 3.0, 8.0, 11.0 ] },
                "east": { "texture": "#2", "uv": [ 8.0, 3.0, 9.0, 11.0 ] },
                "south": { "texture": "#2", "uv": [ 6.0, 4.0, 7.0, 12.0 ] },
                "west": { "texture": "#2", "uv": [ 5.0, 4.0, 6.0, 12.0 ] },
                "up": { "texture": "#2", "uv": [ 4.0, 6.0, 5.0, 7.0 ] },
                "down": { "texture": "#-1", "uv": [ 0.0, 0.0, 1.0, 1.0 ] }
            }
        },
        {
            "name": "wall2",
            "from": [ 3.0, 2.0, 4.0 ],
            "to": [ 4.0, 10.0, 5.0 ],
            "faces": {
                "north": { "texture": "#2", "uv": [ 8.0, 3.0, 9.0, 11.0 ] },
                "east": { "texture": "#2", "uv": [ 9.0, 3.0, 10.0, 11.0 ] },
                "south": { "texture": "#2", "uv": [ 8.0, 3.0, 9.0, 11.0 ] },
                "west": { "texture": "#2", "uv": [ 7.0, 3.0, 8.0, 11.0 ] },
                "up": { "texture": "#2", "uv": [ 9.0, 3.0, 10.0, 4.0 ] },
                "down": { "texture": "#-1", "uv": [ 0.0, 0.0, 1.0, 1.0 ] }
            }
        },
        {
            "name": "wall3",
            "from": [ 12.0, 2.0, 4.0 ],
            "to": [ 13.0, 10.0, 5.0 ],
            "faces": {
                "north": { "texture": "#2", "uv": [ 7.0, 4.0, 8.0, 12.0 ] },
                "east": { "texture": "#2", "uv": [ 8.0, 3.0, 9.0, 11.0 ] },
                "south": { "texture": "#2", "uv": [ 6.0, 3.0, 7.0, 11.0 ] },
                "west": { "texture": "#2", "uv": [ 8.0, 3.0, 9.0, 11.0 ] },
                "up": { "texture": "#2", "uv": [ 5.0, 9.0, 6.0, 10.0 ] },
                "down": { "texture": "#-1", "uv": [ 0.0, 0.0, 1.0, 1.0 ] }
            }
        },
        {
            "name": "wall4",
            "from": [ 11.0, 2.0, 3.0 ],
            "to": [ 12.0, 10.0, 4.0 ],
            "faces": {
                "north": { "texture": "#2", "uv": [ 8.0, 3.0, 9.0, 11.0 ] },
                "east": { "texture": "#2", "uv": [ 9.0, 4.0, 10.0, 12.0 ] },
                "south": { "texture": "#2", "uv": [ 6.0, 3.0, 7.0, 11.0 ] },
                "west": { "texture": "#2", "uv": [ 10.0, 1.0, 11.0, 9.0 ] },
                "up": { "texture": "#2", "uv": [ 6.0, 6.0, 7.0, 7.0 ] },
                "down": { "texture": "#-1", "uv": [ 0.0, 0.0, 1.0, 1.0 ] }
            }
        },
        {
            "name": "wall5",
            "from": [ 3.0, 2.0, 11.0 ],
            "to": [ 4.0, 10.0, 12.0 ],
            "faces": {
                "north": { "texture": "#2", "uv": [ 8.0, 3.0, 9.0, 11.0 ] },
                "east": { "texture": "#2", "uv": [ 8.0, 3.0, 9.0, 11.0 ] },
                "south": { "texture": "#2", "uv": [ 8.0, 3.0, 9.0, 11.0 ] },
                "west": { "texture": "#2", "uv": [ 7.0, 3.0, 8.0, 11.0 ] },
                "up": { "texture": "#2", "uv": [ 9.0, 8.0, 10.0, 9.0 ] },
                "down": { "texture": "#-1", "uv": [ 0.0, 0.0, 1.0, 1.0 ] }
            }
        },
        {
            "name": "wall6",
            "from": [ 4.0, 2.0, 12.0 ],
            "to": [ 5.0, 10.0, 13.0 ],
            "faces": {
                "north": { "texture": "#2", "uv": [ 8.0, 3.0, 9.0, 11.0 ] },
                "east": { "texture": "#2", "uv": [ 6.0, 3.0, 7.0, 11.0 ] },
                "south": { "texture": "#2", "uv": [ 9.0, 2.0, 10.0, 10.0 ] },
                "west": { "texture": "#2", "uv": [ 7.0, 2.0, 8.0, 10.0 ] },
                "up": { "texture": "#2", "uv": [ 3.0, 6.0, 4.0, 7.0 ] },
                "down": { "texture": "#-1", "uv": [ 0.0, 0.0, 1.0, 1.0 ] }
            }
        },
        {
            "name": "Wall7",
            "from": [ 11.0, 2.0, 12.0 ],
            "to": [ 12.0, 10.0, 13.0 ],
            "faces": {
                "north": { "texture": "#2", "uv": [ 8.0, 3.0, 9.0, 11.0 ] },
                "east": { "texture": "#2", "uv": [ 4.0, 2.0, 5.0, 10.0 ] },
                "south": { "texture": "#2", "uv": [ 6.0, 3.0, 7.0, 11.0 ] },
                "west": { "texture": "#2", "uv": [ 7.0, 4.0, 8.0, 12.0 ] },
                "up": { "texture": "#2", "uv": [ 9.0, 5.0, 10.0, 6.0 ] },
                "down": { "texture": "#-1", "uv": [ 0.0, 0.0, 1.0, 1.0 ] }
            }
        },
        {
            "name": "Wall8",
            "from": [ 12.0, 2.0, 11.0 ],
            "to": [ 13.0, 10.0, 12.0 ],
            "faces": {
                "north": { "texture": "#2", "uv": [ 11.0, 3.0, 12.0, 11.0 ] },
                "east": { "texture": "#2", "uv": [ 6.0, 3.0, 7.0, 11.0 ] },
                "south": { "texture": "#2", "uv": [ 9.0, 2.0, 10.0, 10.0 ] },
                "west": { "texture": "#2", "uv": [ 10.0, 3.0, 11.0, 11.0 ] },
                "up": { "texture": "#2", "uv": [ 11.0, 6.0, 12.0, 7.0 ] },
                "down": { "texture": "#-1", "uv": [ 0.0, 0.0, 1.0, 1.0 ] }
            }
        },
        {
            "name": "WallPlane1",
            "from": [ 5.0, 2.0, 2.0 ],
            "to": [ 11.0, 10.0, 3.0 ],
            "faces": {
                "north": { "texture": "#2", "uv": [ 5.0, 4.0, 8.0, 9.0 ] },
                "east": { "texture": "#2", "uv": [ 7.0, 3.0, 8.0, 11.0 ] },
                "south": { "texture": "#2", "uv": [ 8.0, 5.0, 5.0, 10.0 ] },
                "west": { "texture": "#2", "uv": [ 6.0, 4.0, 7.0, 11.0 ] },
                "up": { "texture": "#0", "uv": [ 8.0, 3.0, 4.0, 0.0 ] },
                "down": { "texture": "#-1", "uv": [ 0.0, 0.0, 6.0, 1.0 ] }
            }
        },
        {
            "name": "WallPlane2",
            "from": [ 5.0, 2.0, 13.0 ],
            "to": [ 11.0, 10.0, 14.0 ],
            "faces": {
                "north": { "texture": "#2", "uv": [ 5.0, 4.0, 11.0, 12.0 ] },
                "east": { "texture": "#2", "uv": [ 8.0, 3.0, 9.0, 11.0 ] },
                "south": { "texture": "#2", "uv": [ 5.0, 4.0, 9.0, 10.0 ] },
                "west": { "texture": "#2", "uv": [ 8.0, 4.0, 7.0, 11.0 ] },
                "up": { "texture": "#0", "uv": [ 3.0, 0.0, 14.0, 3.0 ] },
                "down": { "texture": "#-1", "uv": [ 0.0, 0.0, 6.0, 1.0 ] }
            }
        },
        {
            "name": "WallPlane3",
            "from": [ 2.0, 2.0, 5.0 ],
            "to": [ 3.0, 10.0, 11.0 ],
            "faces": {
                "north": { "texture": "#2", "uv": [ 8.0, 3.0, 9.0, 11.0 ] },
                "east": { "texture": "#2", "uv": [ 5.0, 4.0, 8.0, 9.0 ] },
                "south": { "texture": "#2", "uv": [ 10.0, 3.0, 9.0, 9.0 ] },
                "west": { "texture": "#2", "uv": [ 5.0, 3.0, 9.0, 8.0 ] },
                "up": { "texture": "#0", "uv": [ 14.0, 1.0, 16.0, 11.0 ] },
                "down": { "texture": "#-1", "uv": [ 0.0, 0.0, 1.0, 6.0 ] }
            }
        },
        {
            "name": "WallPlane4",
            "from": [ 13.0, 2.0, 5.0 ],
            "to": [ 14.0, 10.0, 11.0 ],
            "faces": {
                "north": { "texture": "#2", "uv": [ 8.0, 3.0, 9.0, 11.0 ] },
                "east": { "texture": "#2", "uv": [ 5.0, 4.0, 8.0, 9.0 ] },
                "south": { "texture": "#2", "uv": [ 5.0, 3.0, 6.0, 11.0 ] },
                "west": { "texture": "#2", "uv": [ 6.0, 4.0, 9.0, 9.0 ] },
                "up": { "texture": "#2", "uv": [ 1.0, 4.0, 8.0, 6.0 ] },
                "down": { "texture": "#-1", "uv": [ 0.0, 0.0, 1.0, 6.0 ] }
            }
        },
        {
            "name": "Molten1",
            "from": [ 3.0, 4.0, 5.0 ],
            "to": [ 13.0, 6.0, 11.0 ],
            "faces": {
                "north": { "texture": "#3", "uv": [ 3.0, 11.0, 13.0, 13.0 ] },
                "east": { "texture": "#3", "uv": [ 2.0, 11.0, 8.0, 13.0 ] },
                "south": { "texture": "#3", "uv": [ 4.0, 11.0, 14.0, 13.0 ] },
                "west": { "texture": "#3", "uv": [ 4.0, 9.0, 10.0, 11.0 ] },
                "up": { "texture": "#3", "uv": [ 4.0, 9.0, 14.0, 15.0 ] },
                "down": { "texture": "#-1", "uv": [ 0.0, 0.0, 10.0, 6.0 ] }
            }
        },
        {
            "name": "MOlten2",
            "from": [ 5.0, 4.0, 3.0 ],
            "to": [ 11.0, 6.0, 5.0 ],
            "faces": {
                "north": { "texture": "#3", "uv": [ 3.0, 11.0, 9.0, 13.0 ] },
                "east": { "texture": "#3", "uv": [ 2.0, 11.0, 4.0, 13.0 ] },
                "south": { "texture": "#3", "uv": [ 4.0, 11.0, 10.0, 13.0 ] },
                "west": { "texture": "#3", "uv": [ 4.0, 9.0, 6.0, 11.0 ] },
                "up": { "texture": "#3", "uv": [ 4.0, 9.0, 10.0, 11.0 ] },
                "down": { "texture": "#-1", "uv": [ 0.0, 0.0, 6.0, 2.0 ] }
            }
        },
        {
            "name": "Molten3",
            "from": [ 5.0, 4.0, 11.0 ],
            "to": [ 11.0, 6.0, 13.0 ],
            "faces": {
                "north": { "texture": "#3", "uv": [ 3.0, 11.0, 9.0, 13.0 ] },
                "east": { "texture": "#3", "uv": [ 2.0, 11.0, 4.0, 13.0 ] },
                "south": { "texture": "#3", "uv": [ 4.0, 11.0, 10.0, 13.0 ] },
                "west": { "texture": "#3", "uv": [ 4.0, 9.0, 6.0, 11.0 ] },
                "up": { "texture": "#3", "uv": [ 4.0, 9.0, 10.0, 11.0 ] },
                "down": { "texture": "#-1", "uv": [ 0.0, 0.0, 6.0, 2.0 ] }
            }
        },
        {
            "name": "MoltenC1",
            "from": [ 4.0, 5.0, 4.0 ],
            "to": [ 5.0, 6.0, 5.0 ],
            "faces": {
                "north": { "texture": "#-1", "uv": [ 0.0, 0.0, 1.0, 1.0 ] },
                "east": { "texture": "#-1", "uv": [ 0.0, 0.0, 1.0, 1.0 ] },
                "south": { "texture": "#-1", "uv": [ 0.0, 0.0, 1.0, 1.0 ] },
                "west": { "texture": "#-1", "uv": [ 0.0, 0.0, 1.0, 1.0 ] },
                "up": { "texture": "#3", "uv": [ 6.0, 10.0, 7.0, 11.0 ] },
                "down": { "texture": "#-1", "uv": [ 0.0, 0.0, 1.0, 1.0 ] }
            }
        },
        {
            "name": "MoltenC2",
            "from": [ 11.0, 5.0, 4.0 ],
            "to": [ 12.0, 6.0, 5.0 ],
            "faces": {
                "north": { "texture": "#-1", "uv": [ 0.0, 0.0, 1.0, 1.0 ] },
                "east": { "texture": "#-1", "uv": [ 0.0, 0.0, 1.0, 1.0 ] },
                "south": { "texture": "#-1", "uv": [ 0.0, 0.0, 1.0, 1.0 ] },
                "west": { "texture": "#-1", "uv": [ 0.0, 0.0, 1.0, 1.0 ] },
                "up": { "texture": "#3", "uv": [ 6.0, 10.0, 7.0, 11.0 ] },
                "down": { "texture": "#-1", "uv": [ 0.0, 0.0, 1.0, 1.0 ] }
            }
        },
        {
            "name": "MoltenC3",
            "from": [ 11.0, 5.0, 11.0 ],
            "to": [ 12.0, 6.0, 12.0 ],
            "faces": {
                "north": { "texture": "#-1", "uv": [ 0.0, 0.0, 1.0, 1.0 ] },
                "east": { "texture": "#-1", "uv": [ 0.0, 0.0, 1.0, 1.0 ] },
                "south": { "texture": "#-1", "uv": [ 0.0, 0.0, 1.0, 1.0 ] },
                "west": { "texture": "#-1", "uv": [ 0.0, 0.0, 1.0, 1.0 ] },
                "up": { "texture": "#3", "uv": [ 6.0, 10.0, 7.0, 11.0 ] },
                "down": { "texture": "#-1", "uv": [ 0.0, 0.0, 1.0, 1.0 ] }
            }
        },
        {
            "name": "MoltenC4",
            "from": [ 4.0, 5.0, 11.0 ],
            "to": [ 5.0, 6.0, 12.0 ],
            "faces": {
                "north": { "texture": "#-1", "uv": [ 0.0, 0.0, 1.0, 1.0 ] },
                "east": { "texture": "#-1", "uv": [ 0.0, 0.0, 1.0, 1.0 ] },
                "south": { "texture": "#-1", "uv": [ 0.0, 0.0, 1.0, 1.0 ] },
                "west": { "texture": "#-1", "uv": [ 0.0, 0.0, 1.0, 1.0 ] },
                "up": { "texture": "#3", "uv": [ 11.0, 11.0, 12.0, 12.0 ] },
                "down": { "texture": "#-1", "uv": [ 0.0, 0.0, 1.0, 1.0 ] }
            }
        },
        {
            "name": "Handle1",
            "from": [ 7.0, 10.0, 2.0 ],
            "to": [ 9.0, 11.0, 3.0 ],
            "rotation": { "origin": [ 8.0, 8.0, 8.0 ], "axis": "x", "angle": -22.5 },
            "faces": {
                "north": { "texture": "#0", "uv": [ 6.0, 6.0, 10.0, 9.0 ] },
                "east": { "texture": "#0", "uv": [ 5.0, 2.0, 9.0, 5.0 ] },
                "south": { "texture": "#0", "uv": [ 5.0, 5.0, 9.0, 8.0 ] },
                "west": { "texture": "#0", "uv": [ 6.0, 4.0, 10.0, 7.0 ] },
                "up": { "texture": "#0", "uv": [ 4.0, 3.0, 6.0, 4.0 ] },
                "down": { "texture": "#0", "uv": [ 5.0, 4.0, 7.0, 5.0 ] }
            }
        },
        {
            "name": "Handle4",
            "from": [ 7.0, 10.0, 13.0 ],
            "to": [ 9.0, 11.0, 14.0 ],
            "rotation": { "origin": [ 8.0, 8.0, 8.0 ], "axis": "x", "angle": 22.5 },
            "faces": {
                "north": { "texture": "#0", "uv": [ 6.0, 6.0, 10.0, 9.0 ] },
                "east": { "texture": "#0", "uv": [ 5.0, 2.0, 9.0, 5.0 ] },
                "south": { "texture": "#0", "uv": [ 5.0, 5.0, 9.0, 8.0 ] },
                "west": { "texture": "#0", "uv": [ 6.0, 4.0, 10.0, 7.0 ] },
                "up": { "texture": "#0", "uv": [ 4.0, 3.0, 6.0, 4.0 ] },
                "down": { "texture": "#0", "uv": [ 5.0, 4.0, 7.0, 5.0 ] }
            }
        },
        {
            "name": "Handle3",
            "from": [ 2.0, 10.0, 7.0 ],
            "to": [ 3.0, 11.0, 9.0 ],
            "rotation": { "origin": [ 8.0, 8.0, 8.0 ], "axis": "z", "angle": 22.5 },
            "faces": {
                "north": { "texture": "#0", "uv": [ 6.0, 6.0, 10.0, 9.0 ] },
                "east": { "texture": "#0", "uv": [ 5.0, 2.0, 9.0, 5.0 ] },
                "south": { "texture": "#0", "uv": [ 5.0, 5.0, 9.0, 8.0 ] },
                "west": { "texture": "#0", "uv": [ 6.0, 4.0, 10.0, 7.0 ] },
                "up": { "texture": "#0", "uv": [ 4.0, 3.0, 5.0, 5.0 ] },
                "down": { "texture": "#0", "uv": [ 5.0, 4.0, 6.0, 6.0 ] }
            }
        },
        {
            "name": "Handle4",
            "from": [ 13.0, 10.0, 7.0 ],
            "to": [ 14.0, 11.0, 9.0 ],
            "rotation": { "origin": [ 8.0, 8.0, 8.0 ], "axis": "z", "angle": -22.5 },
            "faces": {
                "north": { "texture": "#0", "uv": [ 6.0, 6.0, 10.0, 9.0 ] },
                "east": { "texture": "#0", "uv": [ 5.0, 2.0, 9.0, 5.0 ] },
                "south": { "texture": "#0", "uv": [ 5.0, 5.0, 9.0, 8.0 ] },
                "west": { "texture": "#0", "uv": [ 6.0, 4.0, 10.0, 7.0 ] },
                "up": { "texture": "#0", "uv": [ 4.0, 3.0, 5.0, 5.0 ] },
                "down": { "texture": "#0", "uv": [ 5.0, 4.0, 6.0, 6.0 ] }
            }
        }
    ]
}
