{
	"credit": "Made with Blockbench",
	"textures": {
		"0": "block/black_concrete",
		"1": "block/black_glazed_terracotta",
		"2": "block/stone_bricks",
		"particle": "block/black_concrete"
	},
	"elements": [
		{
			"name": "Center",
			"from": [4.97, 9.4, 4.97],
			"to": [11.03, 15.46, 11.03],
			"rotation": {"angle": 0, "axis": "y", "origin": [8, 16.16, 8]},
			"faces": {
				"north": {"uv": [0, 0, 3, 3], "texture": "#0"},
				"east": {"uv": [0, 0, 3, 3], "texture": "#0"},
				"south": {"uv": [0, 0, 3, 3], "texture": "#0"},
				"west": {"uv": [0, 0, 3, 3], "texture": "#0"},
				"up": {"uv": [0, 0, 3, 3], "texture": "#0"},
				"down": {"uv": [0, 0, 3, 3], "texture": "#0"}
			}
		},
		{
			"name": "Center",
			"from": [-0.03, -0.35, -0.03],
			"to": [16.03, 8.71, 16.03],
			"rotation": {"angle": 0, "axis": "y", "origin": [8, 16.16, 8]},
			"faces": {
				"north": {"uv": [0, 7, 16, 15.8], "texture": "#2"},
				"east": {"uv": [0, 7, 16, 15.8], "texture": "#2"},
				"south": {"uv": [0, 7, 16, 15.8], "texture": "#2"},
				"west": {"uv": [0, 7, 16, 15.8], "texture": "#2"},
				"up": {"uv": [0, 0, 3, 3], "texture": "#2"},
				"down": {"uv": [0, 0, 3, 3], "texture": "#2"}
			}
		},
		{
			"name": "Lock1",
			"from": [4.465, 14.45, 4.465],
			"to": [11.535, 15.965, 11.535],
			"rotation": {"angle": 0, "axis": "y", "origin": [8, 16.16, 8]},
			"faces": {
				"north": {"uv": [0, 0, 3.5, 0.75], "texture": "#1"},
				"east": {"uv": [0, 0, 3.5, 0.75], "texture": "#1"},
				"south": {"uv": [0, 0, 3.5, 0.75], "texture": "#1"},
				"west": {"uv": [0, 0, 3.5, 0.75], "texture": "#1"},
				"up": {"uv": [0, 0, 3.5, 3.5], "texture": "#1"},
				"down": {"uv": [0, 0, 3.5, 3.5], "texture": "#1"}
			}
		},
		{
			"name": "Lock2",
			"from": [4.465, 7.885, 4.465],
			"to": [11.535, 9.4, 11.535],
			"rotation": {"angle": 0, "axis": "y", "origin": [8, 16.16, 8]},
			"faces": {
				"north": {"uv": [0, 0, 3.5, 0.75], "texture": "#1"},
				"east": {"uv": [0, 0, 3.5, 0.75], "texture": "#1"},
				"south": {"uv": [0, 0, 3.5, 0.75], "texture": "#1"},
				"west": {"uv": [0, 0, 3.5, 0.75], "texture": "#1"},
				"up": {"uv": [0, 0, 3.5, 3.5], "texture": "#1"},
				"down": {"uv": [0, 0, 3.5, 3.5], "texture": "#1"}
			}
		},
		{
			"name": "Lock3",
			"from": [4.465, 9.4, 9.01],
			"to": [6.99, 11.925, 11.535],
			"rotation": {"angle": 0, "axis": "y", "origin": [8, 16.16, 8]},
			"faces": {
				"north": {"uv": [0, 0, 1.25, 1.25], "texture": "#1"},
				"east": {"uv": [0, 0, 1.25, 1.25], "texture": "#1"},
				"south": {"uv": [0, 0, 1.25, 1.25], "texture": "#1"},
				"west": {"uv": [0, 0, 1.25, 1.25], "texture": "#1"},
				"up": {"uv": [0, 0, 1.25, 1.25], "texture": "#1"},
				"down": {"uv": [0, 0, 1.25, 1.25], "texture": "#1"}
			}
		},
		{
			"name": "Lock4",
			"from": [4.465, 11.925, 10.02],
			"to": [5.98, 14.45, 11.535],
			"rotation": {"angle": 0, "axis": "y", "origin": [8, 16.16, 8]},
			"faces": {
				"north": {"uv": [0, 0, 0.75, 1.25], "texture": "#1"},
				"east": {"uv": [0, 0, 0.75, 1.25], "texture": "#1"},
				"south": {"uv": [0, 0, 0.75, 1.25], "texture": "#1"},
				"west": {"uv": [0, 0, 0.75, 1.25], "texture": "#1"},
				"up": {"uv": [0, 0, 0.75, 0.75], "texture": "#1"},
				"down": {"uv": [0, 0, 0.75, 0.75], "texture": "#1"}
			}
		},
		{
			"name": "Lock4",
			"from": [9.01, 9.4, 9.01],
			"to": [11.535, 11.925, 11.535],
			"rotation": {"angle": 0, "axis": "y", "origin": [8, 16.16, 8]},
			"faces": {
				"north": {"uv": [0, 0, 1.25, 1.25], "texture": "#1"},
				"east": {"uv": [0, 0, 1.25, 1.25], "texture": "#1"},
				"south": {"uv": [0, 0, 1.25, 1.25], "texture": "#1"},
				"west": {"uv": [0, 0, 1.25, 1.25], "texture": "#1"},
				"up": {"uv": [0, 0, 1.25, 1.25], "texture": "#1"},
				"down": {"uv": [0, 0, 1.25, 1.25], "texture": "#1"}
			}
		},
		{
			"name": "Lock5",
			"from": [10.02, 11.925, 10.02],
			"to": [11.535, 14.45, 11.535],
			"rotation": {"angle": 0, "axis": "y", "origin": [8, 16.16, 8]},
			"faces": {
				"north": {"uv": [0, 0, 0.75, 1.25], "texture": "#1"},
				"east": {"uv": [0, 0, 0.75, 1.25], "texture": "#1"},
				"south": {"uv": [0, 0, 0.75, 1.25], "texture": "#1"},
				"west": {"uv": [0, 0, 0.75, 1.25], "texture": "#1"},
				"up": {"uv": [0, 0, 0.75, 0.75], "texture": "#1"},
				"down": {"uv": [0, 0, 0.75, 0.75], "texture": "#1"}
			}
		},
		{
			"name": "Lock4",
			"from": [4.465, 9.4, 4.465],
			"to": [6.99, 11.925, 6.99],
			"rotation": {"angle": 0, "axis": "y", "origin": [8, 16.16, 8]},
			"faces": {
				"north": {"uv": [0, 0, 1.25, 1.25], "texture": "#1"},
				"east": {"uv": [0, 0, 1.25, 1.25], "texture": "#1"},
				"south": {"uv": [0, 0, 1.25, 1.25], "texture": "#1"},
				"west": {"uv": [0, 0, 1.25, 1.25], "texture": "#1"},
				"up": {"uv": [0, 0, 1.25, 1.25], "texture": "#1"},
				"down": {"uv": [0, 0, 1.25, 1.25], "texture": "#1"}
			}
		},
		{
			"name": "Lock5",
			"from": [4.465, 11.925, 4.465],
			"to": [5.98, 14.45, 5.98],
			"rotation": {"angle": 0, "axis": "y", "origin": [8, 16.16, 8]},
			"faces": {
				"north": {"uv": [0, 0, 0.75, 1.25], "texture": "#1"},
				"east": {"uv": [0, 0, 0.75, 1.25], "texture": "#1"},
				"south": {"uv": [0, 0, 0.75, 1.25], "texture": "#1"},
				"west": {"uv": [0, 0, 0.75, 1.25], "texture": "#1"},
				"up": {"uv": [0, 0, 0.75, 0.75], "texture": "#1"},
				"down": {"uv": [0, 0, 0.75, 0.75], "texture": "#1"}
			}
		},
		{
			"name": "Lock5",
			"from": [9.01, 9.4, 4.465],
			"to": [11.535, 11.925, 6.99],
			"rotation": {"angle": 0, "axis": "y", "origin": [8, 16.16, 8]},
			"faces": {
				"north": {"uv": [0, 0, 1.25, 1.25], "texture": "#1"},
				"east": {"uv": [0, 0, 1.25, 1.25], "texture": "#1"},
				"south": {"uv": [0, 0, 1.25, 1.25], "texture": "#1"},
				"west": {"uv": [0, 0, 1.25, 1.25], "texture": "#1"},
				"up": {"uv": [0, 0, 1.25, 1.25], "texture": "#1"},
				"down": {"uv": [0, 0, 1.25, 1.25], "texture": "#1"}
			}
		},
		{
			"name": "Lock6",
			"from": [10.02, 11.925, 4.465],
			"to": [11.535, 14.45, 5.98],
			"rotation": {"angle": 0, "axis": "y", "origin": [8, 16.16, 8]},
			"faces": {
				"north": {"uv": [0, 0, 0.75, 1.25], "texture": "#1"},
				"east": {"uv": [0, 0, 0.75, 1.25], "texture": "#1"},
				"south": {"uv": [0, 0, 0.75, 1.25], "texture": "#1"},
				"west": {"uv": [0, 0, 0.75, 1.25], "texture": "#1"},
				"up": {"uv": [0, 0, 0.75, 0.75], "texture": "#1"},
				"down": {"uv": [0, 0, 0.75, 0.75], "texture": "#1"}
			}
		}
	],
	"display": {
		"thirdperson_righthand": {
			"scale": [0.47, 0.47, 0.47]
		},
		"gui": {
			"rotation": [45, -45, 0],
			"translation": [0, -0.75, 0],
			"scale": [0.88, 0.88, 0.88]
		}
	}
}