{
	"credit": "Made with Blockbench",
	"textures": {
		"0": "block/anvil",
		"2": "block/redstone_torch",
		"3": "block/bone_block_side",
		"4": "block/andesite",
		"5": "block/yellow_terracotta",
		"particle": "block/anvil"
	},
	"elements": [
		{
			"name": "Candlestick",
			"from": [6.95, 2.1, 6.95],
			"to": [9.05, 4.2, 9.05],
			"rotation": {"angle": 0, "axis": "y", "origin": [8, 16.8, 8]},
			"faces": {
				"north": {"uv": [0, 0, 8, 11], "texture": "#3"},
				"east": {"uv": [2, 2, 10, 13], "texture": "#3"},
				"south": {"uv": [5, 1, 13, 12], "texture": "#3"},
				"west": {"uv": [5, 1, 14, 13], "texture": "#3"},
				"up": {"uv": [6, 8, 9, 13], "texture": "#3"},
				"down": {"uv": [0, 0, 7, 5], "texture": "#3"}
			}
		},
		{
			"name": "base",
			"from": [5.48, 0, 5.48],
			"to": [10.52, 2.1, 10.52],
			"rotation": {"angle": 0, "axis": "y", "origin": [8, 16.8, 8]},
			"faces": {
				"north": {"uv": [0, 0, 6.4, 5], "texture": "#0"},
				"east": {"uv": [0, 0, 9.4, 8], "texture": "#0"},
				"south": {"uv": [0, 0, 11.4, 9], "texture": "#0"},
				"west": {"uv": [0, 0, 8.4, 7], "texture": "#0"},
				"up": {"uv": [0, 0, 7.4, 6.4], "texture": "#0"},
				"down": {"uv": [0, 0, 4.4, 6.4], "texture": "#0"}
			}
		},
		{
			"name": "base",
			"from": [5.48, 8.4, 5.48],
			"to": [10.52, 10.5, 10.52],
			"rotation": {"angle": 0, "axis": "y", "origin": [8, 16.8, 8]},
			"faces": {
				"north": {"uv": [0, 0, 6.4, 5], "texture": "#0"},
				"east": {"uv": [0, 0, 9.4, 8], "texture": "#0"},
				"south": {"uv": [0, 0, 11.4, 9], "texture": "#0"},
				"west": {"uv": [0, 0, 8.4, 7], "texture": "#0"},
				"up": {"uv": [0, 0, 7.4, 6.4], "texture": "#0"},
				"down": {"uv": [0, 0, 4.4, 6.4], "texture": "#0"}
			}
		},
		{
			"name": "base",
			"from": [6.005, 9.45, 6.005],
			"to": [9.995, 11.55, 9.995],
			"rotation": {"angle": 0, "axis": "y", "origin": [8, 16.8, 8]},
			"faces": {
				"north": {"uv": [0, 0, 6.4, 5], "texture": "#0"},
				"east": {"uv": [0, 0, 9.4, 8], "texture": "#0"},
				"south": {"uv": [0, 0, 11.4, 9], "texture": "#0"},
				"west": {"uv": [0, 0, 8.4, 7], "texture": "#0"},
				"up": {"uv": [0, 0, 7.4, 6.4], "texture": "#0"},
				"down": {"uv": [0, 0, 4.4, 6.4], "texture": "#0"}
			}
		},
		{
			"name": "Wick",
			"from": [7.79, 3.15, 7.79],
			"to": [8.21, 5.25, 8.21],
			"rotation": {"angle": 0, "axis": "y", "origin": [8, 7.35, 8]},
			"faces": {
				"north": {"uv": [0, 0, 3.2, 7], "texture": "#missing"},
				"east": {"uv": [0, 0, 3.2, 5], "texture": "#missing"},
				"south": {"uv": [0, 0, 8.2, 7], "texture": "#missing"},
				"west": {"uv": [0, 0, 6.2, 9], "texture": "#missing"},
				"up": {"uv": [0, 0, 3.2, 3.2], "texture": "#missing"},
				"down": {"uv": [0, 0, 2.2, 3.2], "texture": "#missing"}
			}
		},
		{
			"name": "Flame",
			"from": [7.58, 5.25, 7.58],
			"to": [8.42, 6.09, 8.42],
			"rotation": {"angle": 0, "axis": "y", "origin": [8, 7.35, 8]},
			"faces": {
				"north": {"uv": [7, 6, 8.4, 8.4], "texture": "#2"},
				"east": {"uv": [7, 6, 8.4, 7.4], "texture": "#2"},
				"south": {"uv": [7, 6, 8.4, 7.4], "texture": "#2"},
				"west": {"uv": [7, 6, 8.4, 7.4], "texture": "#2"},
				"up": {"uv": [7, 5, 8.4, 6.4], "texture": "#2"},
				"down": {"uv": [7, 6, 8.4, 7.4], "texture": "#2"}
			}
		},
		{
			"name": "Flame2",
			"from": [7.79, 6.09, 7.79],
			"to": [8.21, 6.93, 8.21],
			"rotation": {"angle": 0, "axis": "y", "origin": [8, 7.35, 8]},
			"faces": {
				"north": {"uv": [6, 6, 7.2, 7.4], "texture": "#2"},
				"east": {"uv": [6, 6, 7.2, 7.4], "texture": "#2"},
				"south": {"uv": [7, 7, 8.2, 8.4], "texture": "#2"},
				"west": {"uv": [6, 6, 7.2, 7.4], "texture": "#2"},
				"up": {"uv": [7, 5, 8.2, 6.2], "texture": "#2"},
				"down": {"uv": [7, 7, 8.2, 8.2], "texture": "#2"}
			}
		},
		{
			"name": "Handle",
			"from": [6.53, 0, 10.52],
			"to": [9.47, 1.26, 11.36],
			"rotation": {"angle": 0, "axis": "y", "origin": [8, 16.8, 8]},
			"faces": {
				"north": {"uv": [4, 3, 6.4, 6.4], "texture": "#4"},
				"east": {"uv": [4, 3, 6.4, 6.4], "texture": "#4"},
				"south": {"uv": [4, 3, 6.4, 6.4], "texture": "#4"},
				"west": {"uv": [4, 3, 6.4, 6.4], "texture": "#4"},
				"up": {"uv": [4, 3, 6.4, 6.4], "texture": "#4"},
				"down": {"uv": [4, 3, 6.4, 6.4], "texture": "#4"}
			}
		},
		{
			"name": "Handle",
			"from": [7.58, 11.55, 8.945],
			"to": [8.42, 13.335, 9.785],
			"rotation": {"angle": 0, "axis": "y", "origin": [8, 16.8, 8]},
			"faces": {
				"north": {"uv": [5, 3, 11.4, 7.6], "texture": "#5"},
				"east": {"uv": [5, 3, 11.4, 7.6], "texture": "#5"},
				"south": {"uv": [5, 3, 11.4, 7.6], "texture": "#5"},
				"west": {"uv": [5, 3, 11.4, 7.6], "texture": "#5"},
				"up": {"uv": [5, 3, 11.4, 7.6], "texture": "#5"},
				"down": {"uv": [5, 3, 11.4, 7.6], "texture": "#5"}
			}
		},
		{
			"name": "Handle",
			"from": [7.58, 13.125, 6.32],
			"to": [8.42, 13.86, 9.785],
			"rotation": {"angle": 0, "axis": "y", "origin": [8, 16.8, 8]},
			"faces": {
				"north": {"uv": [5, 3, 11.4, 7.6], "texture": "#5"},
				"east": {"uv": [5, 3, 11.4, 7.6], "texture": "#5"},
				"south": {"uv": [5, 3, 11.4, 7.6], "texture": "#5"},
				"west": {"uv": [5, 3, 11.4, 7.6], "texture": "#5"},
				"up": {"uv": [5, 3, 11.4, 7.6], "texture": "#5"},
				"down": {"uv": [5, 3, 11.4, 7.6], "texture": "#5"}
			}
		},
		{
			"name": "Handle",
			"from": [7.58, 11.55, 6.32],
			"to": [8.42, 13.335, 7.16],
			"rotation": {"angle": 0, "axis": "y", "origin": [8, 16.8, 8]},
			"faces": {
				"north": {"uv": [5, 3, 11.4, 7.6], "texture": "#5"},
				"east": {"uv": [5, 3, 11.4, 7.6], "texture": "#5"},
				"south": {"uv": [5, 3, 11.4, 7.6], "texture": "#5"},
				"west": {"uv": [5, 3, 11.4, 7.6], "texture": "#5"},
				"up": {"uv": [5, 3, 11.4, 7.6], "texture": "#5"},
				"down": {"uv": [5, 3, 11.4, 7.6], "texture": "#5"}
			}
		},
		{
			"name": "Cube",
			"from": [6.53, 0, 4.64],
			"to": [9.47, 1.26, 5.48],
			"rotation": {"angle": 0, "axis": "y", "origin": [8, 16.8, 8]},
			"faces": {
				"north": {"uv": [4, 3, 6.4, 6.4], "texture": "#4"},
				"east": {"uv": [4, 3, 6.4, 6.4], "texture": "#4"},
				"south": {"uv": [4, 3, 6.4, 6.4], "texture": "#4"},
				"west": {"uv": [4, 3, 6.4, 6.4], "texture": "#4"},
				"up": {"uv": [4, 3, 6.4, 6.4], "texture": "#4"},
				"down": {"uv": [4, 3, 6.4, 6.4], "texture": "#4"}
			}
		},
		{
			"name": "Cube",
			"from": [4.64, 0, 6.74],
			"to": [5.48, 1.26, 9.68],
			"rotation": {"angle": 0, "axis": "y", "origin": [8, 16.8, 8]},
			"faces": {
				"north": {"uv": [4, 3, 6.4, 6.4], "texture": "#4"},
				"east": {"uv": [4, 3, 6.4, 6.4], "texture": "#4"},
				"south": {"uv": [4, 3, 6.4, 6.4], "texture": "#4"},
				"west": {"uv": [4, 3, 6.4, 6.4], "texture": "#4"},
				"up": {"uv": [4, 3, 6.4, 6.4], "texture": "#4"},
				"down": {"uv": [4, 3, 6.4, 6.4], "texture": "#4"}
			}
		},
		{
			"name": "Cube",
			"from": [5.69, 2.1, 5.69],
			"to": [6.53, 9.66, 6.53],
			"rotation": {"angle": 0, "axis": "y", "origin": [8, 16.8, 8]},
			"faces": {
				"north": {"uv": [4, 3, 6.4, 6.4], "texture": "#4"},
				"east": {"uv": [4, 3, 6.4, 6.4], "texture": "#4"},
				"south": {"uv": [4, 3, 6.4, 6.4], "texture": "#4"},
				"west": {"uv": [4, 3, 6.4, 6.4], "texture": "#4"},
				"up": {"uv": [4, 3, 6.4, 6.4], "texture": "#4"},
				"down": {"uv": [4, 3, 6.4, 6.4], "texture": "#4"}
			}
		},
		{
			"name": "Cube",
			"from": [9.365, 2.1, 5.69],
			"to": [10.205, 9.66, 6.53],
			"rotation": {"angle": 0, "axis": "y", "origin": [11.675, 16.8, 8]},
			"faces": {
				"north": {"uv": [4, 3, 6.4, 6.4], "texture": "#4"},
				"east": {"uv": [4, 3, 6.4, 6.4], "texture": "#4"},
				"south": {"uv": [4, 3, 6.4, 6.4], "texture": "#4"},
				"west": {"uv": [4, 3, 6.4, 6.4], "texture": "#4"},
				"up": {"uv": [4, 3, 6.4, 6.4], "texture": "#4"},
				"down": {"uv": [4, 3, 6.4, 6.4], "texture": "#4"}
			}
		},
		{
			"name": "Cube",
			"from": [5.69, 2.1, 9.365],
			"to": [6.53, 9.66, 10.205],
			"rotation": {"angle": 0, "axis": "y", "origin": [8, 16.8, 8]},
			"faces": {
				"north": {"uv": [4, 3, 6.4, 6.4], "texture": "#4"},
				"east": {"uv": [4, 3, 6.4, 6.4], "texture": "#4"},
				"south": {"uv": [4, 3, 6.4, 6.4], "texture": "#4"},
				"west": {"uv": [4, 3, 6.4, 6.4], "texture": "#4"},
				"up": {"uv": [4, 3, 6.4, 6.4], "texture": "#4"},
				"down": {"uv": [4, 3, 6.4, 6.4], "texture": "#4"}
			}
		},
		{
			"name": "Cube",
			"from": [9.365, 2.1, 9.365],
			"to": [10.205, 9.66, 10.205],
			"rotation": {"angle": 0, "axis": "y", "origin": [11.675, 16.8, 8]},
			"faces": {
				"north": {"uv": [4, 3, 6.4, 6.4], "texture": "#4"},
				"east": {"uv": [4, 3, 6.4, 6.4], "texture": "#4"},
				"south": {"uv": [4, 3, 6.4, 6.4], "texture": "#4"},
				"west": {"uv": [4, 3, 6.4, 6.4], "texture": "#4"},
				"up": {"uv": [4, 3, 6.4, 6.4], "texture": "#4"},
				"down": {"uv": [4, 3, 6.4, 6.4], "texture": "#4"}
			}
		},
		{
			"name": "Cube",
			"from": [10.52, 0, 6.74],
			"to": [11.36, 1.26, 9.68],
			"rotation": {"angle": 0, "axis": "y", "origin": [8, 16.8, 8]},
			"faces": {
				"north": {"uv": [4, 3, 6.4, 6.4], "texture": "#4"},
				"east": {"uv": [4, 3, 6.4, 6.4], "texture": "#4"},
				"south": {"uv": [4, 3, 6.4, 6.4], "texture": "#4"},
				"west": {"uv": [4, 3, 6.4, 6.4], "texture": "#4"},
				"up": {"uv": [4, 3, 6.4, 6.4], "texture": "#4"},
				"down": {"uv": [4, 3, 6.4, 6.4], "texture": "#4"}
			}
		}
	],
	"display": {
		"thirdperson_righthand": {
			"rotation": [52, 0, 0],
			"translation": [0, 0, 1]
		},
		"firstperson_righthand": {
			"translation": [0, 6, 2]
		},
		"firstperson_lefthand": {
			"translation": [0, 6, 2.25]
		},
		"ground": {
			"translation": [0, 4.75, 0]
		},
		"gui": {
			"translation": [0, 8, 0],
			"scale": [1.78, 1.78, 1.78]
		},
		"head": {
			"translation": [0, 21, 0],
			"scale": [4, 4, 4]
		}
	}
}